Crate alloc Copy item path	https://doc.rust-lang.org/alloc/index.html
Crate core Copy item path	https://doc.rust-lang.org/core/index.html
Crate proc_macro Copy item path	https://doc.rust-lang.org/proc_macro/index.html
List of all items	https://doc.rust-lang.org/std/all.html
Function alloc Copy item path	https://doc.rust-lang.org/std/alloc/fn.alloc.html
Function alloc_zeroed Copy item path	https://doc.rust-lang.org/std/alloc/fn.alloc_zeroed.html
Function dealloc Copy item path	https://doc.rust-lang.org/std/alloc/fn.dealloc.html
Function handle_alloc_error Copy item path	https://doc.rust-lang.org/std/alloc/fn.handle_alloc_error.html
Function realloc Copy item path	https://doc.rust-lang.org/std/alloc/fn.realloc.html
Function set_alloc_error_hook Copy item path	https://doc.rust-lang.org/std/alloc/fn.set_alloc_error_hook.html
Function take_alloc_error_hook Copy item path	https://doc.rust-lang.org/std/alloc/fn.take_alloc_error_hook.html
Module alloc Copy item path	https://doc.rust-lang.org/std/alloc/index.html
Struct AllocError Copy item path	https://doc.rust-lang.org/std/alloc/struct.AllocError.html
Struct Global Copy item path	https://doc.rust-lang.org/std/alloc/struct.Global.html
Struct Layout Copy item path	https://doc.rust-lang.org/std/alloc/struct.Layout.html
Struct LayoutError Copy item path	https://doc.rust-lang.org/std/alloc/struct.LayoutError.html
Struct System Copy item path	https://doc.rust-lang.org/std/alloc/struct.System.html
Trait Allocator Copy item path	https://doc.rust-lang.org/std/alloc/trait.Allocator.html
Trait GlobalAlloc Copy item path	https://doc.rust-lang.org/std/alloc/trait.GlobalAlloc.html
Type Alias LayoutErr Copy item path	https://doc.rust-lang.org/std/alloc/type.LayoutErr.html
Function try_as_dyn Copy item path	https://doc.rust-lang.org/std/any/fn.try_as_dyn.html
Function try_as_dyn_mut Copy item path	https://doc.rust-lang.org/std/any/fn.try_as_dyn_mut.html
Function type_name Copy item path	https://doc.rust-lang.org/std/any/fn.type_name.html
Function type_name_of_val Copy item path	https://doc.rust-lang.org/std/any/fn.type_name_of_val.html
Module any Copy item path	https://doc.rust-lang.org/std/any/index.html
Struct TypeId Copy item path	https://doc.rust-lang.org/std/any/struct.TypeId.html
Trait Any Copy item path	https://doc.rust-lang.org/std/any/trait.Any.html
Module arch Copy item path	https://doc.rust-lang.org/std/arch/index.html
Macro is_aarch64_feature_detected Copy item path	https://doc.rust-lang.org/std/arch/macro.is_aarch64_feature_detected.html
Macro is_arm_feature_detected Copy item path	https://doc.rust-lang.org/std/arch/macro.is_arm_feature_detected.html
Macro is_loongarch_feature_detected Copy item path	https://doc.rust-lang.org/std/arch/macro.is_loongarch_feature_detected.html
Macro is_mips64_feature_detected Copy item path	https://doc.rust-lang.org/std/arch/macro.is_mips64_feature_detected.html
Macro is_mips_feature_detected Copy item path	https://doc.rust-lang.org/std/arch/macro.is_mips_feature_detected.html
Macro is_powerpc64_feature_detected Copy item path	https://doc.rust-lang.org/std/arch/macro.is_powerpc64_feature_detected.html
Macro is_powerpc_feature_detected Copy item path	https://doc.rust-lang.org/std/arch/macro.is_powerpc_feature_detected.html
Macro is_riscv_feature_detected Copy item path	https://doc.rust-lang.org/std/arch/macro.is_riscv_feature_detected.html
Macro is_s390x_feature_detected Copy item path	https://doc.rust-lang.org/std/arch/macro.is_s390x_feature_detected.html
Macro is_x86_feature_detected Copy item path	https://doc.rust-lang.org/std/arch/macro.is_x86_feature_detected.html
Function from_fn Copy item path	https://doc.rust-lang.org/std/array/fn.from_fn.html
Function from_mut Copy item path	https://doc.rust-lang.org/std/array/fn.from_mut.html
Function from_ref Copy item path	https://doc.rust-lang.org/std/array/fn.from_ref.html
Function repeat Copy item path	https://doc.rust-lang.org/std/array/fn.repeat.html
Function try_from_fn Copy item path	https://doc.rust-lang.org/std/array/fn.try_from_fn.html
Module array Copy item path	https://doc.rust-lang.org/std/array/index.html
Struct IntoIter Copy item path	https://doc.rust-lang.org/std/array/struct.IntoIter.html
Struct TryFromSliceError Copy item path	https://doc.rust-lang.org/std/array/struct.TryFromSliceError.html
Enum Char Copy item path	https://doc.rust-lang.org/std/ascii/enum.Char.html
Function escape_default Copy item path	https://doc.rust-lang.org/std/ascii/fn.escape_default.html
Module ascii Copy item path	https://doc.rust-lang.org/std/ascii/index.html
Struct EscapeDefault Copy item path	https://doc.rust-lang.org/std/ascii/struct.EscapeDefault.html
Trait AsciiExt Copy item path	https://doc.rust-lang.org/std/ascii/trait.AsciiExt.html
Function from_iter Copy item path	https://doc.rust-lang.org/std/async_iter/fn.from_iter.html
Struct FromIter Copy item path	https://doc.rust-lang.org/std/async_iter/struct.FromIter.html
Trait AsyncIterator Copy item path	https://doc.rust-lang.org/std/async_iter/trait.AsyncIterator.html
Trait IntoAsyncIterator Copy item path	https://doc.rust-lang.org/std/async_iter/trait.IntoAsyncIterator.html
Module autodiff Copy item path	https://doc.rust-lang.org/std/autodiff/index.html
Enum BacktraceStatus Copy item path	https://doc.rust-lang.org/std/backtrace/enum.BacktraceStatus.html
Module backtrace Copy item path	https://doc.rust-lang.org/std/backtrace/index.html
Struct Backtrace Copy item path	https://doc.rust-lang.org/std/backtrace/struct.Backtrace.html
Struct BacktraceFrame Copy item path	https://doc.rust-lang.org/std/backtrace/struct.BacktraceFrame.html
Enum Cow Copy item path	https://doc.rust-lang.org/std/borrow/enum.Cow.html
Module borrow Copy item path	https://doc.rust-lang.org/std/borrow/index.html
Trait Borrow Copy item path	https://doc.rust-lang.org/std/borrow/trait.Borrow.html
Trait BorrowMut Copy item path	https://doc.rust-lang.org/std/borrow/trait.BorrowMut.html
Trait ToOwned Copy item path	https://doc.rust-lang.org/std/borrow/trait.ToOwned.html
Module boxed Copy item path	https://doc.rust-lang.org/std/boxed/index.html
Struct Box Copy item path	https://doc.rust-lang.org/std/boxed/struct.Box.html
Struct ThinBox Copy item path	https://doc.rust-lang.org/std/boxed/struct.ThinBox.html
Module bstr Copy item path	https://doc.rust-lang.org/std/bstr/index.html
Struct ByteStr Copy item path	https://doc.rust-lang.org/std/bstr/struct.ByteStr.html
Struct ByteString Copy item path	https://doc.rust-lang.org/std/bstr/struct.ByteString.html
Module cell Copy item path	https://doc.rust-lang.org/std/cell/index.html
Struct BorrowError Copy item path	https://doc.rust-lang.org/std/cell/struct.BorrowError.html
Struct BorrowMutError Copy item path	https://doc.rust-lang.org/std/cell/struct.BorrowMutError.html
Struct Cell Copy item path	https://doc.rust-lang.org/std/cell/struct.Cell.html
Struct LazyCell Copy item path	https://doc.rust-lang.org/std/cell/struct.LazyCell.html
Struct OnceCell Copy item path	https://doc.rust-lang.org/std/cell/struct.OnceCell.html
Struct Ref Copy item path	https://doc.rust-lang.org/std/cell/struct.Ref.html
Struct RefCell Copy item path	https://doc.rust-lang.org/std/cell/struct.RefCell.html
Struct RefMut Copy item path	https://doc.rust-lang.org/std/cell/struct.RefMut.html
Struct SyncUnsafeCell Copy item path	https://doc.rust-lang.org/std/cell/struct.SyncUnsafeCell.html
Struct UnsafeCell Copy item path	https://doc.rust-lang.org/std/cell/struct.UnsafeCell.html
Trait CloneFromCell Copy item path	https://doc.rust-lang.org/std/cell/trait.CloneFromCell.html
Constant MAX Copy item path	https://doc.rust-lang.org/std/char/constant.MAX.html
Constant REPLACEMENT_CHARACTER Copy item path	https://doc.rust-lang.org/std/char/constant.REPLACEMENT_CHARACTER.html
Constant UNICODE_VERSION Copy item path	https://doc.rust-lang.org/std/char/constant.UNICODE_VERSION.html
Enum CharCase Copy item path	https://doc.rust-lang.org/std/char/enum.CharCase.html
Function decode_utf16 Copy item path	https://doc.rust-lang.org/std/char/fn.decode_utf16.html
Function from_digit Copy item path	https://doc.rust-lang.org/std/char/fn.from_digit.html
Function from_u32 Copy item path	https://doc.rust-lang.org/std/char/fn.from_u32.html
Function from_u32_unchecked Copy item path	https://doc.rust-lang.org/std/char/fn.from_u32_unchecked.html
Module char Copy item path	https://doc.rust-lang.org/std/char/index.html
Struct CharTryFromError Copy item path	https://doc.rust-lang.org/std/char/struct.CharTryFromError.html
Struct DecodeUtf16 Copy item path	https://doc.rust-lang.org/std/char/struct.DecodeUtf16.html
Struct DecodeUtf16Error Copy item path	https://doc.rust-lang.org/std/char/struct.DecodeUtf16Error.html
Struct EscapeDebug Copy item path	https://doc.rust-lang.org/std/char/struct.EscapeDebug.html
Struct EscapeDefault Copy item path	https://doc.rust-lang.org/std/char/struct.EscapeDefault.html
Struct EscapeUnicode Copy item path	https://doc.rust-lang.org/std/char/struct.EscapeUnicode.html
Struct ParseCharError Copy item path	https://doc.rust-lang.org/std/char/struct.ParseCharError.html
Struct ToCasefold Copy item path	https://doc.rust-lang.org/std/char/struct.ToCasefold.html
Struct ToLowercase Copy item path	https://doc.rust-lang.org/std/char/struct.ToLowercase.html
Struct ToTitlecase Copy item path	https://doc.rust-lang.org/std/char/struct.ToTitlecase.html
Struct ToUppercase Copy item path	https://doc.rust-lang.org/std/char/struct.ToUppercase.html
Struct TryFromCharError Copy item path	https://doc.rust-lang.org/std/char/struct.TryFromCharError.html
Derive Macro Clone Copy item path	https://doc.rust-lang.org/std/clone/derive.Clone.html
Module clone Copy item path	https://doc.rust-lang.org/std/clone/index.html
Trait Clone Copy item path	https://doc.rust-lang.org/std/clone/trait.Clone.html
Trait CloneToUninit Copy item path	https://doc.rust-lang.org/std/clone/trait.CloneToUninit.html
Trait Share Copy item path	https://doc.rust-lang.org/std/clone/trait.Share.html
Trait TrivialClone Copy item path	https://doc.rust-lang.org/std/clone/trait.TrivialClone.html
Trait UseCloned Copy item path	https://doc.rust-lang.org/std/clone/trait.UseCloned.html
Derive Macro Eq Copy item path	https://doc.rust-lang.org/std/cmp/derive.Eq.html
Derive Macro Ord Copy item path	https://doc.rust-lang.org/std/cmp/derive.Ord.html
Derive Macro PartialEq Copy item path	https://doc.rust-lang.org/std/cmp/derive.PartialEq.html
Derive Macro PartialOrd Copy item path	https://doc.rust-lang.org/std/cmp/derive.PartialOrd.html
Enum Ordering Copy item path	https://doc.rust-lang.org/std/cmp/enum.Ordering.html
Function max Copy item path	https://doc.rust-lang.org/std/cmp/fn.max.html
Function max_by Copy item path	https://doc.rust-lang.org/std/cmp/fn.max_by.html
Function max_by_key Copy item path	https://doc.rust-lang.org/std/cmp/fn.max_by_key.html
Function min Copy item path	https://doc.rust-lang.org/std/cmp/fn.min.html
Function min_by Copy item path	https://doc.rust-lang.org/std/cmp/fn.min_by.html
Function min_by_key Copy item path	https://doc.rust-lang.org/std/cmp/fn.min_by_key.html
Function minmax Copy item path	https://doc.rust-lang.org/std/cmp/fn.minmax.html
Function minmax_by Copy item path	https://doc.rust-lang.org/std/cmp/fn.minmax_by.html
Function minmax_by_key Copy item path	https://doc.rust-lang.org/std/cmp/fn.minmax_by_key.html
Module cmp Copy item path	https://doc.rust-lang.org/std/cmp/index.html
Struct Reverse Copy item path	https://doc.rust-lang.org/std/cmp/struct.Reverse.html
Trait Eq Copy item path	https://doc.rust-lang.org/std/cmp/trait.Eq.html
Trait Ord Copy item path	https://doc.rust-lang.org/std/cmp/trait.Ord.html
Trait PartialEq Copy item path	https://doc.rust-lang.org/std/cmp/trait.PartialEq.html
Trait PartialOrd Copy item path	https://doc.rust-lang.org/std/cmp/trait.PartialOrd.html
Struct BinaryHeap Copy item path	https://doc.rust-lang.org/std/collections/binary_heap/struct.BinaryHeap.html
Struct Drain Copy item path	https://doc.rust-lang.org/std/collections/binary_heap/struct.Drain.html
Struct DrainSorted Copy item path	https://doc.rust-lang.org/std/collections/binary_heap/struct.DrainSorted.html
Struct IntoIter Copy item path	https://doc.rust-lang.org/std/collections/binary_heap/struct.IntoIter.html
Struct IntoIterSorted Copy item path	https://doc.rust-lang.org/std/collections/binary_heap/struct.IntoIterSorted.html
Struct Iter Copy item path	https://doc.rust-lang.org/std/collections/binary_heap/struct.Iter.html
Struct PeekMut Copy item path	https://doc.rust-lang.org/std/collections/binary_heap/struct.PeekMut.html
Enum Entry Copy item path	https://doc.rust-lang.org/std/collections/btree_map/enum.Entry.html
Struct BTreeMap Copy item path	https://doc.rust-lang.org/std/collections/btree_map/struct.BTreeMap.html
Struct Cursor Copy item path	https://doc.rust-lang.org/std/collections/btree_map/struct.Cursor.html
Struct CursorMut Copy item path	https://doc.rust-lang.org/std/collections/btree_map/struct.CursorMut.html
Struct CursorMutKey Copy item path	https://doc.rust-lang.org/std/collections/btree_map/struct.CursorMutKey.html
Struct ExtractIf Copy item path	https://doc.rust-lang.org/std/collections/btree_map/struct.ExtractIf.html
Struct IntoIter Copy item path	https://doc.rust-lang.org/std/collections/btree_map/struct.IntoIter.html
Struct IntoKeys Copy item path	https://doc.rust-lang.org/std/collections/btree_map/struct.IntoKeys.html
Struct IntoValues Copy item path	https://doc.rust-lang.org/std/collections/btree_map/struct.IntoValues.html
Struct Iter Copy item path	https://doc.rust-lang.org/std/collections/btree_map/struct.Iter.html
Struct IterMut Copy item path	https://doc.rust-lang.org/std/collections/btree_map/struct.IterMut.html
Struct Keys Copy item path	https://doc.rust-lang.org/std/collections/btree_map/struct.Keys.html
Struct OccupiedEntry Copy item path	https://doc.rust-lang.org/std/collections/btree_map/struct.OccupiedEntry.html
Struct OccupiedError Copy item path	https://doc.rust-lang.org/std/collections/btree_map/struct.OccupiedError.html
Struct Range Copy item path	https://doc.rust-lang.org/std/collections/btree_map/struct.Range.html
Struct RangeMut Copy item path	https://doc.rust-lang.org/std/collections/btree_map/struct.RangeMut.html
Struct UnorderedKeyError Copy item path	https://doc.rust-lang.org/std/collections/btree_map/struct.UnorderedKeyError.html
Struct VacantEntry Copy item path	https://doc.rust-lang.org/std/collections/btree_map/struct.VacantEntry.html
Struct Values Copy item path	https://doc.rust-lang.org/std/collections/btree_map/struct.Values.html
Struct ValuesMut Copy item path	https://doc.rust-lang.org/std/collections/btree_map/struct.ValuesMut.html
Enum Entry Copy item path	https://doc.rust-lang.org/std/collections/btree_set/enum.Entry.html
Struct BTreeSet Copy item path	https://doc.rust-lang.org/std/collections/btree_set/struct.BTreeSet.html
Struct Cursor Copy item path	https://doc.rust-lang.org/std/collections/btree_set/struct.Cursor.html
Struct CursorMut Copy item path	https://doc.rust-lang.org/std/collections/btree_set/struct.CursorMut.html
Struct CursorMutKey Copy item path	https://doc.rust-lang.org/std/collections/btree_set/struct.CursorMutKey.html
Struct Difference Copy item path	https://doc.rust-lang.org/std/collections/btree_set/struct.Difference.html
Struct ExtractIf Copy item path	https://doc.rust-lang.org/std/collections/btree_set/struct.ExtractIf.html
Struct Intersection Copy item path	https://doc.rust-lang.org/std/collections/btree_set/struct.Intersection.html
Struct IntoIter Copy item path	https://doc.rust-lang.org/std/collections/btree_set/struct.IntoIter.html
Struct Iter Copy item path	https://doc.rust-lang.org/std/collections/btree_set/struct.Iter.html
Struct OccupiedEntry Copy item path	https://doc.rust-lang.org/std/collections/btree_set/struct.OccupiedEntry.html
Struct Range Copy item path	https://doc.rust-lang.org/std/collections/btree_set/struct.Range.html
Struct SymmetricDifference Copy item path	https://doc.rust-lang.org/std/collections/btree_set/struct.SymmetricDifference.html
Struct Union Copy item path	https://doc.rust-lang.org/std/collections/btree_set/struct.Union.html
Struct UnorderedKeyError Copy item path	https://doc.rust-lang.org/std/collections/btree_set/struct.UnorderedKeyError.html
Struct VacantEntry Copy item path	https://doc.rust-lang.org/std/collections/btree_set/struct.VacantEntry.html
Enum TryReserveErrorKind Copy item path	https://doc.rust-lang.org/std/collections/enum.TryReserveErrorKind.html
Enum Entry Copy item path	https://doc.rust-lang.org/std/collections/hash_map/enum.Entry.html
Struct DefaultHasher Copy item path	https://doc.rust-lang.org/std/collections/hash_map/struct.DefaultHasher.html
Struct Drain Copy item path	https://doc.rust-lang.org/std/collections/hash_map/struct.Drain.html
Struct ExtractIf Copy item path	https://doc.rust-lang.org/std/collections/hash_map/struct.ExtractIf.html
Struct HashMap Copy item path	https://doc.rust-lang.org/std/collections/hash_map/struct.HashMap.html
Struct IntoIter Copy item path	https://doc.rust-lang.org/std/collections/hash_map/struct.IntoIter.html
Struct IntoKeys Copy item path	https://doc.rust-lang.org/std/collections/hash_map/struct.IntoKeys.html
Struct IntoValues Copy item path	https://doc.rust-lang.org/std/collections/hash_map/struct.IntoValues.html
Struct Iter Copy item path	https://doc.rust-lang.org/std/collections/hash_map/struct.Iter.html
Struct IterMut Copy item path	https://doc.rust-lang.org/std/collections/hash_map/struct.IterMut.html
Struct Keys Copy item path	https://doc.rust-lang.org/std/collections/hash_map/struct.Keys.html
Struct OccupiedEntry Copy item path	https://doc.rust-lang.org/std/collections/hash_map/struct.OccupiedEntry.html
Struct OccupiedError Copy item path	https://doc.rust-lang.org/std/collections/hash_map/struct.OccupiedError.html
Struct RandomState Copy item path	https://doc.rust-lang.org/std/collections/hash_map/struct.RandomState.html
Struct VacantEntry Copy item path	https://doc.rust-lang.org/std/collections/hash_map/struct.VacantEntry.html
Struct Values Copy item path	https://doc.rust-lang.org/std/collections/hash_map/struct.Values.html
Struct ValuesMut Copy item path	https://doc.rust-lang.org/std/collections/hash_map/struct.ValuesMut.html
Enum Entry Copy item path	https://doc.rust-lang.org/std/collections/hash_set/enum.Entry.html
Struct Difference Copy item path	https://doc.rust-lang.org/std/collections/hash_set/struct.Difference.html
Struct Drain Copy item path	https://doc.rust-lang.org/std/collections/hash_set/struct.Drain.html
Struct ExtractIf Copy item path	https://doc.rust-lang.org/std/collections/hash_set/struct.ExtractIf.html
Struct HashSet Copy item path	https://doc.rust-lang.org/std/collections/hash_set/struct.HashSet.html
Struct Intersection Copy item path	https://doc.rust-lang.org/std/collections/hash_set/struct.Intersection.html
Struct IntoIter Copy item path	https://doc.rust-lang.org/std/collections/hash_set/struct.IntoIter.html
Struct Iter Copy item path	https://doc.rust-lang.org/std/collections/hash_set/struct.Iter.html
Struct OccupiedEntry Copy item path	https://doc.rust-lang.org/std/collections/hash_set/struct.OccupiedEntry.html
Struct SymmetricDifference Copy item path	https://doc.rust-lang.org/std/collections/hash_set/struct.SymmetricDifference.html
Struct Union Copy item path	https://doc.rust-lang.org/std/collections/hash_set/struct.Union.html
Struct VacantEntry Copy item path	https://doc.rust-lang.org/std/collections/hash_set/struct.VacantEntry.html
Module collections Copy item path	https://doc.rust-lang.org/std/collections/index.html
Struct Cursor Copy item path	https://doc.rust-lang.org/std/collections/linked_list/struct.Cursor.html
Struct CursorMut Copy item path	https://doc.rust-lang.org/std/collections/linked_list/struct.CursorMut.html
Struct ExtractIf Copy item path	https://doc.rust-lang.org/std/collections/linked_list/struct.ExtractIf.html
Struct IntoIter Copy item path	https://doc.rust-lang.org/std/collections/linked_list/struct.IntoIter.html
Struct Iter Copy item path	https://doc.rust-lang.org/std/collections/linked_list/struct.Iter.html
Struct IterMut Copy item path	https://doc.rust-lang.org/std/collections/linked_list/struct.IterMut.html
Struct LinkedList Copy item path	https://doc.rust-lang.org/std/collections/linked_list/struct.LinkedList.html
Struct BTreeMap Copy item path	https://doc.rust-lang.org/std/collections/struct.BTreeMap.html
Struct BTreeSet Copy item path	https://doc.rust-lang.org/std/collections/struct.BTreeSet.html
Struct BinaryHeap Copy item path	https://doc.rust-lang.org/std/collections/struct.BinaryHeap.html
Struct HashMap Copy item path	https://doc.rust-lang.org/std/collections/struct.HashMap.html
Struct HashSet Copy item path	https://doc.rust-lang.org/std/collections/struct.HashSet.html
Struct LinkedList Copy item path	https://doc.rust-lang.org/std/collections/struct.LinkedList.html
Struct TryReserveError Copy item path	https://doc.rust-lang.org/std/collections/struct.TryReserveError.html
Struct VecDeque Copy item path	https://doc.rust-lang.org/std/collections/struct.VecDeque.html
Struct Drain Copy item path	https://doc.rust-lang.org/std/collections/vec_deque/struct.Drain.html
Struct ExtractIf Copy item path	https://doc.rust-lang.org/std/collections/vec_deque/struct.ExtractIf.html
Struct IntoIter Copy item path	https://doc.rust-lang.org/std/collections/vec_deque/struct.IntoIter.html
Struct Iter Copy item path	https://doc.rust-lang.org/std/collections/vec_deque/struct.Iter.html
Struct IterMut Copy item path	https://doc.rust-lang.org/std/collections/vec_deque/struct.IterMut.html
Struct Splice Copy item path	https://doc.rust-lang.org/std/collections/vec_deque/struct.Splice.html
Struct VecDeque Copy item path	https://doc.rust-lang.org/std/collections/vec_deque/struct.VecDeque.html
Enum Infallible Copy item path	https://doc.rust-lang.org/std/convert/enum.Infallible.html
Function identity Copy item path	https://doc.rust-lang.org/std/convert/fn.identity.html
Module convert Copy item path	https://doc.rust-lang.org/std/convert/index.html
Trait AsMut Copy item path	https://doc.rust-lang.org/std/convert/trait.AsMut.html
Trait AsRef Copy item path	https://doc.rust-lang.org/std/convert/trait.AsRef.html
Trait BoundedCastFromInt Copy item path	https://doc.rust-lang.org/std/convert/trait.BoundedCastFromInt.html
Trait CheckedCastFromInt Copy item path	https://doc.rust-lang.org/std/convert/trait.CheckedCastFromInt.html
Trait FloatToInt Copy item path	https://doc.rust-lang.org/std/convert/trait.FloatToInt.html
Trait From Copy item path	https://doc.rust-lang.org/std/convert/trait.From.html
Trait Into Copy item path	https://doc.rust-lang.org/std/convert/trait.Into.html
Trait TryFrom Copy item path	https://doc.rust-lang.org/std/convert/trait.TryFrom.html
Trait TryInto Copy item path	https://doc.rust-lang.org/std/convert/trait.TryInto.html
Derive Macro Default Copy item path	https://doc.rust-lang.org/std/default/derive.Default.html
Module default Copy item path	https://doc.rust-lang.org/std/default/index.html
Trait Default Copy item path	https://doc.rust-lang.org/std/default/trait.Default.html
Constant ARCH Copy item path	https://doc.rust-lang.org/std/env/consts/constant.ARCH.html
Constant DLL_EXTENSION Copy item path	https://doc.rust-lang.org/std/env/consts/constant.DLL_EXTENSION.html
Constant DLL_PREFIX Copy item path	https://doc.rust-lang.org/std/env/consts/constant.DLL_PREFIX.html
Constant DLL_SUFFIX Copy item path	https://doc.rust-lang.org/std/env/consts/constant.DLL_SUFFIX.html
Constant EXE_EXTENSION Copy item path	https://doc.rust-lang.org/std/env/consts/constant.EXE_EXTENSION.html
Constant EXE_SUFFIX Copy item path	https://doc.rust-lang.org/std/env/consts/constant.EXE_SUFFIX.html
Constant FAMILY Copy item path	https://doc.rust-lang.org/std/env/consts/constant.FAMILY.html
Constant OS Copy item path	https://doc.rust-lang.org/std/env/consts/constant.OS.html
Enum VarError Copy item path	https://doc.rust-lang.org/std/env/enum.VarError.html
Function args Copy item path	https://doc.rust-lang.org/std/env/fn.args.html
Function args_os Copy item path	https://doc.rust-lang.org/std/env/fn.args_os.html
Function current_dir Copy item path	https://doc.rust-lang.org/std/env/fn.current_dir.html
Function current_exe Copy item path	https://doc.rust-lang.org/std/env/fn.current_exe.html
Function home_dir Copy item path	https://doc.rust-lang.org/std/env/fn.home_dir.html
Function join_paths Copy item path	https://doc.rust-lang.org/std/env/fn.join_paths.html
Function remove_var Copy item path	https://doc.rust-lang.org/std/env/fn.remove_var.html
Function set_current_dir Copy item path	https://doc.rust-lang.org/std/env/fn.set_current_dir.html
Function set_var Copy item path	https://doc.rust-lang.org/std/env/fn.set_var.html
Function split_paths Copy item path	https://doc.rust-lang.org/std/env/fn.split_paths.html
Function temp_dir Copy item path	https://doc.rust-lang.org/std/env/fn.temp_dir.html
Function var Copy item path	https://doc.rust-lang.org/std/env/fn.var.html
Function var_os Copy item path	https://doc.rust-lang.org/std/env/fn.var_os.html
Function vars Copy item path	https://doc.rust-lang.org/std/env/fn.vars.html
Function vars_os Copy item path	https://doc.rust-lang.org/std/env/fn.vars_os.html
Module env Copy item path	https://doc.rust-lang.org/std/env/index.html
Struct Args Copy item path	https://doc.rust-lang.org/std/env/struct.Args.html
Struct ArgsOs Copy item path	https://doc.rust-lang.org/std/env/struct.ArgsOs.html
Struct JoinPathsError Copy item path	https://doc.rust-lang.org/std/env/struct.JoinPathsError.html
Struct SplitPaths Copy item path	https://doc.rust-lang.org/std/env/struct.SplitPaths.html
Struct Vars Copy item path	https://doc.rust-lang.org/std/env/struct.Vars.html
Struct VarsOs Copy item path	https://doc.rust-lang.org/std/env/struct.VarsOs.html
Function request_ref Copy item path	https://doc.rust-lang.org/std/error/fn.request_ref.html
Function request_value Copy item path	https://doc.rust-lang.org/std/error/fn.request_value.html
Module error Copy item path	https://doc.rust-lang.org/std/error/index.html
Struct Report Copy item path	https://doc.rust-lang.org/std/error/struct.Report.html
Struct Request Copy item path	https://doc.rust-lang.org/std/error/struct.Request.html
Trait Error Copy item path	https://doc.rust-lang.org/std/error/trait.Error.html
Constant E Copy item path	https://doc.rust-lang.org/std/f128/consts/constant.E.html
Constant EULER_GAMMA Copy item path	https://doc.rust-lang.org/std/f128/consts/constant.EULER_GAMMA.html
Constant FRAC_1_PI Copy item path	https://doc.rust-lang.org/std/f128/consts/constant.FRAC_1_PI.html
Constant FRAC_1_SQRT_2 Copy item path	https://doc.rust-lang.org/std/f128/consts/constant.FRAC_1_SQRT_2.html
Constant FRAC_1_SQRT_2PI Copy item path	https://doc.rust-lang.org/std/f128/consts/constant.FRAC_1_SQRT_2PI.html
Constant FRAC_1_SQRT_3 Copy item path	https://doc.rust-lang.org/std/f128/consts/constant.FRAC_1_SQRT_3.html
Constant FRAC_1_SQRT_5 Copy item path	https://doc.rust-lang.org/std/f128/consts/constant.FRAC_1_SQRT_5.html
Constant FRAC_1_SQRT_PI Copy item path	https://doc.rust-lang.org/std/f128/consts/constant.FRAC_1_SQRT_PI.html
Constant FRAC_2_PI Copy item path	https://doc.rust-lang.org/std/f128/consts/constant.FRAC_2_PI.html
Constant FRAC_2_SQRT_PI Copy item path	https://doc.rust-lang.org/std/f128/consts/constant.FRAC_2_SQRT_PI.html
Constant FRAC_PI_2 Copy item path	https://doc.rust-lang.org/std/f128/consts/constant.FRAC_PI_2.html
Constant FRAC_PI_3 Copy item path	https://doc.rust-lang.org/std/f128/consts/constant.FRAC_PI_3.html
Constant FRAC_PI_4 Copy item path	https://doc.rust-lang.org/std/f128/consts/constant.FRAC_PI_4.html
Constant FRAC_PI_6 Copy item path	https://doc.rust-lang.org/std/f128/consts/constant.FRAC_PI_6.html
Constant FRAC_PI_8 Copy item path	https://doc.rust-lang.org/std/f128/consts/constant.FRAC_PI_8.html
Constant GOLDEN_RATIO Copy item path	https://doc.rust-lang.org/std/f128/consts/constant.GOLDEN_RATIO.html
Constant LN_10 Copy item path	https://doc.rust-lang.org/std/f128/consts/constant.LN_10.html
Constant LN_2 Copy item path	https://doc.rust-lang.org/std/f128/consts/constant.LN_2.html
Constant LOG10_2 Copy item path	https://doc.rust-lang.org/std/f128/consts/constant.LOG10_2.html
Constant LOG10_E Copy item path	https://doc.rust-lang.org/std/f128/consts/constant.LOG10_E.html
Constant LOG2_10 Copy item path	https://doc.rust-lang.org/std/f128/consts/constant.LOG2_10.html
Constant LOG2_E Copy item path	https://doc.rust-lang.org/std/f128/consts/constant.LOG2_E.html
Constant PI Copy item path	https://doc.rust-lang.org/std/f128/consts/constant.PI.html
Constant SQRT_2 Copy item path	https://doc.rust-lang.org/std/f128/consts/constant.SQRT_2.html
Constant SQRT_3 Copy item path	https://doc.rust-lang.org/std/f128/consts/constant.SQRT_3.html
Constant SQRT_5 Copy item path	https://doc.rust-lang.org/std/f128/consts/constant.SQRT_5.html
Constant TAU Copy item path	https://doc.rust-lang.org/std/f128/consts/constant.TAU.html
Constant E Copy item path	https://doc.rust-lang.org/std/f16/consts/constant.E.html
Constant EULER_GAMMA Copy item path	https://doc.rust-lang.org/std/f16/consts/constant.EULER_GAMMA.html
Constant FRAC_1_PI Copy item path	https://doc.rust-lang.org/std/f16/consts/constant.FRAC_1_PI.html
Constant FRAC_1_SQRT_2 Copy item path	https://doc.rust-lang.org/std/f16/consts/constant.FRAC_1_SQRT_2.html
Constant FRAC_1_SQRT_2PI Copy item path	https://doc.rust-lang.org/std/f16/consts/constant.FRAC_1_SQRT_2PI.html
Constant FRAC_1_SQRT_3 Copy item path	https://doc.rust-lang.org/std/f16/consts/constant.FRAC_1_SQRT_3.html
Constant FRAC_1_SQRT_5 Copy item path	https://doc.rust-lang.org/std/f16/consts/constant.FRAC_1_SQRT_5.html
Constant FRAC_1_SQRT_PI Copy item path	https://doc.rust-lang.org/std/f16/consts/constant.FRAC_1_SQRT_PI.html
Constant FRAC_2_PI Copy item path	https://doc.rust-lang.org/std/f16/consts/constant.FRAC_2_PI.html
Constant FRAC_2_SQRT_PI Copy item path	https://doc.rust-lang.org/std/f16/consts/constant.FRAC_2_SQRT_PI.html
Constant FRAC_PI_2 Copy item path	https://doc.rust-lang.org/std/f16/consts/constant.FRAC_PI_2.html
Constant FRAC_PI_3 Copy item path	https://doc.rust-lang.org/std/f16/consts/constant.FRAC_PI_3.html
Constant FRAC_PI_4 Copy item path	https://doc.rust-lang.org/std/f16/consts/constant.FRAC_PI_4.html
Constant FRAC_PI_6 Copy item path	https://doc.rust-lang.org/std/f16/consts/constant.FRAC_PI_6.html
Constant FRAC_PI_8 Copy item path	https://doc.rust-lang.org/std/f16/consts/constant.FRAC_PI_8.html
Constant GOLDEN_RATIO Copy item path	https://doc.rust-lang.org/std/f16/consts/constant.GOLDEN_RATIO.html
Constant LN_10 Copy item path	https://doc.rust-lang.org/std/f16/consts/constant.LN_10.html
Constant LN_2 Copy item path	https://doc.rust-lang.org/std/f16/consts/constant.LN_2.html
Constant LOG10_2 Copy item path	https://doc.rust-lang.org/std/f16/consts/constant.LOG10_2.html
Constant LOG10_E Copy item path	https://doc.rust-lang.org/std/f16/consts/constant.LOG10_E.html
Constant LOG2_10 Copy item path	https://doc.rust-lang.org/std/f16/consts/constant.LOG2_10.html
Constant LOG2_E Copy item path	https://doc.rust-lang.org/std/f16/consts/constant.LOG2_E.html
Constant PI Copy item path	https://doc.rust-lang.org/std/f16/consts/constant.PI.html
Constant SQRT_2 Copy item path	https://doc.rust-lang.org/std/f16/consts/constant.SQRT_2.html
Constant SQRT_3 Copy item path	https://doc.rust-lang.org/std/f16/consts/constant.SQRT_3.html
Constant SQRT_5 Copy item path	https://doc.rust-lang.org/std/f16/consts/constant.SQRT_5.html
Constant TAU Copy item path	https://doc.rust-lang.org/std/f16/consts/constant.TAU.html
Constant DIGITS Copy item path	https://doc.rust-lang.org/std/f32/constant.DIGITS.html
Constant EPSILON Copy item path	https://doc.rust-lang.org/std/f32/constant.EPSILON.html
Constant INFINITY Copy item path	https://doc.rust-lang.org/std/f32/constant.INFINITY.html
Constant MANTISSA_DIGITS Copy item path	https://doc.rust-lang.org/std/f32/constant.MANTISSA_DIGITS.html
Constant MAX Copy item path	https://doc.rust-lang.org/std/f32/constant.MAX.html
Constant MAX_10_EXP Copy item path	https://doc.rust-lang.org/std/f32/constant.MAX_10_EXP.html
Constant MAX_EXP Copy item path	https://doc.rust-lang.org/std/f32/constant.MAX_EXP.html
Constant MIN Copy item path	https://doc.rust-lang.org/std/f32/constant.MIN.html
Constant MIN_10_EXP Copy item path	https://doc.rust-lang.org/std/f32/constant.MIN_10_EXP.html
Constant MIN_EXP Copy item path	https://doc.rust-lang.org/std/f32/constant.MIN_EXP.html
Constant MIN_POSITIVE Copy item path	https://doc.rust-lang.org/std/f32/constant.MIN_POSITIVE.html
Constant NAN Copy item path	https://doc.rust-lang.org/std/f32/constant.NAN.html
Constant NEG_INFINITY Copy item path	https://doc.rust-lang.org/std/f32/constant.NEG_INFINITY.html
Constant RADIX Copy item path	https://doc.rust-lang.org/std/f32/constant.RADIX.html
Constant E Copy item path	https://doc.rust-lang.org/std/f32/consts/constant.E.html
Constant EULER_GAMMA Copy item path	https://doc.rust-lang.org/std/f32/consts/constant.EULER_GAMMA.html
Constant FRAC_1_PI Copy item path	https://doc.rust-lang.org/std/f32/consts/constant.FRAC_1_PI.html
Constant FRAC_1_SQRT_2 Copy item path	https://doc.rust-lang.org/std/f32/consts/constant.FRAC_1_SQRT_2.html
Constant FRAC_1_SQRT_2PI Copy item path	https://doc.rust-lang.org/std/f32/consts/constant.FRAC_1_SQRT_2PI.html
Constant FRAC_1_SQRT_3 Copy item path	https://doc.rust-lang.org/std/f32/consts/constant.FRAC_1_SQRT_3.html
Constant FRAC_1_SQRT_5 Copy item path	https://doc.rust-lang.org/std/f32/consts/constant.FRAC_1_SQRT_5.html
Constant FRAC_1_SQRT_PI Copy item path	https://doc.rust-lang.org/std/f32/consts/constant.FRAC_1_SQRT_PI.html
Constant FRAC_2_PI Copy item path	https://doc.rust-lang.org/std/f32/consts/constant.FRAC_2_PI.html
Constant FRAC_2_SQRT_PI Copy item path	https://doc.rust-lang.org/std/f32/consts/constant.FRAC_2_SQRT_PI.html
Constant FRAC_PI_2 Copy item path	https://doc.rust-lang.org/std/f32/consts/constant.FRAC_PI_2.html
Constant FRAC_PI_3 Copy item path	https://doc.rust-lang.org/std/f32/consts/constant.FRAC_PI_3.html
Constant FRAC_PI_4 Copy item path	https://doc.rust-lang.org/std/f32/consts/constant.FRAC_PI_4.html
Constant FRAC_PI_6 Copy item path	https://doc.rust-lang.org/std/f32/consts/constant.FRAC_PI_6.html
Constant FRAC_PI_8 Copy item path	https://doc.rust-lang.org/std/f32/consts/constant.FRAC_PI_8.html
Constant GOLDEN_RATIO Copy item path	https://doc.rust-lang.org/std/f32/consts/constant.GOLDEN_RATIO.html
Constant LN_10 Copy item path	https://doc.rust-lang.org/std/f32/consts/constant.LN_10.html
Constant LN_2 Copy item path	https://doc.rust-lang.org/std/f32/consts/constant.LN_2.html
Constant LOG10_2 Copy item path	https://doc.rust-lang.org/std/f32/consts/constant.LOG10_2.html
Constant LOG10_E Copy item path	https://doc.rust-lang.org/std/f32/consts/constant.LOG10_E.html
Constant LOG2_10 Copy item path	https://doc.rust-lang.org/std/f32/consts/constant.LOG2_10.html
Constant LOG2_E Copy item path	https://doc.rust-lang.org/std/f32/consts/constant.LOG2_E.html
Constant PI Copy item path	https://doc.rust-lang.org/std/f32/consts/constant.PI.html
Constant SQRT_2 Copy item path	https://doc.rust-lang.org/std/f32/consts/constant.SQRT_2.html
Constant SQRT_3 Copy item path	https://doc.rust-lang.org/std/f32/consts/constant.SQRT_3.html
Constant SQRT_5 Copy item path	https://doc.rust-lang.org/std/f32/consts/constant.SQRT_5.html
Constant TAU Copy item path	https://doc.rust-lang.org/std/f32/consts/constant.TAU.html
Constant DIGITS Copy item path	https://doc.rust-lang.org/std/f64/constant.DIGITS.html
Constant EPSILON Copy item path	https://doc.rust-lang.org/std/f64/constant.EPSILON.html
Constant INFINITY Copy item path	https://doc.rust-lang.org/std/f64/constant.INFINITY.html
Constant MANTISSA_DIGITS Copy item path	https://doc.rust-lang.org/std/f64/constant.MANTISSA_DIGITS.html
Constant MAX Copy item path	https://doc.rust-lang.org/std/f64/constant.MAX.html
Constant MAX_10_EXP Copy item path	https://doc.rust-lang.org/std/f64/constant.MAX_10_EXP.html
Constant MAX_EXP Copy item path	https://doc.rust-lang.org/std/f64/constant.MAX_EXP.html
Constant MIN Copy item path	https://doc.rust-lang.org/std/f64/constant.MIN.html
Constant MIN_10_EXP Copy item path	https://doc.rust-lang.org/std/f64/constant.MIN_10_EXP.html
Constant MIN_EXP Copy item path	https://doc.rust-lang.org/std/f64/constant.MIN_EXP.html
Constant MIN_POSITIVE Copy item path	https://doc.rust-lang.org/std/f64/constant.MIN_POSITIVE.html
Constant NAN Copy item path	https://doc.rust-lang.org/std/f64/constant.NAN.html
Constant NEG_INFINITY Copy item path	https://doc.rust-lang.org/std/f64/constant.NEG_INFINITY.html
Constant RADIX Copy item path	https://doc.rust-lang.org/std/f64/constant.RADIX.html
Constant E Copy item path	https://doc.rust-lang.org/std/f64/consts/constant.E.html
Constant EULER_GAMMA Copy item path	https://doc.rust-lang.org/std/f64/consts/constant.EULER_GAMMA.html
Constant FRAC_1_PI Copy item path	https://doc.rust-lang.org/std/f64/consts/constant.FRAC_1_PI.html
Constant FRAC_1_SQRT_2 Copy item path	https://doc.rust-lang.org/std/f64/consts/constant.FRAC_1_SQRT_2.html
Constant FRAC_1_SQRT_2PI Copy item path	https://doc.rust-lang.org/std/f64/consts/constant.FRAC_1_SQRT_2PI.html
Constant FRAC_1_SQRT_3 Copy item path	https://doc.rust-lang.org/std/f64/consts/constant.FRAC_1_SQRT_3.html
Constant FRAC_1_SQRT_5 Copy item path	https://doc.rust-lang.org/std/f64/consts/constant.FRAC_1_SQRT_5.html
Constant FRAC_1_SQRT_PI Copy item path	https://doc.rust-lang.org/std/f64/consts/constant.FRAC_1_SQRT_PI.html
Constant FRAC_2_PI Copy item path	https://doc.rust-lang.org/std/f64/consts/constant.FRAC_2_PI.html
Constant FRAC_2_SQRT_PI Copy item path	https://doc.rust-lang.org/std/f64/consts/constant.FRAC_2_SQRT_PI.html
Constant FRAC_PI_2 Copy item path	https://doc.rust-lang.org/std/f64/consts/constant.FRAC_PI_2.html
Constant FRAC_PI_3 Copy item path	https://doc.rust-lang.org/std/f64/consts/constant.FRAC_PI_3.html
Constant FRAC_PI_4 Copy item path	https://doc.rust-lang.org/std/f64/consts/constant.FRAC_PI_4.html
Constant FRAC_PI_6 Copy item path	https://doc.rust-lang.org/std/f64/consts/constant.FRAC_PI_6.html
Constant FRAC_PI_8 Copy item path	https://doc.rust-lang.org/std/f64/consts/constant.FRAC_PI_8.html
Constant GOLDEN_RATIO Copy item path	https://doc.rust-lang.org/std/f64/consts/constant.GOLDEN_RATIO.html
Constant LN_10 Copy item path	https://doc.rust-lang.org/std/f64/consts/constant.LN_10.html
Constant LN_2 Copy item path	https://doc.rust-lang.org/std/f64/consts/constant.LN_2.html
Constant LOG10_2 Copy item path	https://doc.rust-lang.org/std/f64/consts/constant.LOG10_2.html
Constant LOG10_E Copy item path	https://doc.rust-lang.org/std/f64/consts/constant.LOG10_E.html
Constant LOG2_10 Copy item path	https://doc.rust-lang.org/std/f64/consts/constant.LOG2_10.html
Constant LOG2_E Copy item path	https://doc.rust-lang.org/std/f64/consts/constant.LOG2_E.html
Constant PI Copy item path	https://doc.rust-lang.org/std/f64/consts/constant.PI.html
Constant SQRT_2 Copy item path	https://doc.rust-lang.org/std/f64/consts/constant.SQRT_2.html
Constant SQRT_3 Copy item path	https://doc.rust-lang.org/std/f64/consts/constant.SQRT_3.html
Constant SQRT_5 Copy item path	https://doc.rust-lang.org/std/f64/consts/constant.SQRT_5.html
Constant TAU Copy item path	https://doc.rust-lang.org/std/f64/consts/constant.TAU.html
Enum FromBytesWithNulError Copy item path	https://doc.rust-lang.org/std/ffi/c_str/enum.FromBytesWithNulError.html
Struct CStr Copy item path	https://doc.rust-lang.org/std/ffi/c_str/struct.CStr.html
Struct CString Copy item path	https://doc.rust-lang.org/std/ffi/c_str/struct.CString.html
Struct FromBytesUntilNulError Copy item path	https://doc.rust-lang.org/std/ffi/c_str/struct.FromBytesUntilNulError.html
Struct FromVecWithNulError Copy item path	https://doc.rust-lang.org/std/ffi/c_str/struct.FromVecWithNulError.html
Struct IntoStringError Copy item path	https://doc.rust-lang.org/std/ffi/c_str/struct.IntoStringError.html
Struct NulError Copy item path	https://doc.rust-lang.org/std/ffi/c_str/struct.NulError.html
Enum FromBytesWithNulError Copy item path	https://doc.rust-lang.org/std/ffi/enum.FromBytesWithNulError.html
Enum c_void Copy item path	https://doc.rust-lang.org/std/ffi/enum.c_void.html
Module ffi Copy item path	https://doc.rust-lang.org/std/ffi/index.html
Struct Display Copy item path	https://doc.rust-lang.org/std/ffi/os_str/struct.Display.html
Struct OsStr Copy item path	https://doc.rust-lang.org/std/ffi/os_str/struct.OsStr.html
Struct OsString Copy item path	https://doc.rust-lang.org/std/ffi/os_str/struct.OsString.html
Struct CStr Copy item path	https://doc.rust-lang.org/std/ffi/struct.CStr.html
Struct CString Copy item path	https://doc.rust-lang.org/std/ffi/struct.CString.html
Struct FromBytesUntilNulError Copy item path	https://doc.rust-lang.org/std/ffi/struct.FromBytesUntilNulError.html
Struct FromVecWithNulError Copy item path	https://doc.rust-lang.org/std/ffi/struct.FromVecWithNulError.html
Struct IntoStringError Copy item path	https://doc.rust-lang.org/std/ffi/struct.IntoStringError.html
Struct NulError Copy item path	https://doc.rust-lang.org/std/ffi/struct.NulError.html
Struct OsStr Copy item path	https://doc.rust-lang.org/std/ffi/struct.OsStr.html
Struct OsString Copy item path	https://doc.rust-lang.org/std/ffi/struct.OsString.html
Struct VaList Copy item path	https://doc.rust-lang.org/std/ffi/struct.VaList.html
Trait VaArgSafe Copy item path	https://doc.rust-lang.org/std/ffi/trait.VaArgSafe.html
Type Alias c_char Copy item path	https://doc.rust-lang.org/std/ffi/type.c_char.html
Type Alias c_double Copy item path	https://doc.rust-lang.org/std/ffi/type.c_double.html
Type Alias c_float Copy item path	https://doc.rust-lang.org/std/ffi/type.c_float.html
Type Alias c_int Copy item path	https://doc.rust-lang.org/std/ffi/type.c_int.html
Type Alias c_long Copy item path	https://doc.rust-lang.org/std/ffi/type.c_long.html
Type Alias c_longlong Copy item path	https://doc.rust-lang.org/std/ffi/type.c_longlong.html
Type Alias c_ptrdiff_t Copy item path	https://doc.rust-lang.org/std/ffi/type.c_ptrdiff_t.html
Type Alias c_schar Copy item path	https://doc.rust-lang.org/std/ffi/type.c_schar.html
Type Alias c_short Copy item path	https://doc.rust-lang.org/std/ffi/type.c_short.html
Type Alias c_size_t Copy item path	https://doc.rust-lang.org/std/ffi/type.c_size_t.html
Type Alias c_ssize_t Copy item path	https://doc.rust-lang.org/std/ffi/type.c_ssize_t.html
Type Alias c_uchar Copy item path	https://doc.rust-lang.org/std/ffi/type.c_uchar.html
Type Alias c_uint Copy item path	https://doc.rust-lang.org/std/ffi/type.c_uint.html
Type Alias c_ulong Copy item path	https://doc.rust-lang.org/std/ffi/type.c_ulong.html
Type Alias c_ulonglong Copy item path	https://doc.rust-lang.org/std/ffi/type.c_ulonglong.html
Type Alias c_ushort Copy item path	https://doc.rust-lang.org/std/ffi/type.c_ushort.html
Module field Copy item path	https://doc.rust-lang.org/std/field/index.html
Macro field_of Copy item path	https://doc.rust-lang.org/std/field/macro.field_of.html
Struct FieldRepresentingType Copy item path	https://doc.rust-lang.org/std/field/struct.FieldRepresentingType.html
Trait Field Copy item path	https://doc.rust-lang.org/std/field/trait.Field.html
Derive Macro Debug Copy item path	https://doc.rust-lang.org/std/fmt/derive.Debug.html
Enum Alignment Copy item path	https://doc.rust-lang.org/std/fmt/enum.Alignment.html
Enum DebugAsHex Copy item path	https://doc.rust-lang.org/std/fmt/enum.DebugAsHex.html
Enum Sign Copy item path	https://doc.rust-lang.org/std/fmt/enum.Sign.html
Function format Copy item path	https://doc.rust-lang.org/std/fmt/fn.format.html
Function from_fn Copy item path	https://doc.rust-lang.org/std/fmt/fn.from_fn.html
Function write Copy item path	https://doc.rust-lang.org/std/fmt/fn.write.html
Module fmt Copy item path	https://doc.rust-lang.org/std/fmt/index.html
Struct Arguments Copy item path	https://doc.rust-lang.org/std/fmt/struct.Arguments.html
Struct DebugList Copy item path	https://doc.rust-lang.org/std/fmt/struct.DebugList.html
Struct DebugMap Copy item path	https://doc.rust-lang.org/std/fmt/struct.DebugMap.html
Struct DebugSet Copy item path	https://doc.rust-lang.org/std/fmt/struct.DebugSet.html
Struct DebugStruct Copy item path	https://doc.rust-lang.org/std/fmt/struct.DebugStruct.html
Struct DebugTuple Copy item path	https://doc.rust-lang.org/std/fmt/struct.DebugTuple.html
Struct Error Copy item path	https://doc.rust-lang.org/std/fmt/struct.Error.html
Struct Formatter Copy item path	https://doc.rust-lang.org/std/fmt/struct.Formatter.html
Struct FormattingOptions Copy item path	https://doc.rust-lang.org/std/fmt/struct.FormattingOptions.html
Struct FromFn Copy item path	https://doc.rust-lang.org/std/fmt/struct.FromFn.html
Trait Binary Copy item path	https://doc.rust-lang.org/std/fmt/trait.Binary.html
Trait Debug Copy item path	https://doc.rust-lang.org/std/fmt/trait.Debug.html
Trait Display Copy item path	https://doc.rust-lang.org/std/fmt/trait.Display.html
Trait LowerExp Copy item path	https://doc.rust-lang.org/std/fmt/trait.LowerExp.html
Trait LowerHex Copy item path	https://doc.rust-lang.org/std/fmt/trait.LowerHex.html
Trait Octal Copy item path	https://doc.rust-lang.org/std/fmt/trait.Octal.html
Trait Pointer Copy item path	https://doc.rust-lang.org/std/fmt/trait.Pointer.html
Trait UpperExp Copy item path	https://doc.rust-lang.org/std/fmt/trait.UpperExp.html
Trait UpperHex Copy item path	https://doc.rust-lang.org/std/fmt/trait.UpperHex.html
Trait Write Copy item path	https://doc.rust-lang.org/std/fmt/trait.Write.html
Type Alias Result Copy item path	https://doc.rust-lang.org/std/fmt/type.Result.html
Derive Macro From Copy item path	https://doc.rust-lang.org/std/from/derive.From.html
Module from Copy item path	https://doc.rust-lang.org/std/from/index.html
Enum TryLockError Copy item path	https://doc.rust-lang.org/std/fs/enum.TryLockError.html
Function canonicalize Copy item path	https://doc.rust-lang.org/std/fs/fn.canonicalize.html
Function copy Copy item path	https://doc.rust-lang.org/std/fs/fn.copy.html
Function create_dir Copy item path	https://doc.rust-lang.org/std/fs/fn.create_dir.html
Function create_dir_all Copy item path	https://doc.rust-lang.org/std/fs/fn.create_dir_all.html
Function exists Copy item path	https://doc.rust-lang.org/std/fs/fn.exists.html
Function hard_link Copy item path	https://doc.rust-lang.org/std/fs/fn.hard_link.html
Function metadata Copy item path	https://doc.rust-lang.org/std/fs/fn.metadata.html
Function read Copy item path	https://doc.rust-lang.org/std/fs/fn.read.html
Function read_dir Copy item path	https://doc.rust-lang.org/std/fs/fn.read_dir.html
Function read_link Copy item path	https://doc.rust-lang.org/std/fs/fn.read_link.html
Function read_to_string Copy item path	https://doc.rust-lang.org/std/fs/fn.read_to_string.html
Function remove_dir Copy item path	https://doc.rust-lang.org/std/fs/fn.remove_dir.html
Function remove_dir_all Copy item path	https://doc.rust-lang.org/std/fs/fn.remove_dir_all.html
Function remove_file Copy item path	https://doc.rust-lang.org/std/fs/fn.remove_file.html
Function rename Copy item path	https://doc.rust-lang.org/std/fs/fn.rename.html
Function set_permissions Copy item path	https://doc.rust-lang.org/std/fs/fn.set_permissions.html
Function set_permissions_nofollow Copy item path	https://doc.rust-lang.org/std/fs/fn.set_permissions_nofollow.html
Function set_times Copy item path	https://doc.rust-lang.org/std/fs/fn.set_times.html
Function set_times_nofollow Copy item path	https://doc.rust-lang.org/std/fs/fn.set_times_nofollow.html
Function soft_link Copy item path	https://doc.rust-lang.org/std/fs/fn.soft_link.html
Function symlink_metadata Copy item path	https://doc.rust-lang.org/std/fs/fn.symlink_metadata.html
Function write Copy item path	https://doc.rust-lang.org/std/fs/fn.write.html
Module fs Copy item path	https://doc.rust-lang.org/std/fs/index.html
Struct Dir Copy item path	https://doc.rust-lang.org/std/fs/struct.Dir.html
Struct DirBuilder Copy item path	https://doc.rust-lang.org/std/fs/struct.DirBuilder.html
Struct DirEntry Copy item path	https://doc.rust-lang.org/std/fs/struct.DirEntry.html
Struct File Copy item path	https://doc.rust-lang.org/std/fs/struct.File.html
Struct FileTimes Copy item path	https://doc.rust-lang.org/std/fs/struct.FileTimes.html
Struct FileType Copy item path	https://doc.rust-lang.org/std/fs/struct.FileType.html
Struct Metadata Copy item path	https://doc.rust-lang.org/std/fs/struct.Metadata.html
Struct OpenOptions Copy item path	https://doc.rust-lang.org/std/fs/struct.OpenOptions.html
Struct Permissions Copy item path	https://doc.rust-lang.org/std/fs/struct.Permissions.html
Struct ReadDir Copy item path	https://doc.rust-lang.org/std/fs/struct.ReadDir.html
Function async_drop_in_place Copy item path	https://doc.rust-lang.org/std/future/fn.async_drop_in_place.html
Function pending Copy item path	https://doc.rust-lang.org/std/future/fn.pending.html
Function poll_fn Copy item path	https://doc.rust-lang.org/std/future/fn.poll_fn.html
Function ready Copy item path	https://doc.rust-lang.org/std/future/fn.ready.html
Module future Copy item path	https://doc.rust-lang.org/std/future/index.html
Macro join Copy item path	https://doc.rust-lang.org/std/future/macro.join.html
Struct Pending Copy item path	https://doc.rust-lang.org/std/future/struct.Pending.html
Struct PollFn Copy item path	https://doc.rust-lang.org/std/future/struct.PollFn.html
Struct Ready Copy item path	https://doc.rust-lang.org/std/future/struct.Ready.html
Trait AsyncDrop Copy item path	https://doc.rust-lang.org/std/future/trait.AsyncDrop.html
Trait Future Copy item path	https://doc.rust-lang.org/std/future/trait.Future.html
Trait IntoFuture Copy item path	https://doc.rust-lang.org/std/future/trait.IntoFuture.html
Derive Macro Hash Copy item path	https://doc.rust-lang.org/std/hash/derive.Hash.html
Module hash Copy item path	https://doc.rust-lang.org/std/hash/index.html
Struct BuildHasherDefault Copy item path	https://doc.rust-lang.org/std/hash/struct.BuildHasherDefault.html
Struct DefaultHasher Copy item path	https://doc.rust-lang.org/std/hash/struct.DefaultHasher.html
Struct RandomState Copy item path	https://doc.rust-lang.org/std/hash/struct.RandomState.html
Struct SipHasher Copy item path	https://doc.rust-lang.org/std/hash/struct.SipHasher.html
Trait BuildHasher Copy item path	https://doc.rust-lang.org/std/hash/trait.BuildHasher.html
Trait Hash Copy item path	https://doc.rust-lang.org/std/hash/trait.Hash.html
Trait Hasher Copy item path	https://doc.rust-lang.org/std/hash/trait.Hasher.html
Enum Locality Copy item path	https://doc.rust-lang.org/std/hint/enum.Locality.html
Function assert_unchecked Copy item path	https://doc.rust-lang.org/std/hint/fn.assert_unchecked.html
Function black_box Copy item path	https://doc.rust-lang.org/std/hint/fn.black_box.html
Function cold_path Copy item path	https://doc.rust-lang.org/std/hint/fn.cold_path.html
Function likely Copy item path	https://doc.rust-lang.org/std/hint/fn.likely.html
Function must_use Copy item path	https://doc.rust-lang.org/std/hint/fn.must_use.html
Function prefetch_read Copy item path	https://doc.rust-lang.org/std/hint/fn.prefetch_read.html
Function prefetch_read_instruction Copy item path	https://doc.rust-lang.org/std/hint/fn.prefetch_read_instruction.html
Function prefetch_read_non_temporal Copy item path	https://doc.rust-lang.org/std/hint/fn.prefetch_read_non_temporal.html
Function prefetch_write Copy item path	https://doc.rust-lang.org/std/hint/fn.prefetch_write.html
Function prefetch_write_non_temporal Copy item path	https://doc.rust-lang.org/std/hint/fn.prefetch_write_non_temporal.html
Function select_unpredictable Copy item path	https://doc.rust-lang.org/std/hint/fn.select_unpredictable.html
Function spin_loop Copy item path	https://doc.rust-lang.org/std/hint/fn.spin_loop.html
Function unlikely Copy item path	https://doc.rust-lang.org/std/hint/fn.unlikely.html
Function unreachable_unchecked Copy item path	https://doc.rust-lang.org/std/hint/fn.unreachable_unchecked.html
Module hint Copy item path	https://doc.rust-lang.org/std/hint/index.html
Constant MAX Copy item path	https://doc.rust-lang.org/std/i128/constant.MAX.html
Constant MIN Copy item path	https://doc.rust-lang.org/std/i128/constant.MIN.html
Constant MAX Copy item path	https://doc.rust-lang.org/std/i16/constant.MAX.html
Constant MIN Copy item path	https://doc.rust-lang.org/std/i16/constant.MIN.html
Constant MAX Copy item path	https://doc.rust-lang.org/std/i32/constant.MAX.html
Constant MIN Copy item path	https://doc.rust-lang.org/std/i32/constant.MIN.html
Constant MAX Copy item path	https://doc.rust-lang.org/std/i64/constant.MAX.html
Constant MIN Copy item path	https://doc.rust-lang.org/std/i64/constant.MIN.html
Constant MAX Copy item path	https://doc.rust-lang.org/std/i8/constant.MAX.html
Constant MIN Copy item path	https://doc.rust-lang.org/std/i8/constant.MIN.html
Crate std Copy item path	https://doc.rust-lang.org/std/index.html
Enum AtomicOrdering Copy item path	https://doc.rust-lang.org/std/intrinsics/enum.AtomicOrdering.html
Trait CarryingMulAdd Copy item path	https://doc.rust-lang.org/std/intrinsics/fallback/trait.CarryingMulAdd.html
Trait CarrylessMul Copy item path	https://doc.rust-lang.org/std/intrinsics/fallback/trait.CarrylessMul.html
Trait DisjointBitOr Copy item path	https://doc.rust-lang.org/std/intrinsics/fallback/trait.DisjointBitOr.html
Trait FunnelShift Copy item path	https://doc.rust-lang.org/std/intrinsics/fallback/trait.FunnelShift.html
Function abort Copy item path	https://doc.rust-lang.org/std/intrinsics/fn.abort.html
Function add_with_overflow Copy item path	https://doc.rust-lang.org/std/intrinsics/fn.add_with_overflow.html
Function aggregate_raw_ptr Copy item path	https://doc.rust-lang.org/std/intrinsics/fn.aggregate_raw_ptr.html
Function align_of Copy item path	https://doc.rust-lang.org/std/intrinsics/fn.align_of.html
Function align_of_val Copy item path	https://doc.rust-lang.org/std/intrinsics/fn.align_of_val.html
Function arith_offset Copy item path	https://doc.rust-lang.org/std/intrinsics/fn.arith_offset.html
Function assert_inhabited Copy item path	https://doc.rust-lang.org/std/intrinsics/fn.assert_inhabited.html
Function assert_mem_uninitialized_valid Copy item path	https://doc.rust-lang.org/std/intrinsics/fn.assert_mem_uninitialized_valid.html
Function assert_zero_valid Copy item path	https://doc.rust-lang.org/std/intrinsics/fn.assert_zero_valid.html
Function assume Copy item path	https://doc.rust-lang.org/std/intrinsics/fn.assume.html
Function atomic_and Copy item path	https://doc.rust-lang.org/std/intrinsics/fn.atomic_and.html
Function atomic_cxchg Copy item path	https://doc.rust-lang.org/std/intrinsics/fn.atomic_cxchg.html
Function atomic_cxchgweak Copy item path	https://doc.rust-lang.org/std/intrinsics/fn.atomic_cxchgweak.html
Function atomic_fence Copy item path	https://doc.rust-lang.org/std/intrinsics/fn.atomic_fence.html
Function atomic_load Copy item path	https://doc.rust-lang.org/std/intrinsics/fn.atomic_load.html
Function atomic_max Copy item path	https://doc.rust-lang.org/std/intrinsics/fn.atomic_max.html
Function atomic_min Copy item path	https://doc.rust-lang.org/std/intrinsics/fn.atomic_min.html
Function atomic_nand Copy item path	https://doc.rust-lang.org/std/intrinsics/fn.atomic_nand.html
Function atomic_or Copy item path	https://doc.rust-lang.org/std/intrinsics/fn.atomic_or.html
Function atomic_singlethreadfence Copy item path	https://doc.rust-lang.org/std/intrinsics/fn.atomic_singlethreadfence.html
Function atomic_store Copy item path	https://doc.rust-lang.org/std/intrinsics/fn.atomic_store.html
Function atomic_umax Copy item path	https://doc.rust-lang.org/std/intrinsics/fn.atomic_umax.html
Function atomic_umin Copy item path	https://doc.rust-lang.org/std/intrinsics/fn.atomic_umin.html
Function atomic_xadd Copy item path	https://doc.rust-lang.org/std/intrinsics/fn.atomic_xadd.html
Function atomic_xchg Copy item path	https://doc.rust-lang.org/std/intrinsics/fn.atomic_xchg.html
Function atomic_xor Copy item path	https://doc.rust-lang.org/std/intrinsics/fn.atomic_xor.html
Function atomic_xsub Copy item path	https://doc.rust-lang.org/std/intrinsics/fn.atomic_xsub.html
Function autodiff Copy item path	https://doc.rust-lang.org/std/intrinsics/fn.autodiff.html
Function bitreverse Copy item path	https://doc.rust-lang.org/std/intrinsics/fn.bitreverse.html
Function black_box Copy item path	https://doc.rust-lang.org/std/intrinsics/fn.black_box.html
Function breakpoint Copy item path	https://doc.rust-lang.org/std/intrinsics/fn.breakpoint.html
Function bswap Copy item path	https://doc.rust-lang.org/std/intrinsics/fn.bswap.html
Function caller_location Copy item path	https://doc.rust-lang.org/std/intrinsics/fn.caller_location.html
Function carrying_mul_add Copy item path	https://doc.rust-lang.org/std/intrinsics/fn.carrying_mul_add.html
Function carryless_mul Copy item path	https://doc.rust-lang.org/std/intrinsics/fn.carryless_mul.html
Function catch_unwind Copy item path	https://doc.rust-lang.org/std/intrinsics/fn.catch_unwind.html
Function ceilf128 Copy item path	https://doc.rust-lang.org/std/intrinsics/fn.ceilf128.html
Function ceilf16 Copy item path	https://doc.rust-lang.org/std/intrinsics/fn.ceilf16.html
Function ceilf32 Copy item path	https://doc.rust-lang.org/std/intrinsics/fn.ceilf32.html
Function ceilf64 Copy item path	https://doc.rust-lang.org/std/intrinsics/fn.ceilf64.html
Function cold_path Copy item path	https://doc.rust-lang.org/std/intrinsics/fn.cold_path.html
Function compare_bytes Copy item path	https://doc.rust-lang.org/std/intrinsics/fn.compare_bytes.html
Function const_allocate Copy item path	https://doc.rust-lang.org/std/intrinsics/fn.const_allocate.html
Function const_deallocate Copy item path	https://doc.rust-lang.org/std/intrinsics/fn.const_deallocate.html
Function const_eval_select Copy item path	https://doc.rust-lang.org/std/intrinsics/fn.const_eval_select.html
Function const_make_global Copy item path	https://doc.rust-lang.org/std/intrinsics/fn.const_make_global.html
Function contract_check_ensures Copy item path	https://doc.rust-lang.org/std/intrinsics/fn.contract_check_ensures.html
Function contract_check_requires Copy item path	https://doc.rust-lang.org/std/intrinsics/fn.contract_check_requires.html
Function copy Copy item path	https://doc.rust-lang.org/std/intrinsics/fn.copy.html
Function copy_nonoverlapping Copy item path	https://doc.rust-lang.org/std/intrinsics/fn.copy_nonoverlapping.html
Function copysignf128 Copy item path	https://doc.rust-lang.org/std/intrinsics/fn.copysignf128.html
Function copysignf16 Copy item path	https://doc.rust-lang.org/std/intrinsics/fn.copysignf16.html
Function copysignf32 Copy item path	https://doc.rust-lang.org/std/intrinsics/fn.copysignf32.html
Function copysignf64 Copy item path	https://doc.rust-lang.org/std/intrinsics/fn.copysignf64.html
Function cosf128 Copy item path	https://doc.rust-lang.org/std/intrinsics/fn.cosf128.html
Function cosf16 Copy item path	https://doc.rust-lang.org/std/intrinsics/fn.cosf16.html
Function cosf32 Copy item path	https://doc.rust-lang.org/std/intrinsics/fn.cosf32.html
Function cosf64 Copy item path	https://doc.rust-lang.org/std/intrinsics/fn.cosf64.html
Function ctlz Copy item path	https://doc.rust-lang.org/std/intrinsics/fn.ctlz.html
Function ctlz_nonzero Copy item path	https://doc.rust-lang.org/std/intrinsics/fn.ctlz_nonzero.html
Function ctpop Copy item path	https://doc.rust-lang.org/std/intrinsics/fn.ctpop.html
Function cttz Copy item path	https://doc.rust-lang.org/std/intrinsics/fn.cttz.html
Function cttz_nonzero Copy item path	https://doc.rust-lang.org/std/intrinsics/fn.cttz_nonzero.html
Function discriminant_value Copy item path	https://doc.rust-lang.org/std/intrinsics/fn.discriminant_value.html
Function disjoint_bitor Copy item path	https://doc.rust-lang.org/std/intrinsics/fn.disjoint_bitor.html
Function exact_div Copy item path	https://doc.rust-lang.org/std/intrinsics/fn.exact_div.html
Function exp2f128 Copy item path	https://doc.rust-lang.org/std/intrinsics/fn.exp2f128.html
Function exp2f16 Copy item path	https://doc.rust-lang.org/std/intrinsics/fn.exp2f16.html
Function exp2f32 Copy item path	https://doc.rust-lang.org/std/intrinsics/fn.exp2f32.html
Function exp2f64 Copy item path	https://doc.rust-lang.org/std/intrinsics/fn.exp2f64.html
Function expf128 Copy item path	https://doc.rust-lang.org/std/intrinsics/fn.expf128.html
Function expf16 Copy item path	https://doc.rust-lang.org/std/intrinsics/fn.expf16.html
Function expf32 Copy item path	https://doc.rust-lang.org/std/intrinsics/fn.expf32.html
Function expf64 Copy item path	https://doc.rust-lang.org/std/intrinsics/fn.expf64.html
Function fabs Copy item path	https://doc.rust-lang.org/std/intrinsics/fn.fabs.html
Function fadd_algebraic Copy item path	https://doc.rust-lang.org/std/intrinsics/fn.fadd_algebraic.html
Function fadd_fast Copy item path	https://doc.rust-lang.org/std/intrinsics/fn.fadd_fast.html
Function fdiv_algebraic Copy item path	https://doc.rust-lang.org/std/intrinsics/fn.fdiv_algebraic.html
Function fdiv_fast Copy item path	https://doc.rust-lang.org/std/intrinsics/fn.fdiv_fast.html
Function field_offset Copy item path	https://doc.rust-lang.org/std/intrinsics/fn.field_offset.html
Function field_representing_type_actual_type_id Copy item path	https://doc.rust-lang.org/std/intrinsics/fn.field_representing_type_actual_type_id.html
Function float_to_int_unchecked Copy item path	https://doc.rust-lang.org/std/intrinsics/fn.float_to_int_unchecked.html
Function floorf128 Copy item path	https://doc.rust-lang.org/std/intrinsics/fn.floorf128.html
Function floorf16 Copy item path	https://doc.rust-lang.org/std/intrinsics/fn.floorf16.html
Function floorf32 Copy item path	https://doc.rust-lang.org/std/intrinsics/fn.floorf32.html
Function floorf64 Copy item path	https://doc.rust-lang.org/std/intrinsics/fn.floorf64.html
Function fmaf128 Copy item path	https://doc.rust-lang.org/std/intrinsics/fn.fmaf128.html
Function fmaf16 Copy item path	https://doc.rust-lang.org/std/intrinsics/fn.fmaf16.html
Function fmaf32 Copy item path	https://doc.rust-lang.org/std/intrinsics/fn.fmaf32.html
Function fmaf64 Copy item path	https://doc.rust-lang.org/std/intrinsics/fn.fmaf64.html
Function fmul_algebraic Copy item path	https://doc.rust-lang.org/std/intrinsics/fn.fmul_algebraic.html
Function fmul_fast Copy item path	https://doc.rust-lang.org/std/intrinsics/fn.fmul_fast.html
Function fmuladdf128 Copy item path	https://doc.rust-lang.org/std/intrinsics/fn.fmuladdf128.html
Function fmuladdf16 Copy item path	https://doc.rust-lang.org/std/intrinsics/fn.fmuladdf16.html
Function fmuladdf32 Copy item path	https://doc.rust-lang.org/std/intrinsics/fn.fmuladdf32.html
Function fmuladdf64 Copy item path	https://doc.rust-lang.org/std/intrinsics/fn.fmuladdf64.html
Function forget Copy item path	https://doc.rust-lang.org/std/intrinsics/fn.forget.html
Function frem_algebraic Copy item path	https://doc.rust-lang.org/std/intrinsics/fn.frem_algebraic.html
Function frem_fast Copy item path	https://doc.rust-lang.org/std/intrinsics/fn.frem_fast.html
Function fsub_algebraic Copy item path	https://doc.rust-lang.org/std/intrinsics/fn.fsub_algebraic.html
Function fsub_fast Copy item path	https://doc.rust-lang.org/std/intrinsics/fn.fsub_fast.html
Function is_val_statically_known Copy item path	https://doc.rust-lang.org/std/intrinsics/fn.is_val_statically_known.html
Function likely Copy item path	https://doc.rust-lang.org/std/intrinsics/fn.likely.html
Function log10f128 Copy item path	https://doc.rust-lang.org/std/intrinsics/fn.log10f128.html
Function log10f16 Copy item path	https://doc.rust-lang.org/std/intrinsics/fn.log10f16.html
Function log10f32 Copy item path	https://doc.rust-lang.org/std/intrinsics/fn.log10f32.html
Function log10f64 Copy item path	https://doc.rust-lang.org/std/intrinsics/fn.log10f64.html
Function log2f128 Copy item path	https://doc.rust-lang.org/std/intrinsics/fn.log2f128.html
Function log2f16 Copy item path	https://doc.rust-lang.org/std/intrinsics/fn.log2f16.html
Function log2f32 Copy item path	https://doc.rust-lang.org/std/intrinsics/fn.log2f32.html
Function log2f64 Copy item path	https://doc.rust-lang.org/std/intrinsics/fn.log2f64.html
Function logf128 Copy item path	https://doc.rust-lang.org/std/intrinsics/fn.logf128.html
Function logf16 Copy item path	https://doc.rust-lang.org/std/intrinsics/fn.logf16.html
Function logf32 Copy item path	https://doc.rust-lang.org/std/intrinsics/fn.logf32.html
Function logf64 Copy item path	https://doc.rust-lang.org/std/intrinsics/fn.logf64.html
Function maximum_number_nsz_f128 Copy item path	https://doc.rust-lang.org/std/intrinsics/fn.maximum_number_nsz_f128.html
Function maximum_number_nsz_f16 Copy item path	https://doc.rust-lang.org/std/intrinsics/fn.maximum_number_nsz_f16.html
Function maximum_number_nsz_f32 Copy item path	https://doc.rust-lang.org/std/intrinsics/fn.maximum_number_nsz_f32.html
Function maximum_number_nsz_f64 Copy item path	https://doc.rust-lang.org/std/intrinsics/fn.maximum_number_nsz_f64.html
Function maximumf128 Copy item path	https://doc.rust-lang.org/std/intrinsics/fn.maximumf128.html
Function maximumf16 Copy item path	https://doc.rust-lang.org/std/intrinsics/fn.maximumf16.html
Function maximumf32 Copy item path	https://doc.rust-lang.org/std/intrinsics/fn.maximumf32.html
Function maximumf64 Copy item path	https://doc.rust-lang.org/std/intrinsics/fn.maximumf64.html
Function minimum_number_nsz_f128 Copy item path	https://doc.rust-lang.org/std/intrinsics/fn.minimum_number_nsz_f128.html
Function minimum_number_nsz_f16 Copy item path	https://doc.rust-lang.org/std/intrinsics/fn.minimum_number_nsz_f16.html
Function minimum_number_nsz_f32 Copy item path	https://doc.rust-lang.org/std/intrinsics/fn.minimum_number_nsz_f32.html
Function minimum_number_nsz_f64 Copy item path	https://doc.rust-lang.org/std/intrinsics/fn.minimum_number_nsz_f64.html
Function minimumf128 Copy item path	https://doc.rust-lang.org/std/intrinsics/fn.minimumf128.html
Function minimumf16 Copy item path	https://doc.rust-lang.org/std/intrinsics/fn.minimumf16.html
Function minimumf32 Copy item path	https://doc.rust-lang.org/std/intrinsics/fn.minimumf32.html
Function minimumf64 Copy item path	https://doc.rust-lang.org/std/intrinsics/fn.minimumf64.html
Function mul_with_overflow Copy item path	https://doc.rust-lang.org/std/intrinsics/fn.mul_with_overflow.html
Function needs_drop Copy item path	https://doc.rust-lang.org/std/intrinsics/fn.needs_drop.html
Function nontemporal_store Copy item path	https://doc.rust-lang.org/std/intrinsics/fn.nontemporal_store.html
Function offload Copy item path	https://doc.rust-lang.org/std/intrinsics/fn.offload.html
Function offset Copy item path	https://doc.rust-lang.org/std/intrinsics/fn.offset.html
Function offset_of Copy item path	https://doc.rust-lang.org/std/intrinsics/fn.offset_of.html
Function overflow_checks Copy item path	https://doc.rust-lang.org/std/intrinsics/fn.overflow_checks.html
Function powf128 Copy item path	https://doc.rust-lang.org/std/intrinsics/fn.powf128.html
Function powf16 Copy item path	https://doc.rust-lang.org/std/intrinsics/fn.powf16.html
Function powf32 Copy item path	https://doc.rust-lang.org/std/intrinsics/fn.powf32.html
Function powf64 Copy item path	https://doc.rust-lang.org/std/intrinsics/fn.powf64.html
Function powif128 Copy item path	https://doc.rust-lang.org/std/intrinsics/fn.powif128.html
Function powif16 Copy item path	https://doc.rust-lang.org/std/intrinsics/fn.powif16.html
Function powif32 Copy item path	https://doc.rust-lang.org/std/intrinsics/fn.powif32.html
Function powif64 Copy item path	https://doc.rust-lang.org/std/intrinsics/fn.powif64.html
Function prefetch_read_data Copy item path	https://doc.rust-lang.org/std/intrinsics/fn.prefetch_read_data.html
Function prefetch_read_instruction Copy item path	https://doc.rust-lang.org/std/intrinsics/fn.prefetch_read_instruction.html
Function prefetch_write_data Copy item path	https://doc.rust-lang.org/std/intrinsics/fn.prefetch_write_data.html
Function prefetch_write_instruction Copy item path	https://doc.rust-lang.org/std/intrinsics/fn.prefetch_write_instruction.html
Function ptr_guaranteed_cmp Copy item path	https://doc.rust-lang.org/std/intrinsics/fn.ptr_guaranteed_cmp.html
Function ptr_mask Copy item path	https://doc.rust-lang.org/std/intrinsics/fn.ptr_mask.html
Function ptr_metadata Copy item path	https://doc.rust-lang.org/std/intrinsics/fn.ptr_metadata.html
Function ptr_offset_from Copy item path	https://doc.rust-lang.org/std/intrinsics/fn.ptr_offset_from.html
Function ptr_offset_from_unsigned Copy item path	https://doc.rust-lang.org/std/intrinsics/fn.ptr_offset_from_unsigned.html
Function raw_eq Copy item path	https://doc.rust-lang.org/std/intrinsics/fn.raw_eq.html
Function read_via_copy Copy item path	https://doc.rust-lang.org/std/intrinsics/fn.read_via_copy.html
Function return_address Copy item path	https://doc.rust-lang.org/std/intrinsics/fn.return_address.html
Function rotate_left Copy item path	https://doc.rust-lang.org/std/intrinsics/fn.rotate_left.html
Function rotate_right Copy item path	https://doc.rust-lang.org/std/intrinsics/fn.rotate_right.html
Function round_ties_even_f128 Copy item path	https://doc.rust-lang.org/std/intrinsics/fn.round_ties_even_f128.html
Function round_ties_even_f16 Copy item path	https://doc.rust-lang.org/std/intrinsics/fn.round_ties_even_f16.html
Function round_ties_even_f32 Copy item path	https://doc.rust-lang.org/std/intrinsics/fn.round_ties_even_f32.html
Function round_ties_even_f64 Copy item path	https://doc.rust-lang.org/std/intrinsics/fn.round_ties_even_f64.html
Function roundf128 Copy item path	https://doc.rust-lang.org/std/intrinsics/fn.roundf128.html
Function roundf16 Copy item path	https://doc.rust-lang.org/std/intrinsics/fn.roundf16.html
Function roundf32 Copy item path	https://doc.rust-lang.org/std/intrinsics/fn.roundf32.html
Function roundf64 Copy item path	https://doc.rust-lang.org/std/intrinsics/fn.roundf64.html
Function rustc_peek Copy item path	https://doc.rust-lang.org/std/intrinsics/fn.rustc_peek.html
Function saturating_add Copy item path	https://doc.rust-lang.org/std/intrinsics/fn.saturating_add.html
Function saturating_sub Copy item path	https://doc.rust-lang.org/std/intrinsics/fn.saturating_sub.html
Function select_unpredictable Copy item path	https://doc.rust-lang.org/std/intrinsics/fn.select_unpredictable.html
Function sinf128 Copy item path	https://doc.rust-lang.org/std/intrinsics/fn.sinf128.html
Function sinf16 Copy item path	https://doc.rust-lang.org/std/intrinsics/fn.sinf16.html
Function sinf32 Copy item path	https://doc.rust-lang.org/std/intrinsics/fn.sinf32.html
Function sinf64 Copy item path	https://doc.rust-lang.org/std/intrinsics/fn.sinf64.html
Function size_of Copy item path	https://doc.rust-lang.org/std/intrinsics/fn.size_of.html
Function size_of_type_id Copy item path	https://doc.rust-lang.org/std/intrinsics/fn.size_of_type_id.html
Function size_of_val Copy item path	https://doc.rust-lang.org/std/intrinsics/fn.size_of_val.html
Function slice_get_unchecked Copy item path	https://doc.rust-lang.org/std/intrinsics/fn.slice_get_unchecked.html
Function sqrtf128 Copy item path	https://doc.rust-lang.org/std/intrinsics/fn.sqrtf128.html
Function sqrtf16 Copy item path	https://doc.rust-lang.org/std/intrinsics/fn.sqrtf16.html
Function sqrtf32 Copy item path	https://doc.rust-lang.org/std/intrinsics/fn.sqrtf32.html
Function sqrtf64 Copy item path	https://doc.rust-lang.org/std/intrinsics/fn.sqrtf64.html
Function sub_with_overflow Copy item path	https://doc.rust-lang.org/std/intrinsics/fn.sub_with_overflow.html
Function three_way_compare Copy item path	https://doc.rust-lang.org/std/intrinsics/fn.three_way_compare.html
Function transmute Copy item path	https://doc.rust-lang.org/std/intrinsics/fn.transmute.html
Function transmute_unchecked Copy item path	https://doc.rust-lang.org/std/intrinsics/fn.transmute_unchecked.html
Function truncf128 Copy item path	https://doc.rust-lang.org/std/intrinsics/fn.truncf128.html
Function truncf16 Copy item path	https://doc.rust-lang.org/std/intrinsics/fn.truncf16.html
Function truncf32 Copy item path	https://doc.rust-lang.org/std/intrinsics/fn.truncf32.html
Function truncf64 Copy item path	https://doc.rust-lang.org/std/intrinsics/fn.truncf64.html
Function type_id Copy item path	https://doc.rust-lang.org/std/intrinsics/fn.type_id.html
Function type_id_eq Copy item path	https://doc.rust-lang.org/std/intrinsics/fn.type_id_eq.html
Function type_id_field_representing_type Copy item path	https://doc.rust-lang.org/std/intrinsics/fn.type_id_field_representing_type.html
Function type_id_fields Copy item path	https://doc.rust-lang.org/std/intrinsics/fn.type_id_fields.html
Function type_id_variants Copy item path	https://doc.rust-lang.org/std/intrinsics/fn.type_id_variants.html
Function type_id_vtable Copy item path	https://doc.rust-lang.org/std/intrinsics/fn.type_id_vtable.html
Function type_name Copy item path	https://doc.rust-lang.org/std/intrinsics/fn.type_name.html
Function type_of Copy item path	https://doc.rust-lang.org/std/intrinsics/fn.type_of.html
Function typed_swap_nonoverlapping Copy item path	https://doc.rust-lang.org/std/intrinsics/fn.typed_swap_nonoverlapping.html
Function ub_checks Copy item path	https://doc.rust-lang.org/std/intrinsics/fn.ub_checks.html
Function unaligned_volatile_load Copy item path	https://doc.rust-lang.org/std/intrinsics/fn.unaligned_volatile_load.html
Function unaligned_volatile_store Copy item path	https://doc.rust-lang.org/std/intrinsics/fn.unaligned_volatile_store.html
Function unchecked_add Copy item path	https://doc.rust-lang.org/std/intrinsics/fn.unchecked_add.html
Function unchecked_div Copy item path	https://doc.rust-lang.org/std/intrinsics/fn.unchecked_div.html
Function unchecked_funnel_shl Copy item path	https://doc.rust-lang.org/std/intrinsics/fn.unchecked_funnel_shl.html
Function unchecked_funnel_shr Copy item path	https://doc.rust-lang.org/std/intrinsics/fn.unchecked_funnel_shr.html
Function unchecked_mul Copy item path	https://doc.rust-lang.org/std/intrinsics/fn.unchecked_mul.html
Function unchecked_rem Copy item path	https://doc.rust-lang.org/std/intrinsics/fn.unchecked_rem.html
Function unchecked_shl Copy item path	https://doc.rust-lang.org/std/intrinsics/fn.unchecked_shl.html
Function unchecked_shr Copy item path	https://doc.rust-lang.org/std/intrinsics/fn.unchecked_shr.html
Function unchecked_sub Copy item path	https://doc.rust-lang.org/std/intrinsics/fn.unchecked_sub.html
Function unlikely Copy item path	https://doc.rust-lang.org/std/intrinsics/fn.unlikely.html
Function unreachable Copy item path	https://doc.rust-lang.org/std/intrinsics/fn.unreachable.html
Function va_arg Copy item path	https://doc.rust-lang.org/std/intrinsics/fn.va_arg.html
Function va_copy Copy item path	https://doc.rust-lang.org/std/intrinsics/fn.va_copy.html
Function va_end Copy item path	https://doc.rust-lang.org/std/intrinsics/fn.va_end.html
Function variant_count Copy item path	https://doc.rust-lang.org/std/intrinsics/fn.variant_count.html
Function volatile_copy_memory Copy item path	https://doc.rust-lang.org/std/intrinsics/fn.volatile_copy_memory.html
Function volatile_copy_nonoverlapping_memory Copy item path	https://doc.rust-lang.org/std/intrinsics/fn.volatile_copy_nonoverlapping_memory.html
Function volatile_load Copy item path	https://doc.rust-lang.org/std/intrinsics/fn.volatile_load.html
Function volatile_set_memory Copy item path	https://doc.rust-lang.org/std/intrinsics/fn.volatile_set_memory.html
Function volatile_store Copy item path	https://doc.rust-lang.org/std/intrinsics/fn.volatile_store.html
Function vtable_align Copy item path	https://doc.rust-lang.org/std/intrinsics/fn.vtable_align.html
Function vtable_size Copy item path	https://doc.rust-lang.org/std/intrinsics/fn.vtable_size.html
Function wrapping_add Copy item path	https://doc.rust-lang.org/std/intrinsics/fn.wrapping_add.html
Function wrapping_mul Copy item path	https://doc.rust-lang.org/std/intrinsics/fn.wrapping_mul.html
Function wrapping_sub Copy item path	https://doc.rust-lang.org/std/intrinsics/fn.wrapping_sub.html
Function write_bytes Copy item path	https://doc.rust-lang.org/std/intrinsics/fn.write_bytes.html
Function write_via_move Copy item path	https://doc.rust-lang.org/std/intrinsics/fn.write_via_move.html
Module intrinsics Copy item path	https://doc.rust-lang.org/std/intrinsics/index.html
Enum BasicBlock Copy item path	https://doc.rust-lang.org/std/intrinsics/mir/enum.BasicBlock.html
Enum UnwindTerminateReason Copy item path	https://doc.rust-lang.org/std/intrinsics/mir/enum.UnwindTerminateReason.html
Function Assume Copy item path	https://doc.rust-lang.org/std/intrinsics/mir/fn.Assume.html
Function Call Copy item path	https://doc.rust-lang.org/std/intrinsics/mir/fn.Call.html
Function CastPtrToPtr Copy item path	https://doc.rust-lang.org/std/intrinsics/mir/fn.CastPtrToPtr.html
Function CastTransmute Copy item path	https://doc.rust-lang.org/std/intrinsics/mir/fn.CastTransmute.html
Function CastUnsize Copy item path	https://doc.rust-lang.org/std/intrinsics/mir/fn.CastUnsize.html
Function Checked Copy item path	https://doc.rust-lang.org/std/intrinsics/mir/fn.Checked.html
Function Discriminant Copy item path	https://doc.rust-lang.org/std/intrinsics/mir/fn.Discriminant.html
Function Drop Copy item path	https://doc.rust-lang.org/std/intrinsics/mir/fn.Drop.html
Function Field Copy item path	https://doc.rust-lang.org/std/intrinsics/mir/fn.Field.html
Function Goto Copy item path	https://doc.rust-lang.org/std/intrinsics/mir/fn.Goto.html
Function Move Copy item path	https://doc.rust-lang.org/std/intrinsics/mir/fn.Move.html
Function Offset Copy item path	https://doc.rust-lang.org/std/intrinsics/mir/fn.Offset.html
Function PtrMetadata Copy item path	https://doc.rust-lang.org/std/intrinsics/mir/fn.PtrMetadata.html
Function Return Copy item path	https://doc.rust-lang.org/std/intrinsics/mir/fn.Return.html
Function ReturnTo Copy item path	https://doc.rust-lang.org/std/intrinsics/mir/fn.ReturnTo.html
Function SetDiscriminant Copy item path	https://doc.rust-lang.org/std/intrinsics/mir/fn.SetDiscriminant.html
Function Static Copy item path	https://doc.rust-lang.org/std/intrinsics/mir/fn.Static.html
Function StaticMut Copy item path	https://doc.rust-lang.org/std/intrinsics/mir/fn.StaticMut.html
Function StorageDead Copy item path	https://doc.rust-lang.org/std/intrinsics/mir/fn.StorageDead.html
Function StorageLive Copy item path	https://doc.rust-lang.org/std/intrinsics/mir/fn.StorageLive.html
Function TailCall Copy item path	https://doc.rust-lang.org/std/intrinsics/mir/fn.TailCall.html
Function Unreachable Copy item path	https://doc.rust-lang.org/std/intrinsics/mir/fn.Unreachable.html
Function UnwindCleanup Copy item path	https://doc.rust-lang.org/std/intrinsics/mir/fn.UnwindCleanup.html
Function UnwindContinue Copy item path	https://doc.rust-lang.org/std/intrinsics/mir/fn.UnwindContinue.html
Function UnwindResume Copy item path	https://doc.rust-lang.org/std/intrinsics/mir/fn.UnwindResume.html
Function UnwindTerminate Copy item path	https://doc.rust-lang.org/std/intrinsics/mir/fn.UnwindTerminate.html
Function UnwindUnreachable Copy item path	https://doc.rust-lang.org/std/intrinsics/mir/fn.UnwindUnreachable.html
Function Variant Copy item path	https://doc.rust-lang.org/std/intrinsics/mir/fn.Variant.html
Macro mir Copy item path	https://doc.rust-lang.org/std/intrinsics/mir/macro.mir.html
Macro place Copy item path	https://doc.rust-lang.org/std/intrinsics/mir/macro.place.html
Struct ReturnToArg Copy item path	https://doc.rust-lang.org/std/intrinsics/mir/struct.ReturnToArg.html
Struct UnwindActionArg Copy item path	https://doc.rust-lang.org/std/intrinsics/mir/struct.UnwindActionArg.html
Enum SimdAlign Copy item path	https://doc.rust-lang.org/std/intrinsics/simd/enum.SimdAlign.html
Function simd_add Copy item path	https://doc.rust-lang.org/std/intrinsics/simd/fn.simd_add.html
Function simd_and Copy item path	https://doc.rust-lang.org/std/intrinsics/simd/fn.simd_and.html
Function simd_arith_offset Copy item path	https://doc.rust-lang.org/std/intrinsics/simd/fn.simd_arith_offset.html
Function simd_as Copy item path	https://doc.rust-lang.org/std/intrinsics/simd/fn.simd_as.html
Function simd_bitmask Copy item path	https://doc.rust-lang.org/std/intrinsics/simd/fn.simd_bitmask.html
Function simd_bitreverse Copy item path	https://doc.rust-lang.org/std/intrinsics/simd/fn.simd_bitreverse.html
Function simd_bswap Copy item path	https://doc.rust-lang.org/std/intrinsics/simd/fn.simd_bswap.html
Function simd_carryless_mul Copy item path	https://doc.rust-lang.org/std/intrinsics/simd/fn.simd_carryless_mul.html
Function simd_cast Copy item path	https://doc.rust-lang.org/std/intrinsics/simd/fn.simd_cast.html
Function simd_cast_ptr Copy item path	https://doc.rust-lang.org/std/intrinsics/simd/fn.simd_cast_ptr.html
Function simd_ceil Copy item path	https://doc.rust-lang.org/std/intrinsics/simd/fn.simd_ceil.html
Function simd_ctlz Copy item path	https://doc.rust-lang.org/std/intrinsics/simd/fn.simd_ctlz.html
Function simd_ctpop Copy item path	https://doc.rust-lang.org/std/intrinsics/simd/fn.simd_ctpop.html
Function simd_cttz Copy item path	https://doc.rust-lang.org/std/intrinsics/simd/fn.simd_cttz.html
Function simd_div Copy item path	https://doc.rust-lang.org/std/intrinsics/simd/fn.simd_div.html
Function simd_eq Copy item path	https://doc.rust-lang.org/std/intrinsics/simd/fn.simd_eq.html
Function simd_expose_provenance Copy item path	https://doc.rust-lang.org/std/intrinsics/simd/fn.simd_expose_provenance.html
Function simd_extract Copy item path	https://doc.rust-lang.org/std/intrinsics/simd/fn.simd_extract.html
Function simd_extract_dyn Copy item path	https://doc.rust-lang.org/std/intrinsics/simd/fn.simd_extract_dyn.html
Function simd_fabs Copy item path	https://doc.rust-lang.org/std/intrinsics/simd/fn.simd_fabs.html
Function simd_fcos Copy item path	https://doc.rust-lang.org/std/intrinsics/simd/fn.simd_fcos.html
Function simd_fexp Copy item path	https://doc.rust-lang.org/std/intrinsics/simd/fn.simd_fexp.html
Function simd_fexp2 Copy item path	https://doc.rust-lang.org/std/intrinsics/simd/fn.simd_fexp2.html
Function simd_flog Copy item path	https://doc.rust-lang.org/std/intrinsics/simd/fn.simd_flog.html
Function simd_flog10 Copy item path	https://doc.rust-lang.org/std/intrinsics/simd/fn.simd_flog10.html
Function simd_flog2 Copy item path	https://doc.rust-lang.org/std/intrinsics/simd/fn.simd_flog2.html
Function simd_floor Copy item path	https://doc.rust-lang.org/std/intrinsics/simd/fn.simd_floor.html
Function simd_fma Copy item path	https://doc.rust-lang.org/std/intrinsics/simd/fn.simd_fma.html
Function simd_fsin Copy item path	https://doc.rust-lang.org/std/intrinsics/simd/fn.simd_fsin.html
Function simd_fsqrt Copy item path	https://doc.rust-lang.org/std/intrinsics/simd/fn.simd_fsqrt.html
Function simd_funnel_shl Copy item path	https://doc.rust-lang.org/std/intrinsics/simd/fn.simd_funnel_shl.html
Function simd_funnel_shr Copy item path	https://doc.rust-lang.org/std/intrinsics/simd/fn.simd_funnel_shr.html
Function simd_gather Copy item path	https://doc.rust-lang.org/std/intrinsics/simd/fn.simd_gather.html
Function simd_ge Copy item path	https://doc.rust-lang.org/std/intrinsics/simd/fn.simd_ge.html
Function simd_gt Copy item path	https://doc.rust-lang.org/std/intrinsics/simd/fn.simd_gt.html
Function simd_insert Copy item path	https://doc.rust-lang.org/std/intrinsics/simd/fn.simd_insert.html
Function simd_insert_dyn Copy item path	https://doc.rust-lang.org/std/intrinsics/simd/fn.simd_insert_dyn.html
Function simd_le Copy item path	https://doc.rust-lang.org/std/intrinsics/simd/fn.simd_le.html
Function simd_lt Copy item path	https://doc.rust-lang.org/std/intrinsics/simd/fn.simd_lt.html
Function simd_masked_load Copy item path	https://doc.rust-lang.org/std/intrinsics/simd/fn.simd_masked_load.html
Function simd_masked_store Copy item path	https://doc.rust-lang.org/std/intrinsics/simd/fn.simd_masked_store.html
Function simd_maximum_number_nsz Copy item path	https://doc.rust-lang.org/std/intrinsics/simd/fn.simd_maximum_number_nsz.html
Function simd_minimum_number_nsz Copy item path	https://doc.rust-lang.org/std/intrinsics/simd/fn.simd_minimum_number_nsz.html
Function simd_mul Copy item path	https://doc.rust-lang.org/std/intrinsics/simd/fn.simd_mul.html
Function simd_ne Copy item path	https://doc.rust-lang.org/std/intrinsics/simd/fn.simd_ne.html
Function simd_neg Copy item path	https://doc.rust-lang.org/std/intrinsics/simd/fn.simd_neg.html
Function simd_or Copy item path	https://doc.rust-lang.org/std/intrinsics/simd/fn.simd_or.html
Function simd_reduce_add_ordered Copy item path	https://doc.rust-lang.org/std/intrinsics/simd/fn.simd_reduce_add_ordered.html
Function simd_reduce_add_unordered Copy item path	https://doc.rust-lang.org/std/intrinsics/simd/fn.simd_reduce_add_unordered.html
Function simd_reduce_all Copy item path	https://doc.rust-lang.org/std/intrinsics/simd/fn.simd_reduce_all.html
Function simd_reduce_and Copy item path	https://doc.rust-lang.org/std/intrinsics/simd/fn.simd_reduce_and.html
Function simd_reduce_any Copy item path	https://doc.rust-lang.org/std/intrinsics/simd/fn.simd_reduce_any.html
Function simd_reduce_max Copy item path	https://doc.rust-lang.org/std/intrinsics/simd/fn.simd_reduce_max.html
Function simd_reduce_min Copy item path	https://doc.rust-lang.org/std/intrinsics/simd/fn.simd_reduce_min.html
Function simd_reduce_mul_ordered Copy item path	https://doc.rust-lang.org/std/intrinsics/simd/fn.simd_reduce_mul_ordered.html
Function simd_reduce_mul_unordered Copy item path	https://doc.rust-lang.org/std/intrinsics/simd/fn.simd_reduce_mul_unordered.html
Function simd_reduce_or Copy item path	https://doc.rust-lang.org/std/intrinsics/simd/fn.simd_reduce_or.html
Function simd_reduce_xor Copy item path	https://doc.rust-lang.org/std/intrinsics/simd/fn.simd_reduce_xor.html
Function simd_relaxed_fma Copy item path	https://doc.rust-lang.org/std/intrinsics/simd/fn.simd_relaxed_fma.html
Function simd_rem Copy item path	https://doc.rust-lang.org/std/intrinsics/simd/fn.simd_rem.html
Function simd_round Copy item path	https://doc.rust-lang.org/std/intrinsics/simd/fn.simd_round.html
Function simd_round_ties_even Copy item path	https://doc.rust-lang.org/std/intrinsics/simd/fn.simd_round_ties_even.html
Function simd_saturating_add Copy item path	https://doc.rust-lang.org/std/intrinsics/simd/fn.simd_saturating_add.html
Function simd_saturating_sub Copy item path	https://doc.rust-lang.org/std/intrinsics/simd/fn.simd_saturating_sub.html
Function simd_scatter Copy item path	https://doc.rust-lang.org/std/intrinsics/simd/fn.simd_scatter.html
Function simd_select Copy item path	https://doc.rust-lang.org/std/intrinsics/simd/fn.simd_select.html
Function simd_select_bitmask Copy item path	https://doc.rust-lang.org/std/intrinsics/simd/fn.simd_select_bitmask.html
Function simd_shl Copy item path	https://doc.rust-lang.org/std/intrinsics/simd/fn.simd_shl.html
Function simd_shr Copy item path	https://doc.rust-lang.org/std/intrinsics/simd/fn.simd_shr.html
Function simd_shuffle Copy item path	https://doc.rust-lang.org/std/intrinsics/simd/fn.simd_shuffle.html
Function simd_splat Copy item path	https://doc.rust-lang.org/std/intrinsics/simd/fn.simd_splat.html
Function simd_sub Copy item path	https://doc.rust-lang.org/std/intrinsics/simd/fn.simd_sub.html
Function simd_trunc Copy item path	https://doc.rust-lang.org/std/intrinsics/simd/fn.simd_trunc.html
Function simd_with_exposed_provenance Copy item path	https://doc.rust-lang.org/std/intrinsics/simd/fn.simd_with_exposed_provenance.html
Function simd_xor Copy item path	https://doc.rust-lang.org/std/intrinsics/simd/fn.simd_xor.html
Function sve_tuple_create2 Copy item path	https://doc.rust-lang.org/std/intrinsics/simd/scalable/fn.sve_tuple_create2.html
Function sve_tuple_create3 Copy item path	https://doc.rust-lang.org/std/intrinsics/simd/scalable/fn.sve_tuple_create3.html
Function sve_tuple_create4 Copy item path	https://doc.rust-lang.org/std/intrinsics/simd/scalable/fn.sve_tuple_create4.html
Function sve_tuple_get Copy item path	https://doc.rust-lang.org/std/intrinsics/simd/scalable/fn.sve_tuple_get.html
Function sve_tuple_set Copy item path	https://doc.rust-lang.org/std/intrinsics/simd/scalable/fn.sve_tuple_set.html
Enum ErrorKind Copy item path	https://doc.rust-lang.org/std/io/enum.ErrorKind.html
Enum SeekFrom Copy item path	https://doc.rust-lang.org/std/io/enum.SeekFrom.html
Function copy Copy item path	https://doc.rust-lang.org/std/io/fn.copy.html
Function empty Copy item path	https://doc.rust-lang.org/std/io/fn.empty.html
Function pipe Copy item path	https://doc.rust-lang.org/std/io/fn.pipe.html
Function read_to_string Copy item path	https://doc.rust-lang.org/std/io/fn.read_to_string.html
Function repeat Copy item path	https://doc.rust-lang.org/std/io/fn.repeat.html
Function sink Copy item path	https://doc.rust-lang.org/std/io/fn.sink.html
Function stderr Copy item path	https://doc.rust-lang.org/std/io/fn.stderr.html
Function stdin Copy item path	https://doc.rust-lang.org/std/io/fn.stdin.html
Function stdout Copy item path	https://doc.rust-lang.org/std/io/fn.stdout.html
Module io Copy item path	https://doc.rust-lang.org/std/io/index.html
Macro const_error Copy item path	https://doc.rust-lang.org/std/io/macro.const_error.html
Struct BorrowedBuf Copy item path	https://doc.rust-lang.org/std/io/struct.BorrowedBuf.html
Struct BorrowedCursor Copy item path	https://doc.rust-lang.org/std/io/struct.BorrowedCursor.html
Struct BufReader Copy item path	https://doc.rust-lang.org/std/io/struct.BufReader.html
Struct BufWriter Copy item path	https://doc.rust-lang.org/std/io/struct.BufWriter.html
Struct Bytes Copy item path	https://doc.rust-lang.org/std/io/struct.Bytes.html
Struct Chain Copy item path	https://doc.rust-lang.org/std/io/struct.Chain.html
Struct Cursor Copy item path	https://doc.rust-lang.org/std/io/struct.Cursor.html
Struct Empty Copy item path	https://doc.rust-lang.org/std/io/struct.Empty.html
Struct Error Copy item path	https://doc.rust-lang.org/std/io/struct.Error.html
Struct IntoInnerError Copy item path	https://doc.rust-lang.org/std/io/struct.IntoInnerError.html
Struct IoSlice Copy item path	https://doc.rust-lang.org/std/io/struct.IoSlice.html
Struct IoSliceMut Copy item path	https://doc.rust-lang.org/std/io/struct.IoSliceMut.html
Struct LineWriter Copy item path	https://doc.rust-lang.org/std/io/struct.LineWriter.html
Struct Lines Copy item path	https://doc.rust-lang.org/std/io/struct.Lines.html
Struct PipeReader Copy item path	https://doc.rust-lang.org/std/io/struct.PipeReader.html
Struct PipeWriter Copy item path	https://doc.rust-lang.org/std/io/struct.PipeWriter.html
Struct Repeat Copy item path	https://doc.rust-lang.org/std/io/struct.Repeat.html
Struct Sink Copy item path	https://doc.rust-lang.org/std/io/struct.Sink.html
Struct Split Copy item path	https://doc.rust-lang.org/std/io/struct.Split.html
Struct Stderr Copy item path	https://doc.rust-lang.org/std/io/struct.Stderr.html
Struct StderrLock Copy item path	https://doc.rust-lang.org/std/io/struct.StderrLock.html
Struct Stdin Copy item path	https://doc.rust-lang.org/std/io/struct.Stdin.html
Struct StdinLock Copy item path	https://doc.rust-lang.org/std/io/struct.StdinLock.html
Struct Stdout Copy item path	https://doc.rust-lang.org/std/io/struct.Stdout.html
Struct StdoutLock Copy item path	https://doc.rust-lang.org/std/io/struct.StdoutLock.html
Struct Take Copy item path	https://doc.rust-lang.org/std/io/struct.Take.html
Struct WriterPanicked Copy item path	https://doc.rust-lang.org/std/io/struct.WriterPanicked.html
Trait BufRead Copy item path	https://doc.rust-lang.org/std/io/trait.BufRead.html
Trait FromEndianBytes Copy item path	https://doc.rust-lang.org/std/io/trait.FromEndianBytes.html
Trait IsTerminal Copy item path	https://doc.rust-lang.org/std/io/trait.IsTerminal.html
Trait Read Copy item path	https://doc.rust-lang.org/std/io/trait.Read.html
Trait Seek Copy item path	https://doc.rust-lang.org/std/io/trait.Seek.html
Trait Write Copy item path	https://doc.rust-lang.org/std/io/trait.Write.html
Type Alias RawOsError Copy item path	https://doc.rust-lang.org/std/io/type.RawOsError.html
Type Alias Result Copy item path	https://doc.rust-lang.org/std/io/type.Result.html
Constant MAX Copy item path	https://doc.rust-lang.org/std/isize/constant.MAX.html
Constant MIN Copy item path	https://doc.rust-lang.org/std/isize/constant.MIN.html
Module isize Copy item path	https://doc.rust-lang.org/std/isize/index.html
Function chain Copy item path	https://doc.rust-lang.org/std/iter/fn.chain.html
Function empty Copy item path	https://doc.rust-lang.org/std/iter/fn.empty.html
Function from_coroutine Copy item path	https://doc.rust-lang.org/std/iter/fn.from_coroutine.html
Function from_fn Copy item path	https://doc.rust-lang.org/std/iter/fn.from_fn.html
Function once Copy item path	https://doc.rust-lang.org/std/iter/fn.once.html
Function once_with Copy item path	https://doc.rust-lang.org/std/iter/fn.once_with.html
Function repeat Copy item path	https://doc.rust-lang.org/std/iter/fn.repeat.html
Function repeat_n Copy item path	https://doc.rust-lang.org/std/iter/fn.repeat_n.html
Function repeat_with Copy item path	https://doc.rust-lang.org/std/iter/fn.repeat_with.html
Function successors Copy item path	https://doc.rust-lang.org/std/iter/fn.successors.html
Function zip Copy item path	https://doc.rust-lang.org/std/iter/fn.zip.html
Module iter Copy item path	https://doc.rust-lang.org/std/iter/index.html
Macro iter Copy item path	https://doc.rust-lang.org/std/iter/macro.iter.html
Struct ArrayChunks Copy item path	https://doc.rust-lang.org/std/iter/struct.ArrayChunks.html
Struct ByRefSized Copy item path	https://doc.rust-lang.org/std/iter/struct.ByRefSized.html
Struct Chain Copy item path	https://doc.rust-lang.org/std/iter/struct.Chain.html
Struct Cloned Copy item path	https://doc.rust-lang.org/std/iter/struct.Cloned.html
Struct Copied Copy item path	https://doc.rust-lang.org/std/iter/struct.Copied.html
Struct Cycle Copy item path	https://doc.rust-lang.org/std/iter/struct.Cycle.html
Struct Empty Copy item path	https://doc.rust-lang.org/std/iter/struct.Empty.html
Struct Enumerate Copy item path	https://doc.rust-lang.org/std/iter/struct.Enumerate.html
Struct Filter Copy item path	https://doc.rust-lang.org/std/iter/struct.Filter.html
Struct FilterMap Copy item path	https://doc.rust-lang.org/std/iter/struct.FilterMap.html
Struct FlatMap Copy item path	https://doc.rust-lang.org/std/iter/struct.FlatMap.html
Struct Flatten Copy item path	https://doc.rust-lang.org/std/iter/struct.Flatten.html
Struct FromCoroutine Copy item path	https://doc.rust-lang.org/std/iter/struct.FromCoroutine.html
Struct FromFn Copy item path	https://doc.rust-lang.org/std/iter/struct.FromFn.html
Struct Fuse Copy item path	https://doc.rust-lang.org/std/iter/struct.Fuse.html
Struct Inspect Copy item path	https://doc.rust-lang.org/std/iter/struct.Inspect.html
Struct Intersperse Copy item path	https://doc.rust-lang.org/std/iter/struct.Intersperse.html
Struct IntersperseWith Copy item path	https://doc.rust-lang.org/std/iter/struct.IntersperseWith.html
Struct Map Copy item path	https://doc.rust-lang.org/std/iter/struct.Map.html
Struct MapWhile Copy item path	https://doc.rust-lang.org/std/iter/struct.MapWhile.html
Struct MapWindows Copy item path	https://doc.rust-lang.org/std/iter/struct.MapWindows.html
Struct Once Copy item path	https://doc.rust-lang.org/std/iter/struct.Once.html
Struct OnceWith Copy item path	https://doc.rust-lang.org/std/iter/struct.OnceWith.html
Struct Peekable Copy item path	https://doc.rust-lang.org/std/iter/struct.Peekable.html
Struct Repeat Copy item path	https://doc.rust-lang.org/std/iter/struct.Repeat.html
Struct RepeatN Copy item path	https://doc.rust-lang.org/std/iter/struct.RepeatN.html
Struct RepeatWith Copy item path	https://doc.rust-lang.org/std/iter/struct.RepeatWith.html
Struct Rev Copy item path	https://doc.rust-lang.org/std/iter/struct.Rev.html
Struct Scan Copy item path	https://doc.rust-lang.org/std/iter/struct.Scan.html
Struct Skip Copy item path	https://doc.rust-lang.org/std/iter/struct.Skip.html
Struct SkipWhile Copy item path	https://doc.rust-lang.org/std/iter/struct.SkipWhile.html
Struct StepBy Copy item path	https://doc.rust-lang.org/std/iter/struct.StepBy.html
Struct Successors Copy item path	https://doc.rust-lang.org/std/iter/struct.Successors.html
Struct Take Copy item path	https://doc.rust-lang.org/std/iter/struct.Take.html
Struct TakeWhile Copy item path	https://doc.rust-lang.org/std/iter/struct.TakeWhile.html
Struct Zip Copy item path	https://doc.rust-lang.org/std/iter/struct.Zip.html
Trait DoubleEndedIterator Copy item path	https://doc.rust-lang.org/std/iter/trait.DoubleEndedIterator.html
Trait ExactSizeIterator Copy item path	https://doc.rust-lang.org/std/iter/trait.ExactSizeIterator.html
Trait Extend Copy item path	https://doc.rust-lang.org/std/iter/trait.Extend.html
Trait FromIterator Copy item path	https://doc.rust-lang.org/std/iter/trait.FromIterator.html
Trait FusedIterator Copy item path	https://doc.rust-lang.org/std/iter/trait.FusedIterator.html
Trait IntoIterator Copy item path	https://doc.rust-lang.org/std/iter/trait.IntoIterator.html
Trait Iterator Copy item path	https://doc.rust-lang.org/std/iter/trait.Iterator.html
Trait Product Copy item path	https://doc.rust-lang.org/std/iter/trait.Product.html
Trait Step Copy item path	https://doc.rust-lang.org/std/iter/trait.Step.html
Trait Sum Copy item path	https://doc.rust-lang.org/std/iter/trait.Sum.html
Trait TrustedLen Copy item path	https://doc.rust-lang.org/std/iter/trait.TrustedLen.html
Trait TrustedStep Copy item path	https://doc.rust-lang.org/std/iter/trait.TrustedStep.html
Keyword as Copy item path	https://doc.rust-lang.org/std/keyword.as.html
Keyword async Copy item path	https://doc.rust-lang.org/std/keyword.async.html
Keyword await Copy item path	https://doc.rust-lang.org/std/keyword.await.html
Keyword become Copy item path	https://doc.rust-lang.org/std/keyword.become.html
Keyword break Copy item path	https://doc.rust-lang.org/std/keyword.break.html
Keyword const Copy item path	https://doc.rust-lang.org/std/keyword.const.html
Keyword continue Copy item path	https://doc.rust-lang.org/std/keyword.continue.html
Keyword crate Copy item path	https://doc.rust-lang.org/std/keyword.crate.html
Keyword dyn Copy item path	https://doc.rust-lang.org/std/keyword.dyn.html
Keyword else Copy item path	https://doc.rust-lang.org/std/keyword.else.html
Keyword enum Copy item path	https://doc.rust-lang.org/std/keyword.enum.html
Keyword extern Copy item path	https://doc.rust-lang.org/std/keyword.extern.html
Keyword false Copy item path	https://doc.rust-lang.org/std/keyword.false.html
Keyword fn Copy item path	https://doc.rust-lang.org/std/keyword.fn.html
Keyword for Copy item path	https://doc.rust-lang.org/std/keyword.for.html
Keyword if Copy item path	https://doc.rust-lang.org/std/keyword.if.html
Keyword impl Copy item path	https://doc.rust-lang.org/std/keyword.impl.html
Keyword in Copy item path	https://doc.rust-lang.org/std/keyword.in.html
Keyword let Copy item path	https://doc.rust-lang.org/std/keyword.let.html
Keyword loop Copy item path	https://doc.rust-lang.org/std/keyword.loop.html
Keyword match Copy item path	https://doc.rust-lang.org/std/keyword.match.html
Keyword mod Copy item path	https://doc.rust-lang.org/std/keyword.mod.html
Keyword move Copy item path	https://doc.rust-lang.org/std/keyword.move.html
Keyword mut Copy item path	https://doc.rust-lang.org/std/keyword.mut.html
Keyword pub Copy item path	https://doc.rust-lang.org/std/keyword.pub.html
Keyword ref Copy item path	https://doc.rust-lang.org/std/keyword.ref.html
Keyword return Copy item path	https://doc.rust-lang.org/std/keyword.return.html
Keyword self Copy item path	https://doc.rust-lang.org/std/keyword.self.html
Keyword static Copy item path	https://doc.rust-lang.org/std/keyword.static.html
Keyword struct Copy item path	https://doc.rust-lang.org/std/keyword.struct.html
Keyword super Copy item path	https://doc.rust-lang.org/std/keyword.super.html
Keyword trait Copy item path	https://doc.rust-lang.org/std/keyword.trait.html
Keyword true Copy item path	https://doc.rust-lang.org/std/keyword.true.html
Keyword type Copy item path	https://doc.rust-lang.org/std/keyword.type.html
Keyword union Copy item path	https://doc.rust-lang.org/std/keyword.union.html
Keyword unsafe Copy item path	https://doc.rust-lang.org/std/keyword.unsafe.html
Keyword use Copy item path	https://doc.rust-lang.org/std/keyword.use.html
Keyword where Copy item path	https://doc.rust-lang.org/std/keyword.where.html
Keyword while Copy item path	https://doc.rust-lang.org/std/keyword.while.html
Macro assert Copy item path	https://doc.rust-lang.org/std/macro.assert.html
Macro cfg Copy item path	https://doc.rust-lang.org/std/macro.cfg.html
Macro column Copy item path	https://doc.rust-lang.org/std/macro.column.html
Macro concat Copy item path	https://doc.rust-lang.org/std/macro.concat.html
Macro dbg Copy item path	https://doc.rust-lang.org/std/macro.dbg.html
Macro env Copy item path	https://doc.rust-lang.org/std/macro.env.html
Macro eprint Copy item path	https://doc.rust-lang.org/std/macro.eprint.html
Macro eprintln Copy item path	https://doc.rust-lang.org/std/macro.eprintln.html
Macro file Copy item path	https://doc.rust-lang.org/std/macro.file.html
Macro format Copy item path	https://doc.rust-lang.org/std/macro.format.html
Macro include Copy item path	https://doc.rust-lang.org/std/macro.include.html
Macro line Copy item path	https://doc.rust-lang.org/std/macro.line.html
Macro matches Copy item path	https://doc.rust-lang.org/std/macro.matches.html
Macro panic Copy item path	https://doc.rust-lang.org/std/macro.panic.html
Macro print Copy item path	https://doc.rust-lang.org/std/macro.print.html
Macro println Copy item path	https://doc.rust-lang.org/std/macro.println.html
Macro stringify Copy item path	https://doc.rust-lang.org/std/macro.stringify.html
Macro todo Copy item path	https://doc.rust-lang.org/std/macro.todo.html
Macro try Copy item path	https://doc.rust-lang.org/std/macro.try.html
Macro unimplemented Copy item path	https://doc.rust-lang.org/std/macro.unimplemented.html
Macro unreachable Copy item path	https://doc.rust-lang.org/std/macro.unreachable.html
Macro vec Copy item path	https://doc.rust-lang.org/std/macro.vec.html
Macro write Copy item path	https://doc.rust-lang.org/std/macro.write.html
Macro writeln Copy item path	https://doc.rust-lang.org/std/macro.writeln.html
Derive Macro CoercePointee Copy item path	https://doc.rust-lang.org/std/marker/derive.CoercePointee.html
Derive Macro ConstParamTy Copy item path	https://doc.rust-lang.org/std/marker/derive.ConstParamTy.html
Derive Macro Copy Copy item path	https://doc.rust-lang.org/std/marker/derive.Copy.html
Function variance Copy item path	https://doc.rust-lang.org/std/marker/fn.variance.html
Module marker Copy item path	https://doc.rust-lang.org/std/marker/index.html
Struct PhantomContravariant Copy item path	https://doc.rust-lang.org/std/marker/struct.PhantomContravariant.html
Struct PhantomContravariantLifetime Copy item path	https://doc.rust-lang.org/std/marker/struct.PhantomContravariantLifetime.html
Struct PhantomCovariant Copy item path	https://doc.rust-lang.org/std/marker/struct.PhantomCovariant.html
Struct PhantomCovariantLifetime Copy item path	https://doc.rust-lang.org/std/marker/struct.PhantomCovariantLifetime.html
Struct PhantomData Copy item path	https://doc.rust-lang.org/std/marker/struct.PhantomData.html
Struct PhantomInvariant Copy item path	https://doc.rust-lang.org/std/marker/struct.PhantomInvariant.html
Struct PhantomInvariantLifetime Copy item path	https://doc.rust-lang.org/std/marker/struct.PhantomInvariantLifetime.html
Struct PhantomPinned Copy item path	https://doc.rust-lang.org/std/marker/struct.PhantomPinned.html
Trait CoerceShared Copy item path	https://doc.rust-lang.org/std/marker/trait.CoerceShared.html
Trait ConstParamTy\_ Copy item path	https://doc.rust-lang.org/std/marker/trait.ConstParamTy_.html
Trait Copy Copy item path	https://doc.rust-lang.org/std/marker/trait.Copy.html
Trait Destruct Copy item path	https://doc.rust-lang.org/std/marker/trait.Destruct.html
Trait DiscriminantKind Copy item path	https://doc.rust-lang.org/std/marker/trait.DiscriminantKind.html
Trait FnPtr Copy item path	https://doc.rust-lang.org/std/marker/trait.FnPtr.html
Trait Freeze Copy item path	https://doc.rust-lang.org/std/marker/trait.Freeze.html
Trait MetaSized Copy item path	https://doc.rust-lang.org/std/marker/trait.MetaSized.html
Trait PointeeSized Copy item path	https://doc.rust-lang.org/std/marker/trait.PointeeSized.html
Trait Reborrow Copy item path	https://doc.rust-lang.org/std/marker/trait.Reborrow.html
Trait Send Copy item path	https://doc.rust-lang.org/std/marker/trait.Send.html
Trait Sized Copy item path	https://doc.rust-lang.org/std/marker/trait.Sized.html
Trait StructuralPartialEq Copy item path	https://doc.rust-lang.org/std/marker/trait.StructuralPartialEq.html
Trait Sync Copy item path	https://doc.rust-lang.org/std/marker/trait.Sync.html
Trait Tuple Copy item path	https://doc.rust-lang.org/std/marker/trait.Tuple.html
Trait Unpin Copy item path	https://doc.rust-lang.org/std/marker/trait.Unpin.html
Trait UnsafeUnpin Copy item path	https://doc.rust-lang.org/std/marker/trait.UnsafeUnpin.html
Trait Unsize Copy item path	https://doc.rust-lang.org/std/marker/trait.Unsize.html
Trait Variance Copy item path	https://doc.rust-lang.org/std/marker/trait.Variance.html
Function align_of Copy item path	https://doc.rust-lang.org/std/mem/fn.align_of.html
Function align_of_val Copy item path	https://doc.rust-lang.org/std/mem/fn.align_of_val.html
Function align_of_val_raw Copy item path	https://doc.rust-lang.org/std/mem/fn.align_of_val_raw.html
Function conjure_zst Copy item path	https://doc.rust-lang.org/std/mem/fn.conjure_zst.html
Function copy Copy item path	https://doc.rust-lang.org/std/mem/fn.copy.html
Function discriminant Copy item path	https://doc.rust-lang.org/std/mem/fn.discriminant.html
Function drop Copy item path	https://doc.rust-lang.org/std/mem/fn.drop.html
Function forget Copy item path	https://doc.rust-lang.org/std/mem/fn.forget.html
Function forget_unsized Copy item path	https://doc.rust-lang.org/std/mem/fn.forget_unsized.html
Function min_align_of Copy item path	https://doc.rust-lang.org/std/mem/fn.min_align_of.html
Function min_align_of_val Copy item path	https://doc.rust-lang.org/std/mem/fn.min_align_of_val.html
Function needs_drop Copy item path	https://doc.rust-lang.org/std/mem/fn.needs_drop.html
Function replace Copy item path	https://doc.rust-lang.org/std/mem/fn.replace.html
Function size_of Copy item path	https://doc.rust-lang.org/std/mem/fn.size_of.html
Function size_of_val Copy item path	https://doc.rust-lang.org/std/mem/fn.size_of_val.html
Function size_of_val_raw Copy item path	https://doc.rust-lang.org/std/mem/fn.size_of_val_raw.html
Function swap Copy item path	https://doc.rust-lang.org/std/mem/fn.swap.html
Function take Copy item path	https://doc.rust-lang.org/std/mem/fn.take.html
Function transmute Copy item path	https://doc.rust-lang.org/std/mem/fn.transmute.html
Function transmute_copy Copy item path	https://doc.rust-lang.org/std/mem/fn.transmute_copy.html
Function transmute_neo Copy item path	https://doc.rust-lang.org/std/mem/fn.transmute_neo.html
Function transmute_prefix Copy item path	https://doc.rust-lang.org/std/mem/fn.transmute_prefix.html
Function uninitialized Copy item path	https://doc.rust-lang.org/std/mem/fn.uninitialized.html
Function variant_count Copy item path	https://doc.rust-lang.org/std/mem/fn.variant_count.html
Function zeroed Copy item path	https://doc.rust-lang.org/std/mem/fn.zeroed.html
Module mem Copy item path	https://doc.rust-lang.org/std/mem/index.html
Macro offset_of Copy item path	https://doc.rust-lang.org/std/mem/macro.offset_of.html
Struct Alignment Copy item path	https://doc.rust-lang.org/std/mem/struct.Alignment.html
Struct Assume Copy item path	https://doc.rust-lang.org/std/mem/struct.Assume.html
Struct Discriminant Copy item path	https://doc.rust-lang.org/std/mem/struct.Discriminant.html
Struct DropGuard Copy item path	https://doc.rust-lang.org/std/mem/struct.DropGuard.html
Struct ManuallyDrop Copy item path	https://doc.rust-lang.org/std/mem/struct.ManuallyDrop.html
Struct MaybeDangling Copy item path	https://doc.rust-lang.org/std/mem/struct.MaybeDangling.html
Trait TransmuteFrom Copy item path	https://doc.rust-lang.org/std/mem/trait.TransmuteFrom.html
Enum Abi Copy item path	https://doc.rust-lang.org/std/mem/type_info/enum.Abi.html
Enum Generic Copy item path	https://doc.rust-lang.org/std/mem/type_info/enum.Generic.html
Enum TypeKind Copy item path	https://doc.rust-lang.org/std/mem/type_info/enum.TypeKind.html
Struct Array Copy item path	https://doc.rust-lang.org/std/mem/type_info/struct.Array.html
Struct Bool Copy item path	https://doc.rust-lang.org/std/mem/type_info/struct.Bool.html
Struct Char Copy item path	https://doc.rust-lang.org/std/mem/type_info/struct.Char.html
Struct Const Copy item path	https://doc.rust-lang.org/std/mem/type_info/struct.Const.html
Struct DynTrait Copy item path	https://doc.rust-lang.org/std/mem/type_info/struct.DynTrait.html
Struct DynTraitPredicate Copy item path	https://doc.rust-lang.org/std/mem/type_info/struct.DynTraitPredicate.html
Struct Enum Copy item path	https://doc.rust-lang.org/std/mem/type_info/struct.Enum.html
Struct Field Copy item path	https://doc.rust-lang.org/std/mem/type_info/struct.Field.html
Struct FieldId Copy item path	https://doc.rust-lang.org/std/mem/type_info/struct.FieldId.html
Struct Float Copy item path	https://doc.rust-lang.org/std/mem/type_info/struct.Float.html
Struct FnPtr Copy item path	https://doc.rust-lang.org/std/mem/type_info/struct.FnPtr.html
Struct GenericType Copy item path	https://doc.rust-lang.org/std/mem/type_info/struct.GenericType.html
Struct Int Copy item path	https://doc.rust-lang.org/std/mem/type_info/struct.Int.html
Struct Lifetime Copy item path	https://doc.rust-lang.org/std/mem/type_info/struct.Lifetime.html
Struct Pointer Copy item path	https://doc.rust-lang.org/std/mem/type_info/struct.Pointer.html
Struct Reference Copy item path	https://doc.rust-lang.org/std/mem/type_info/struct.Reference.html
Struct Slice Copy item path	https://doc.rust-lang.org/std/mem/type_info/struct.Slice.html
Struct Str Copy item path	https://doc.rust-lang.org/std/mem/type_info/struct.Str.html
Struct Struct Copy item path	https://doc.rust-lang.org/std/mem/type_info/struct.Struct.html
Struct Trait Copy item path	https://doc.rust-lang.org/std/mem/type_info/struct.Trait.html
Struct TraitImpl Copy item path	https://doc.rust-lang.org/std/mem/type_info/struct.TraitImpl.html
Struct Tuple Copy item path	https://doc.rust-lang.org/std/mem/type_info/struct.Tuple.html
Struct Type Copy item path	https://doc.rust-lang.org/std/mem/type_info/struct.Type.html
Struct Union Copy item path	https://doc.rust-lang.org/std/mem/type_info/struct.Union.html
Struct Variant Copy item path	https://doc.rust-lang.org/std/mem/type_info/struct.Variant.html
Union MaybeUninit Copy item path	https://doc.rust-lang.org/std/mem/union.MaybeUninit.html
Enum IpAddr Copy item path	https://doc.rust-lang.org/std/net/enum.IpAddr.html
Enum Ipv6MulticastScope Copy item path	https://doc.rust-lang.org/std/net/enum.Ipv6MulticastScope.html
Enum Shutdown Copy item path	https://doc.rust-lang.org/std/net/enum.Shutdown.html
Enum SocketAddr Copy item path	https://doc.rust-lang.org/std/net/enum.SocketAddr.html
Function hostname Copy item path	https://doc.rust-lang.org/std/net/fn.hostname.html
Module net Copy item path	https://doc.rust-lang.org/std/net/index.html
Struct AddrParseError Copy item path	https://doc.rust-lang.org/std/net/struct.AddrParseError.html
Struct Incoming Copy item path	https://doc.rust-lang.org/std/net/struct.Incoming.html
Struct IntoIncoming Copy item path	https://doc.rust-lang.org/std/net/struct.IntoIncoming.html
Struct Ipv4Addr Copy item path	https://doc.rust-lang.org/std/net/struct.Ipv4Addr.html
Struct Ipv6Addr Copy item path	https://doc.rust-lang.org/std/net/struct.Ipv6Addr.html
Struct SocketAddrV4 Copy item path	https://doc.rust-lang.org/std/net/struct.SocketAddrV4.html
Struct SocketAddrV6 Copy item path	https://doc.rust-lang.org/std/net/struct.SocketAddrV6.html
Struct TcpListener Copy item path	https://doc.rust-lang.org/std/net/struct.TcpListener.html
Struct TcpStream Copy item path	https://doc.rust-lang.org/std/net/struct.TcpStream.html
Struct UdpSocket Copy item path	https://doc.rust-lang.org/std/net/struct.UdpSocket.html
Trait ToSocketAddrs Copy item path	https://doc.rust-lang.org/std/net/trait.ToSocketAddrs.html
Enum FpCategory Copy item path	https://doc.rust-lang.org/std/num/enum.FpCategory.html
Enum IntErrorKind Copy item path	https://doc.rust-lang.org/std/num/enum.IntErrorKind.html
Module num Copy item path	https://doc.rust-lang.org/std/num/index.html
Struct NonZero Copy item path	https://doc.rust-lang.org/std/num/struct.NonZero.html
Struct ParseFloatError Copy item path	https://doc.rust-lang.org/std/num/struct.ParseFloatError.html
Struct ParseIntError Copy item path	https://doc.rust-lang.org/std/num/struct.ParseIntError.html
Struct Saturating Copy item path	https://doc.rust-lang.org/std/num/struct.Saturating.html
Struct TryFromIntError Copy item path	https://doc.rust-lang.org/std/num/struct.TryFromIntError.html
Struct Wrapping Copy item path	https://doc.rust-lang.org/std/num/struct.Wrapping.html
Trait ZeroablePrimitive Copy item path	https://doc.rust-lang.org/std/num/trait.ZeroablePrimitive.html
Type Alias NonZeroI128 Copy item path	https://doc.rust-lang.org/std/num/type.NonZeroI128.html
Type Alias NonZeroI16 Copy item path	https://doc.rust-lang.org/std/num/type.NonZeroI16.html
Type Alias NonZeroI32 Copy item path	https://doc.rust-lang.org/std/num/type.NonZeroI32.html
Type Alias NonZeroI64 Copy item path	https://doc.rust-lang.org/std/num/type.NonZeroI64.html
Type Alias NonZeroI8 Copy item path	https://doc.rust-lang.org/std/num/type.NonZeroI8.html
Type Alias NonZeroIsize Copy item path	https://doc.rust-lang.org/std/num/type.NonZeroIsize.html
Type Alias NonZeroU128 Copy item path	https://doc.rust-lang.org/std/num/type.NonZeroU128.html
Type Alias NonZeroU16 Copy item path	https://doc.rust-lang.org/std/num/type.NonZeroU16.html
Type Alias NonZeroU32 Copy item path	https://doc.rust-lang.org/std/num/type.NonZeroU32.html
Type Alias NonZeroU64 Copy item path	https://doc.rust-lang.org/std/num/type.NonZeroU64.html
Type Alias NonZeroU8 Copy item path	https://doc.rust-lang.org/std/num/type.NonZeroU8.html
Type Alias NonZeroUsize Copy item path	https://doc.rust-lang.org/std/num/type.NonZeroUsize.html
Module offload Copy item path	https://doc.rust-lang.org/std/offload/index.html
Enum Bound Copy item path	https://doc.rust-lang.org/std/ops/enum.Bound.html
Enum ControlFlow Copy item path	https://doc.rust-lang.org/std/ops/enum.ControlFlow.html
Enum CoroutineState Copy item path	https://doc.rust-lang.org/std/ops/enum.CoroutineState.html
Enum OneSidedRangeBound Copy item path	https://doc.rust-lang.org/std/ops/enum.OneSidedRangeBound.html
Module ops Copy item path	https://doc.rust-lang.org/std/ops/index.html
Struct Range Copy item path	https://doc.rust-lang.org/std/ops/struct.Range.html
Struct RangeFrom Copy item path	https://doc.rust-lang.org/std/ops/struct.RangeFrom.html
Struct RangeFull Copy item path	https://doc.rust-lang.org/std/ops/struct.RangeFull.html
Struct RangeInclusive Copy item path	https://doc.rust-lang.org/std/ops/struct.RangeInclusive.html
Struct RangeTo Copy item path	https://doc.rust-lang.org/std/ops/struct.RangeTo.html
Struct RangeToInclusive Copy item path	https://doc.rust-lang.org/std/ops/struct.RangeToInclusive.html
Struct Yeet Copy item path	https://doc.rust-lang.org/std/ops/struct.Yeet.html
Trait Add Copy item path	https://doc.rust-lang.org/std/ops/trait.Add.html
Trait AddAssign Copy item path	https://doc.rust-lang.org/std/ops/trait.AddAssign.html
Trait AsyncFn Copy item path	https://doc.rust-lang.org/std/ops/trait.AsyncFn.html
Trait AsyncFnMut Copy item path	https://doc.rust-lang.org/std/ops/trait.AsyncFnMut.html
Trait AsyncFnOnce Copy item path	https://doc.rust-lang.org/std/ops/trait.AsyncFnOnce.html
Trait BitAnd Copy item path	https://doc.rust-lang.org/std/ops/trait.BitAnd.html
Trait BitAndAssign Copy item path	https://doc.rust-lang.org/std/ops/trait.BitAndAssign.html
Trait BitOr Copy item path	https://doc.rust-lang.org/std/ops/trait.BitOr.html
Trait BitOrAssign Copy item path	https://doc.rust-lang.org/std/ops/trait.BitOrAssign.html
Trait BitXor Copy item path	https://doc.rust-lang.org/std/ops/trait.BitXor.html
Trait BitXorAssign Copy item path	https://doc.rust-lang.org/std/ops/trait.BitXorAssign.html
Trait CoerceUnsized Copy item path	https://doc.rust-lang.org/std/ops/trait.CoerceUnsized.html
Trait Coroutine Copy item path	https://doc.rust-lang.org/std/ops/trait.Coroutine.html
Trait Deref Copy item path	https://doc.rust-lang.org/std/ops/trait.Deref.html
Trait DerefMut Copy item path	https://doc.rust-lang.org/std/ops/trait.DerefMut.html
Trait DerefPure Copy item path	https://doc.rust-lang.org/std/ops/trait.DerefPure.html
Trait DispatchFromDyn Copy item path	https://doc.rust-lang.org/std/ops/trait.DispatchFromDyn.html
Trait Div Copy item path	https://doc.rust-lang.org/std/ops/trait.Div.html
Trait DivAssign Copy item path	https://doc.rust-lang.org/std/ops/trait.DivAssign.html
Trait Drop Copy item path	https://doc.rust-lang.org/std/ops/trait.Drop.html
Trait Fn Copy item path	https://doc.rust-lang.org/std/ops/trait.Fn.html
Trait FnMut Copy item path	https://doc.rust-lang.org/std/ops/trait.FnMut.html
Trait FnOnce Copy item path	https://doc.rust-lang.org/std/ops/trait.FnOnce.html
Trait FromResidual Copy item path	https://doc.rust-lang.org/std/ops/trait.FromResidual.html
Trait Index Copy item path	https://doc.rust-lang.org/std/ops/trait.Index.html
Trait IndexMut Copy item path	https://doc.rust-lang.org/std/ops/trait.IndexMut.html
Trait IntoBounds Copy item path	https://doc.rust-lang.org/std/ops/trait.IntoBounds.html
Trait Mul Copy item path	https://doc.rust-lang.org/std/ops/trait.Mul.html
Trait MulAssign Copy item path	https://doc.rust-lang.org/std/ops/trait.MulAssign.html
Trait Neg Copy item path	https://doc.rust-lang.org/std/ops/trait.Neg.html
Trait Not Copy item path	https://doc.rust-lang.org/std/ops/trait.Not.html
Trait OneSidedRange Copy item path	https://doc.rust-lang.org/std/ops/trait.OneSidedRange.html
Trait RangeBounds Copy item path	https://doc.rust-lang.org/std/ops/trait.RangeBounds.html
Trait Receiver Copy item path	https://doc.rust-lang.org/std/ops/trait.Receiver.html
Trait Rem Copy item path	https://doc.rust-lang.org/std/ops/trait.Rem.html
Trait RemAssign Copy item path	https://doc.rust-lang.org/std/ops/trait.RemAssign.html
Trait Residual Copy item path	https://doc.rust-lang.org/std/ops/trait.Residual.html
Trait Shl Copy item path	https://doc.rust-lang.org/std/ops/trait.Shl.html
Trait ShlAssign Copy item path	https://doc.rust-lang.org/std/ops/trait.ShlAssign.html
Trait Shr Copy item path	https://doc.rust-lang.org/std/ops/trait.Shr.html
Trait ShrAssign Copy item path	https://doc.rust-lang.org/std/ops/trait.ShrAssign.html
Trait Sub Copy item path	https://doc.rust-lang.org/std/ops/trait.Sub.html
Trait SubAssign Copy item path	https://doc.rust-lang.org/std/ops/trait.SubAssign.html
Trait Try Copy item path	https://doc.rust-lang.org/std/ops/trait.Try.html
Enum Option Copy item path	https://doc.rust-lang.org/std/option/enum.Option.html
Module option Copy item path	https://doc.rust-lang.org/std/option/index.html
Struct IntoIter Copy item path	https://doc.rust-lang.org/std/option/struct.IntoIter.html
Struct Iter Copy item path	https://doc.rust-lang.org/std/option/struct.Iter.html
Struct IterMut Copy item path	https://doc.rust-lang.org/std/option/struct.IterMut.html
Struct OptionFlatten Copy item path	https://doc.rust-lang.org/std/option/struct.OptionFlatten.html
Trait FileTimesExt Copy item path	https://doc.rust-lang.org/std/os/darwin/fs/trait.FileTimesExt.html
Trait MetadataExt Copy item path	https://doc.rust-lang.org/std/os/darwin/fs/trait.MetadataExt.html
Constant STDERR Copy item path	https://doc.rust-lang.org/std/os/fd/constant.STDERR.html
Constant STDIN Copy item path	https://doc.rust-lang.org/std/os/fd/constant.STDIN.html
Constant STDOUT Copy item path	https://doc.rust-lang.org/std/os/fd/constant.STDOUT.html
Struct BorrowedFd Copy item path	https://doc.rust-lang.org/std/os/fd/struct.BorrowedFd.html
Struct OwnedFd Copy item path	https://doc.rust-lang.org/std/os/fd/struct.OwnedFd.html
Trait AsFd Copy item path	https://doc.rust-lang.org/std/os/fd/trait.AsFd.html
Trait AsRawFd Copy item path	https://doc.rust-lang.org/std/os/fd/trait.AsRawFd.html
Trait FromRawFd Copy item path	https://doc.rust-lang.org/std/os/fd/trait.FromRawFd.html
Trait IntoRawFd Copy item path	https://doc.rust-lang.org/std/os/fd/trait.IntoRawFd.html
Type Alias RawFd Copy item path	https://doc.rust-lang.org/std/os/fd/type.RawFd.html
Module os Copy item path	https://doc.rust-lang.org/std/os/index.html
Trait MetadataExt Copy item path	https://doc.rust-lang.org/std/os/linux/fs/trait.MetadataExt.html
Trait SocketAddrExt Copy item path	https://doc.rust-lang.org/std/os/linux/net/trait.SocketAddrExt.html
Trait TcpStreamExt Copy item path	https://doc.rust-lang.org/std/os/linux/net/trait.TcpStreamExt.html
Trait UnixSocketExt Copy item path	https://doc.rust-lang.org/std/os/linux/net/trait.UnixSocketExt.html
Struct PidFd Copy item path	https://doc.rust-lang.org/std/os/linux/process/struct.PidFd.html
Trait ChildExt Copy item path	https://doc.rust-lang.org/std/os/linux/process/trait.ChildExt.html
Trait CommandExt Copy item path	https://doc.rust-lang.org/std/os/linux/process/trait.CommandExt.html
Struct stat Copy item path	https://doc.rust-lang.org/std/os/linux/raw/struct.stat.html
Type Alias blkcnt_t Copy item path	https://doc.rust-lang.org/std/os/linux/raw/type.blkcnt_t.html
Type Alias blksize_t Copy item path	https://doc.rust-lang.org/std/os/linux/raw/type.blksize_t.html
Type Alias dev_t Copy item path	https://doc.rust-lang.org/std/os/linux/raw/type.dev_t.html
Type Alias ino_t Copy item path	https://doc.rust-lang.org/std/os/linux/raw/type.ino_t.html
Type Alias mode_t Copy item path	https://doc.rust-lang.org/std/os/linux/raw/type.mode_t.html
Type Alias nlink_t Copy item path	https://doc.rust-lang.org/std/os/linux/raw/type.nlink_t.html
Type Alias off_t Copy item path	https://doc.rust-lang.org/std/os/linux/raw/type.off_t.html
Type Alias pthread_t Copy item path	https://doc.rust-lang.org/std/os/linux/raw/type.pthread_t.html
Type Alias time_t Copy item path	https://doc.rust-lang.org/std/os/linux/raw/type.time_t.html
Type Alias c_char Copy item path	https://doc.rust-lang.org/std/os/raw/type.c_char.html
Type Alias c_double Copy item path	https://doc.rust-lang.org/std/os/raw/type.c_double.html
Type Alias c_float Copy item path	https://doc.rust-lang.org/std/os/raw/type.c_float.html
Type Alias c_int Copy item path	https://doc.rust-lang.org/std/os/raw/type.c_int.html
Type Alias c_long Copy item path	https://doc.rust-lang.org/std/os/raw/type.c_long.html
Type Alias c_longlong Copy item path	https://doc.rust-lang.org/std/os/raw/type.c_longlong.html
Type Alias c_schar Copy item path	https://doc.rust-lang.org/std/os/raw/type.c_schar.html
Type Alias c_short Copy item path	https://doc.rust-lang.org/std/os/raw/type.c_short.html
Type Alias c_uchar Copy item path	https://doc.rust-lang.org/std/os/raw/type.c_uchar.html
Type Alias c_uint Copy item path	https://doc.rust-lang.org/std/os/raw/type.c_uint.html
Type Alias c_ulong Copy item path	https://doc.rust-lang.org/std/os/raw/type.c_ulong.html
Type Alias c_ulonglong Copy item path	https://doc.rust-lang.org/std/os/raw/type.c_ulonglong.html
Type Alias c_ushort Copy item path	https://doc.rust-lang.org/std/os/raw/type.c_ushort.html
Type Alias c_void Copy item path	https://doc.rust-lang.org/std/os/raw/type.c_void.html
Trait OsStrExt Copy item path	https://doc.rust-lang.org/std/os/unix/ffi/trait.OsStrExt.html
Trait OsStringExt Copy item path	https://doc.rust-lang.org/std/os/unix/ffi/trait.OsStringExt.html
Function chown Copy item path	https://doc.rust-lang.org/std/os/unix/fs/fn.chown.html
Function chroot Copy item path	https://doc.rust-lang.org/std/os/unix/fs/fn.chroot.html
Function fchown Copy item path	https://doc.rust-lang.org/std/os/unix/fs/fn.fchown.html
Function lchown Copy item path	https://doc.rust-lang.org/std/os/unix/fs/fn.lchown.html
Function mkfifo Copy item path	https://doc.rust-lang.org/std/os/unix/fs/fn.mkfifo.html
Function symlink Copy item path	https://doc.rust-lang.org/std/os/unix/fs/fn.symlink.html
Trait DirBuilderExt Copy item path	https://doc.rust-lang.org/std/os/unix/fs/trait.DirBuilderExt.html
Trait DirEntryExt Copy item path	https://doc.rust-lang.org/std/os/unix/fs/trait.DirEntryExt.html
Trait DirEntryExt2 Copy item path	https://doc.rust-lang.org/std/os/unix/fs/trait.DirEntryExt2.html
Trait FileExt Copy item path	https://doc.rust-lang.org/std/os/unix/fs/trait.FileExt.html
Trait FileTypeExt Copy item path	https://doc.rust-lang.org/std/os/unix/fs/trait.FileTypeExt.html
Trait MetadataExt Copy item path	https://doc.rust-lang.org/std/os/unix/fs/trait.MetadataExt.html
Trait OpenOptionsExt Copy item path	https://doc.rust-lang.org/std/os/unix/fs/trait.OpenOptionsExt.html
Trait PermissionsExt Copy item path	https://doc.rust-lang.org/std/os/unix/fs/trait.PermissionsExt.html
Trait StdioExt Copy item path	https://doc.rust-lang.org/std/os/unix/io/trait.StdioExt.html
Enum AncillaryData Copy item path	https://doc.rust-lang.org/std/os/unix/net/enum.AncillaryData.html
Enum AncillaryError Copy item path	https://doc.rust-lang.org/std/os/unix/net/enum.AncillaryError.html
Struct Incoming Copy item path	https://doc.rust-lang.org/std/os/unix/net/struct.Incoming.html
Struct Messages Copy item path	https://doc.rust-lang.org/std/os/unix/net/struct.Messages.html
Struct ScmCredentials Copy item path	https://doc.rust-lang.org/std/os/unix/net/struct.ScmCredentials.html
Struct ScmRights Copy item path	https://doc.rust-lang.org/std/os/unix/net/struct.ScmRights.html
Struct SocketAddr Copy item path	https://doc.rust-lang.org/std/os/unix/net/struct.SocketAddr.html
Struct SocketAncillary Copy item path	https://doc.rust-lang.org/std/os/unix/net/struct.SocketAncillary.html
Struct SocketCred Copy item path	https://doc.rust-lang.org/std/os/unix/net/struct.SocketCred.html
Struct UCred Copy item path	https://doc.rust-lang.org/std/os/unix/net/struct.UCred.html
Struct UnixDatagram Copy item path	https://doc.rust-lang.org/std/os/unix/net/struct.UnixDatagram.html
Struct UnixListener Copy item path	https://doc.rust-lang.org/std/os/unix/net/struct.UnixListener.html
Struct UnixStream Copy item path	https://doc.rust-lang.org/std/os/unix/net/struct.UnixStream.html
Function parent_id Copy item path	https://doc.rust-lang.org/std/os/unix/process/fn.parent_id.html
Trait ChildExt Copy item path	https://doc.rust-lang.org/std/os/unix/process/trait.ChildExt.html
Trait CommandExt Copy item path	https://doc.rust-lang.org/std/os/unix/process/trait.CommandExt.html
Trait ExitStatusExt Copy item path	https://doc.rust-lang.org/std/os/unix/process/trait.ExitStatusExt.html
Type Alias blkcnt_t Copy item path	https://doc.rust-lang.org/std/os/unix/raw/type.blkcnt_t.html
Type Alias blksize_t Copy item path	https://doc.rust-lang.org/std/os/unix/raw/type.blksize_t.html
Type Alias dev_t Copy item path	https://doc.rust-lang.org/std/os/unix/raw/type.dev_t.html
Type Alias gid_t Copy item path	https://doc.rust-lang.org/std/os/unix/raw/type.gid_t.html
Type Alias ino_t Copy item path	https://doc.rust-lang.org/std/os/unix/raw/type.ino_t.html
Type Alias mode_t Copy item path	https://doc.rust-lang.org/std/os/unix/raw/type.mode_t.html
Type Alias nlink_t Copy item path	https://doc.rust-lang.org/std/os/unix/raw/type.nlink_t.html
Type Alias off_t Copy item path	https://doc.rust-lang.org/std/os/unix/raw/type.off_t.html
Type Alias pid_t Copy item path	https://doc.rust-lang.org/std/os/unix/raw/type.pid_t.html
Type Alias pthread_t Copy item path	https://doc.rust-lang.org/std/os/unix/raw/type.pthread_t.html
Type Alias time_t Copy item path	https://doc.rust-lang.org/std/os/unix/raw/type.time_t.html
Type Alias uid_t Copy item path	https://doc.rust-lang.org/std/os/unix/raw/type.uid_t.html
Trait JoinHandleExt Copy item path	https://doc.rust-lang.org/std/os/unix/thread/trait.JoinHandleExt.html
Type Alias RawPthread Copy item path	https://doc.rust-lang.org/std/os/unix/thread/type.RawPthread.html
Function cache_home_dir Copy item path	https://doc.rust-lang.org/std/os/unix/xdg/fn.cache_home_dir.html
Function config_dirs Copy item path	https://doc.rust-lang.org/std/os/unix/xdg/fn.config_dirs.html
Function config_home_dir Copy item path	https://doc.rust-lang.org/std/os/unix/xdg/fn.config_home_dir.html
Function data_dirs Copy item path	https://doc.rust-lang.org/std/os/unix/xdg/fn.data_dirs.html
Function data_home_dir Copy item path	https://doc.rust-lang.org/std/os/unix/xdg/fn.data_home_dir.html
Function state_home_dir Copy item path	https://doc.rust-lang.org/std/os/unix/xdg/fn.state_home_dir.html
Struct XdgDirsIter Copy item path	https://doc.rust-lang.org/std/os/unix/xdg/struct.XdgDirsIter.html
Trait OsStrExt Copy item path	https://doc.rust-lang.org/std/os/wasi/ffi/trait.OsStrExt.html
Trait OsStringExt Copy item path	https://doc.rust-lang.org/std/os/wasi/ffi/trait.OsStringExt.html
Function symlink_path Copy item path	https://doc.rust-lang.org/std/os/wasi/fs/fn.symlink_path.html
Trait DirEntryExt Copy item path	https://doc.rust-lang.org/std/os/wasi/fs/trait.DirEntryExt.html
Trait FileExt Copy item path	https://doc.rust-lang.org/std/os/wasi/fs/trait.FileExt.html
Trait FileTypeExt Copy item path	https://doc.rust-lang.org/std/os/wasi/fs/trait.FileTypeExt.html
Trait MetadataExt Copy item path	https://doc.rust-lang.org/std/os/wasi/fs/trait.MetadataExt.html
Trait OpenOptionsExt Copy item path	https://doc.rust-lang.org/std/os/wasi/fs/trait.OpenOptionsExt.html
Struct EncodeWide Copy item path	https://doc.rust-lang.org/std/os/windows/ffi/struct.EncodeWide.html
Trait OsStrExt Copy item path	https://doc.rust-lang.org/std/os/windows/ffi/trait.OsStrExt.html
Trait OsStringExt Copy item path	https://doc.rust-lang.org/std/os/windows/ffi/trait.OsStringExt.html
Function junction_point Copy item path	https://doc.rust-lang.org/std/os/windows/fs/fn.junction_point.html
Function symlink_dir Copy item path	https://doc.rust-lang.org/std/os/windows/fs/fn.symlink_dir.html
Function symlink_file Copy item path	https://doc.rust-lang.org/std/os/windows/fs/fn.symlink_file.html
Trait FileExt Copy item path	https://doc.rust-lang.org/std/os/windows/fs/trait.FileExt.html
Trait FileTimesExt Copy item path	https://doc.rust-lang.org/std/os/windows/fs/trait.FileTimesExt.html
Trait FileTypeExt Copy item path	https://doc.rust-lang.org/std/os/windows/fs/trait.FileTypeExt.html
Trait MetadataExt Copy item path	https://doc.rust-lang.org/std/os/windows/fs/trait.MetadataExt.html
Trait OpenOptionsExt Copy item path	https://doc.rust-lang.org/std/os/windows/fs/trait.OpenOptionsExt.html
Trait OpenOptionsExt2 Copy item path	https://doc.rust-lang.org/std/os/windows/fs/trait.OpenOptionsExt2.html
Trait PermissionsExt Copy item path	https://doc.rust-lang.org/std/os/windows/fs/trait.PermissionsExt.html
Struct BorrowedHandle Copy item path	https://doc.rust-lang.org/std/os/windows/io/struct.BorrowedHandle.html
Struct BorrowedSocket Copy item path	https://doc.rust-lang.org/std/os/windows/io/struct.BorrowedSocket.html
Struct HandleOrInvalid Copy item path	https://doc.rust-lang.org/std/os/windows/io/struct.HandleOrInvalid.html
Struct HandleOrNull Copy item path	https://doc.rust-lang.org/std/os/windows/io/struct.HandleOrNull.html
Struct InvalidHandleError Copy item path	https://doc.rust-lang.org/std/os/windows/io/struct.InvalidHandleError.html
Struct NullHandleError Copy item path	https://doc.rust-lang.org/std/os/windows/io/struct.NullHandleError.html
Struct OwnedHandle Copy item path	https://doc.rust-lang.org/std/os/windows/io/struct.OwnedHandle.html
Struct OwnedSocket Copy item path	https://doc.rust-lang.org/std/os/windows/io/struct.OwnedSocket.html
Trait AsHandle Copy item path	https://doc.rust-lang.org/std/os/windows/io/trait.AsHandle.html
Trait AsRawHandle Copy item path	https://doc.rust-lang.org/std/os/windows/io/trait.AsRawHandle.html
Trait AsRawSocket Copy item path	https://doc.rust-lang.org/std/os/windows/io/trait.AsRawSocket.html
Trait AsSocket Copy item path	https://doc.rust-lang.org/std/os/windows/io/trait.AsSocket.html
Trait FromRawHandle Copy item path	https://doc.rust-lang.org/std/os/windows/io/trait.FromRawHandle.html
Trait FromRawSocket Copy item path	https://doc.rust-lang.org/std/os/windows/io/trait.FromRawSocket.html
Trait IntoRawHandle Copy item path	https://doc.rust-lang.org/std/os/windows/io/trait.IntoRawHandle.html
Trait IntoRawSocket Copy item path	https://doc.rust-lang.org/std/os/windows/io/trait.IntoRawSocket.html
Type Alias RawHandle Copy item path	https://doc.rust-lang.org/std/os/windows/io/type.RawHandle.html
Type Alias RawSocket Copy item path	https://doc.rust-lang.org/std/os/windows/io/type.RawSocket.html
Struct Incoming Copy item path	https://doc.rust-lang.org/std/os/windows/net/struct.Incoming.html
Struct SocketAddr Copy item path	https://doc.rust-lang.org/std/os/windows/net/struct.SocketAddr.html
Struct UnixListener Copy item path	https://doc.rust-lang.org/std/os/windows/net/struct.UnixListener.html
Struct UnixStream Copy item path	https://doc.rust-lang.org/std/os/windows/net/struct.UnixStream.html
Struct ProcThreadAttributeList Copy item path	https://doc.rust-lang.org/std/os/windows/process/struct.ProcThreadAttributeList.html
Struct ProcThreadAttributeListBuilder Copy item path	https://doc.rust-lang.org/std/os/windows/process/struct.ProcThreadAttributeListBuilder.html
Trait ChildExt Copy item path	https://doc.rust-lang.org/std/os/windows/process/trait.ChildExt.html
Trait CommandExt Copy item path	https://doc.rust-lang.org/std/os/windows/process/trait.CommandExt.html
Trait ExitCodeExt Copy item path	https://doc.rust-lang.org/std/os/windows/process/trait.ExitCodeExt.html
Trait ExitStatusExt Copy item path	https://doc.rust-lang.org/std/os/windows/process/trait.ExitStatusExt.html
Type Alias HANDLE Copy item path	https://doc.rust-lang.org/std/os/windows/raw/type.HANDLE.html
Type Alias SOCKET Copy item path	https://doc.rust-lang.org/std/os/windows/raw/type.SOCKET.html
Enum BacktraceStyle Copy item path	https://doc.rust-lang.org/std/panic/enum.BacktraceStyle.html
Function abort_unwind Copy item path	https://doc.rust-lang.org/std/panic/fn.abort_unwind.html
Function always_abort Copy item path	https://doc.rust-lang.org/std/panic/fn.always_abort.html
Function catch_unwind Copy item path	https://doc.rust-lang.org/std/panic/fn.catch_unwind.html
Function get_backtrace_style Copy item path	https://doc.rust-lang.org/std/panic/fn.get_backtrace_style.html
Function panic_any Copy item path	https://doc.rust-lang.org/std/panic/fn.panic_any.html
Function resume_unwind Copy item path	https://doc.rust-lang.org/std/panic/fn.resume_unwind.html
Function set_backtrace_style Copy item path	https://doc.rust-lang.org/std/panic/fn.set_backtrace_style.html
Function set_hook Copy item path	https://doc.rust-lang.org/std/panic/fn.set_hook.html
Function take_hook Copy item path	https://doc.rust-lang.org/std/panic/fn.take_hook.html
Function update_hook Copy item path	https://doc.rust-lang.org/std/panic/fn.update_hook.html
Module panic Copy item path	https://doc.rust-lang.org/std/panic/index.html
Struct AssertUnwindSafe Copy item path	https://doc.rust-lang.org/std/panic/struct.AssertUnwindSafe.html
Struct Location Copy item path	https://doc.rust-lang.org/std/panic/struct.Location.html
Struct PanicHookInfo Copy item path	https://doc.rust-lang.org/std/panic/struct.PanicHookInfo.html
Trait RefUnwindSafe Copy item path	https://doc.rust-lang.org/std/panic/trait.RefUnwindSafe.html
Trait UnwindSafe Copy item path	https://doc.rust-lang.org/std/panic/trait.UnwindSafe.html
Type Alias PanicInfo Copy item path	https://doc.rust-lang.org/std/panic/type.PanicInfo.html
Module pat Copy item path	https://doc.rust-lang.org/std/pat/index.html
Macro pattern_type Copy item path	https://doc.rust-lang.org/std/pat/macro.pattern_type.html
Constant MAIN_SEPARATOR Copy item path	https://doc.rust-lang.org/std/path/constant.MAIN_SEPARATOR.html
Constant MAIN_SEPARATOR_STR Copy item path	https://doc.rust-lang.org/std/path/constant.MAIN_SEPARATOR_STR.html
Constant SEPARATORS Copy item path	https://doc.rust-lang.org/std/path/constant.SEPARATORS.html
Constant SEPARATORS_STR Copy item path	https://doc.rust-lang.org/std/path/constant.SEPARATORS_STR.html
Enum Component Copy item path	https://doc.rust-lang.org/std/path/enum.Component.html
Enum Prefix Copy item path	https://doc.rust-lang.org/std/path/enum.Prefix.html
Function absolute Copy item path	https://doc.rust-lang.org/std/path/fn.absolute.html
Function is_separator Copy item path	https://doc.rust-lang.org/std/path/fn.is_separator.html
Module path Copy item path	https://doc.rust-lang.org/std/path/index.html
Struct Ancestors Copy item path	https://doc.rust-lang.org/std/path/struct.Ancestors.html
Struct Components Copy item path	https://doc.rust-lang.org/std/path/struct.Components.html
Struct Display Copy item path	https://doc.rust-lang.org/std/path/struct.Display.html
Struct Iter Copy item path	https://doc.rust-lang.org/std/path/struct.Iter.html
Struct NormalizeError Copy item path	https://doc.rust-lang.org/std/path/struct.NormalizeError.html
Struct Path Copy item path	https://doc.rust-lang.org/std/path/struct.Path.html
Struct PathBuf Copy item path	https://doc.rust-lang.org/std/path/struct.PathBuf.html
Struct PrefixComponent Copy item path	https://doc.rust-lang.org/std/path/struct.PrefixComponent.html
Struct StripPrefixError Copy item path	https://doc.rust-lang.org/std/path/struct.StripPrefixError.html
Module pin Copy item path	https://doc.rust-lang.org/std/pin/index.html
Macro pin Copy item path	https://doc.rust-lang.org/std/pin/macro.pin.html
Struct Pin Copy item path	https://doc.rust-lang.org/std/pin/struct.Pin.html
Struct UnsafePinned Copy item path	https://doc.rust-lang.org/std/pin/struct.UnsafePinned.html
Trait PinCoerceUnsized Copy item path	https://doc.rust-lang.org/std/pin/trait.PinCoerceUnsized.html
Module prelude Copy item path	https://doc.rust-lang.org/std/prelude/index.html
Macro deref Copy item path	https://doc.rust-lang.org/std/prelude/v1/macro.deref.html
Macro type_ascribe Copy item path	https://doc.rust-lang.org/std/prelude/v1/macro.type_ascribe.html
Primitive Type array Copy item path	https://doc.rust-lang.org/std/primitive.array.html
Primitive Type bool Copy item path	https://doc.rust-lang.org/std/primitive.bool.html
Primitive Type char Copy item path	https://doc.rust-lang.org/std/primitive.char.html
Primitive Type f128 Copy item path	https://doc.rust-lang.org/std/primitive.f128.html
Primitive Type f16 Copy item path	https://doc.rust-lang.org/std/primitive.f16.html
Primitive Type f32 Copy item path	https://doc.rust-lang.org/std/primitive.f32.html
Primitive Type f64 Copy item path	https://doc.rust-lang.org/std/primitive.f64.html
Primitive Type fn Copy item path	https://doc.rust-lang.org/std/primitive.fn.html
Primitive Type i128 Copy item path	https://doc.rust-lang.org/std/primitive.i128.html
Primitive Type i16 Copy item path	https://doc.rust-lang.org/std/primitive.i16.html
Primitive Type i32 Copy item path	https://doc.rust-lang.org/std/primitive.i32.html
Primitive Type i64 Copy item path	https://doc.rust-lang.org/std/primitive.i64.html
Primitive Type i8 Copy item path	https://doc.rust-lang.org/std/primitive.i8.html
Primitive Type isize Copy item path	https://doc.rust-lang.org/std/primitive.isize.html
Primitive Type never Copy item path	https://doc.rust-lang.org/std/primitive.never.html
Primitive Type pointer Copy item path	https://doc.rust-lang.org/std/primitive.pointer.html
Primitive Type reference Copy item path	https://doc.rust-lang.org/std/primitive.reference.html
Primitive Type slice Copy item path	https://doc.rust-lang.org/std/primitive.slice.html
Primitive Type str Copy item path	https://doc.rust-lang.org/std/primitive.str.html
Primitive Type tuple Copy item path	https://doc.rust-lang.org/std/primitive.tuple.html
Primitive Type u128 Copy item path	https://doc.rust-lang.org/std/primitive.u128.html
Primitive Type u16 Copy item path	https://doc.rust-lang.org/std/primitive.u16.html
Primitive Type u32 Copy item path	https://doc.rust-lang.org/std/primitive.u32.html
Primitive Type u64 Copy item path	https://doc.rust-lang.org/std/primitive.u64.html
Primitive Type u8 Copy item path	https://doc.rust-lang.org/std/primitive.u8.html
Primitive Type unit Copy item path	https://doc.rust-lang.org/std/primitive.unit.html
Primitive Type usize Copy item path	https://doc.rust-lang.org/std/primitive.usize.html
Module primitive Copy item path	https://doc.rust-lang.org/std/primitive/index.html
Function abort Copy item path	https://doc.rust-lang.org/std/process/fn.abort.html
Function abort_immediate Copy item path	https://doc.rust-lang.org/std/process/fn.abort_immediate.html
Function exit Copy item path	https://doc.rust-lang.org/std/process/fn.exit.html
Function id Copy item path	https://doc.rust-lang.org/std/process/fn.id.html
Module process Copy item path	https://doc.rust-lang.org/std/process/index.html
Struct Child Copy item path	https://doc.rust-lang.org/std/process/struct.Child.html
Struct ChildStderr Copy item path	https://doc.rust-lang.org/std/process/struct.ChildStderr.html
Struct ChildStdin Copy item path	https://doc.rust-lang.org/std/process/struct.ChildStdin.html
Struct ChildStdout Copy item path	https://doc.rust-lang.org/std/process/struct.ChildStdout.html
Struct Command Copy item path	https://doc.rust-lang.org/std/process/struct.Command.html
Struct CommandArgs Copy item path	https://doc.rust-lang.org/std/process/struct.CommandArgs.html
Struct CommandEnvs Copy item path	https://doc.rust-lang.org/std/process/struct.CommandEnvs.html
Struct CommandResolvedEnvs Copy item path	https://doc.rust-lang.org/std/process/struct.CommandResolvedEnvs.html
Struct ExitCode Copy item path	https://doc.rust-lang.org/std/process/struct.ExitCode.html
Struct ExitStatus Copy item path	https://doc.rust-lang.org/std/process/struct.ExitStatus.html
Struct ExitStatusError Copy item path	https://doc.rust-lang.org/std/process/struct.ExitStatusError.html
Struct Output Copy item path	https://doc.rust-lang.org/std/process/struct.Output.html
Struct Stdio Copy item path	https://doc.rust-lang.org/std/process/struct.Stdio.html
Trait Termination Copy item path	https://doc.rust-lang.org/std/process/trait.Termination.html
Function addr_eq Copy item path	https://doc.rust-lang.org/std/ptr/fn.addr_eq.html
Function copy Copy item path	https://doc.rust-lang.org/std/ptr/fn.copy.html
Function copy_nonoverlapping Copy item path	https://doc.rust-lang.org/std/ptr/fn.copy_nonoverlapping.html
Function dangling Copy item path	https://doc.rust-lang.org/std/ptr/fn.dangling.html
Function dangling_mut Copy item path	https://doc.rust-lang.org/std/ptr/fn.dangling_mut.html
Function drop_in_place Copy item path	https://doc.rust-lang.org/std/ptr/fn.drop_in_place.html
Function eq Copy item path	https://doc.rust-lang.org/std/ptr/fn.eq.html
Function fn_addr_eq Copy item path	https://doc.rust-lang.org/std/ptr/fn.fn_addr_eq.html
Function from_mut Copy item path	https://doc.rust-lang.org/std/ptr/fn.from_mut.html
Function from_raw_parts Copy item path	https://doc.rust-lang.org/std/ptr/fn.from_raw_parts.html
Function from_raw_parts_mut Copy item path	https://doc.rust-lang.org/std/ptr/fn.from_raw_parts_mut.html
Function from_ref Copy item path	https://doc.rust-lang.org/std/ptr/fn.from_ref.html
Function hash Copy item path	https://doc.rust-lang.org/std/ptr/fn.hash.html
Function metadata Copy item path	https://doc.rust-lang.org/std/ptr/fn.metadata.html
Function null Copy item path	https://doc.rust-lang.org/std/ptr/fn.null.html
Function null_mut Copy item path	https://doc.rust-lang.org/std/ptr/fn.null_mut.html
Function read Copy item path	https://doc.rust-lang.org/std/ptr/fn.read.html
Function read_unaligned Copy item path	https://doc.rust-lang.org/std/ptr/fn.read_unaligned.html
Function read_volatile Copy item path	https://doc.rust-lang.org/std/ptr/fn.read_volatile.html
Function replace Copy item path	https://doc.rust-lang.org/std/ptr/fn.replace.html
Function slice_from_raw_parts Copy item path	https://doc.rust-lang.org/std/ptr/fn.slice_from_raw_parts.html
Function slice_from_raw_parts_mut Copy item path	https://doc.rust-lang.org/std/ptr/fn.slice_from_raw_parts_mut.html
Function swap Copy item path	https://doc.rust-lang.org/std/ptr/fn.swap.html
Function swap_nonoverlapping Copy item path	https://doc.rust-lang.org/std/ptr/fn.swap_nonoverlapping.html
Function with_exposed_provenance Copy item path	https://doc.rust-lang.org/std/ptr/fn.with_exposed_provenance.html
Function with_exposed_provenance_mut Copy item path	https://doc.rust-lang.org/std/ptr/fn.with_exposed_provenance_mut.html
Function without_provenance Copy item path	https://doc.rust-lang.org/std/ptr/fn.without_provenance.html
Function without_provenance_mut Copy item path	https://doc.rust-lang.org/std/ptr/fn.without_provenance_mut.html
Function write Copy item path	https://doc.rust-lang.org/std/ptr/fn.write.html
Function write_bytes Copy item path	https://doc.rust-lang.org/std/ptr/fn.write_bytes.html
Function write_unaligned Copy item path	https://doc.rust-lang.org/std/ptr/fn.write_unaligned.html
Function write_volatile Copy item path	https://doc.rust-lang.org/std/ptr/fn.write_volatile.html
Module ptr Copy item path	https://doc.rust-lang.org/std/ptr/index.html
Macro addr_of Copy item path	https://doc.rust-lang.org/std/ptr/macro.addr_of.html
Macro addr_of_mut Copy item path	https://doc.rust-lang.org/std/ptr/macro.addr_of_mut.html
Struct DynMetadata Copy item path	https://doc.rust-lang.org/std/ptr/struct.DynMetadata.html
Struct NonNull Copy item path	https://doc.rust-lang.org/std/ptr/struct.NonNull.html
Trait Pointee Copy item path	https://doc.rust-lang.org/std/ptr/trait.Pointee.html
Type Alias Alignment Copy item path	https://doc.rust-lang.org/std/ptr/type.Alignment.html
Function random Copy item path	https://doc.rust-lang.org/std/random/fn.random.html
Module random Copy item path	https://doc.rust-lang.org/std/random/index.html
Struct SystemRng Copy item path	https://doc.rust-lang.org/std/random/struct.SystemRng.html
Trait Distribution Copy item path	https://doc.rust-lang.org/std/random/trait.Distribution.html
Trait Rng Copy item path	https://doc.rust-lang.org/std/random/trait.Rng.html
Module range Copy item path	https://doc.rust-lang.org/std/range/index.html
Struct Range Copy item path	https://doc.rust-lang.org/std/range/legacy/struct.Range.html
Struct RangeFrom Copy item path	https://doc.rust-lang.org/std/range/legacy/struct.RangeFrom.html
Struct RangeInclusive Copy item path	https://doc.rust-lang.org/std/range/legacy/struct.RangeInclusive.html
Struct RangeToInclusive Copy item path	https://doc.rust-lang.org/std/range/legacy/struct.RangeToInclusive.html
Struct Range Copy item path	https://doc.rust-lang.org/std/range/struct.Range.html
Struct RangeFrom Copy item path	https://doc.rust-lang.org/std/range/struct.RangeFrom.html
Struct RangeFromIter Copy item path	https://doc.rust-lang.org/std/range/struct.RangeFromIter.html
Struct RangeFull Copy item path	https://doc.rust-lang.org/std/range/struct.RangeFull.html
Struct RangeInclusive Copy item path	https://doc.rust-lang.org/std/range/struct.RangeInclusive.html
Struct RangeInclusiveIter Copy item path	https://doc.rust-lang.org/std/range/struct.RangeInclusiveIter.html
Struct RangeIter Copy item path	https://doc.rust-lang.org/std/range/struct.RangeIter.html
Struct RangeTo Copy item path	https://doc.rust-lang.org/std/range/struct.RangeTo.html
Struct RangeToInclusive Copy item path	https://doc.rust-lang.org/std/range/struct.RangeToInclusive.html
Module rc Copy item path	https://doc.rust-lang.org/std/rc/index.html
Struct Rc Copy item path	https://doc.rust-lang.org/std/rc/struct.Rc.html
Struct UniqueRc Copy item path	https://doc.rust-lang.org/std/rc/struct.UniqueRc.html
Struct Weak Copy item path	https://doc.rust-lang.org/std/rc/struct.Weak.html
Enum Result Copy item path	https://doc.rust-lang.org/std/result/enum.Result.html
Module result Copy item path	https://doc.rust-lang.org/std/result/index.html
Struct IntoIter Copy item path	https://doc.rust-lang.org/std/result/struct.IntoIter.html
Struct Iter Copy item path	https://doc.rust-lang.org/std/result/struct.Iter.html
Struct IterMut Copy item path	https://doc.rust-lang.org/std/result/struct.IterMut.html
Trait SimdOrd Copy item path	https://doc.rust-lang.org/std/simd/cmp/trait.SimdOrd.html
Trait SimdPartialEq Copy item path	https://doc.rust-lang.org/std/simd/cmp/trait.SimdPartialEq.html
Trait SimdPartialOrd Copy item path	https://doc.rust-lang.org/std/simd/cmp/trait.SimdPartialOrd.html
Module simd Copy item path	https://doc.rust-lang.org/std/simd/index.html
Macro simd_swizzle Copy item path	https://doc.rust-lang.org/std/simd/macro.simd_swizzle.html
Trait SimdFloat Copy item path	https://doc.rust-lang.org/std/simd/num/trait.SimdFloat.html
Trait SimdInt Copy item path	https://doc.rust-lang.org/std/simd/num/trait.SimdInt.html
Trait SimdUint Copy item path	https://doc.rust-lang.org/std/simd/num/trait.SimdUint.html
Trait SimdConstPtr Copy item path	https://doc.rust-lang.org/std/simd/ptr/trait.SimdConstPtr.html
Trait SimdMutPtr Copy item path	https://doc.rust-lang.org/std/simd/ptr/trait.SimdMutPtr.html
Struct Mask Copy item path	https://doc.rust-lang.org/std/simd/struct.Mask.html
Struct Simd Copy item path	https://doc.rust-lang.org/std/simd/struct.Simd.html
Trait MaskElement Copy item path	https://doc.rust-lang.org/std/simd/trait.MaskElement.html
Trait Select Copy item path	https://doc.rust-lang.org/std/simd/trait.Select.html
Trait SimdCast Copy item path	https://doc.rust-lang.org/std/simd/trait.SimdCast.html
Trait SimdElement Copy item path	https://doc.rust-lang.org/std/simd/trait.SimdElement.html
Trait StdFloat Copy item path	https://doc.rust-lang.org/std/simd/trait.StdFloat.html
Trait Swizzle Copy item path	https://doc.rust-lang.org/std/simd/trait.Swizzle.html
Trait ToBytes Copy item path	https://doc.rust-lang.org/std/simd/trait.ToBytes.html
Type Alias f16x1 Copy item path	https://doc.rust-lang.org/std/simd/type.f16x1.html
Type Alias f16x16 Copy item path	https://doc.rust-lang.org/std/simd/type.f16x16.html
Type Alias f16x2 Copy item path	https://doc.rust-lang.org/std/simd/type.f16x2.html
Type Alias f16x32 Copy item path	https://doc.rust-lang.org/std/simd/type.f16x32.html
Type Alias f16x4 Copy item path	https://doc.rust-lang.org/std/simd/type.f16x4.html
Type Alias f16x64 Copy item path	https://doc.rust-lang.org/std/simd/type.f16x64.html
Type Alias f16x8 Copy item path	https://doc.rust-lang.org/std/simd/type.f16x8.html
Type Alias f32x1 Copy item path	https://doc.rust-lang.org/std/simd/type.f32x1.html
Type Alias f32x16 Copy item path	https://doc.rust-lang.org/std/simd/type.f32x16.html
Type Alias f32x2 Copy item path	https://doc.rust-lang.org/std/simd/type.f32x2.html
Type Alias f32x32 Copy item path	https://doc.rust-lang.org/std/simd/type.f32x32.html
Type Alias f32x4 Copy item path	https://doc.rust-lang.org/std/simd/type.f32x4.html
Type Alias f32x64 Copy item path	https://doc.rust-lang.org/std/simd/type.f32x64.html
Type Alias f32x8 Copy item path	https://doc.rust-lang.org/std/simd/type.f32x8.html
Type Alias f64x1 Copy item path	https://doc.rust-lang.org/std/simd/type.f64x1.html
Type Alias f64x16 Copy item path	https://doc.rust-lang.org/std/simd/type.f64x16.html
Type Alias f64x2 Copy item path	https://doc.rust-lang.org/std/simd/type.f64x2.html
Type Alias f64x32 Copy item path	https://doc.rust-lang.org/std/simd/type.f64x32.html
Type Alias f64x4 Copy item path	https://doc.rust-lang.org/std/simd/type.f64x4.html
Type Alias f64x64 Copy item path	https://doc.rust-lang.org/std/simd/type.f64x64.html
Type Alias f64x8 Copy item path	https://doc.rust-lang.org/std/simd/type.f64x8.html
Type Alias i16x1 Copy item path	https://doc.rust-lang.org/std/simd/type.i16x1.html
Type Alias i16x16 Copy item path	https://doc.rust-lang.org/std/simd/type.i16x16.html
Type Alias i16x2 Copy item path	https://doc.rust-lang.org/std/simd/type.i16x2.html
Type Alias i16x32 Copy item path	https://doc.rust-lang.org/std/simd/type.i16x32.html
Type Alias i16x4 Copy item path	https://doc.rust-lang.org/std/simd/type.i16x4.html
Type Alias i16x64 Copy item path	https://doc.rust-lang.org/std/simd/type.i16x64.html
Type Alias i16x8 Copy item path	https://doc.rust-lang.org/std/simd/type.i16x8.html
Type Alias i32x1 Copy item path	https://doc.rust-lang.org/std/simd/type.i32x1.html
Type Alias i32x16 Copy item path	https://doc.rust-lang.org/std/simd/type.i32x16.html
Type Alias i32x2 Copy item path	https://doc.rust-lang.org/std/simd/type.i32x2.html
Type Alias i32x32 Copy item path	https://doc.rust-lang.org/std/simd/type.i32x32.html
Type Alias i32x4 Copy item path	https://doc.rust-lang.org/std/simd/type.i32x4.html
Type Alias i32x64 Copy item path	https://doc.rust-lang.org/std/simd/type.i32x64.html
Type Alias i32x8 Copy item path	https://doc.rust-lang.org/std/simd/type.i32x8.html
Type Alias i64x1 Copy item path	https://doc.rust-lang.org/std/simd/type.i64x1.html
Type Alias i64x16 Copy item path	https://doc.rust-lang.org/std/simd/type.i64x16.html
Type Alias i64x2 Copy item path	https://doc.rust-lang.org/std/simd/type.i64x2.html
Type Alias i64x32 Copy item path	https://doc.rust-lang.org/std/simd/type.i64x32.html
Type Alias i64x4 Copy item path	https://doc.rust-lang.org/std/simd/type.i64x4.html
Type Alias i64x64 Copy item path	https://doc.rust-lang.org/std/simd/type.i64x64.html
Type Alias i64x8 Copy item path	https://doc.rust-lang.org/std/simd/type.i64x8.html
Type Alias i8x1 Copy item path	https://doc.rust-lang.org/std/simd/type.i8x1.html
Type Alias i8x16 Copy item path	https://doc.rust-lang.org/std/simd/type.i8x16.html
Type Alias i8x2 Copy item path	https://doc.rust-lang.org/std/simd/type.i8x2.html
Type Alias i8x32 Copy item path	https://doc.rust-lang.org/std/simd/type.i8x32.html
Type Alias i8x4 Copy item path	https://doc.rust-lang.org/std/simd/type.i8x4.html
Type Alias i8x64 Copy item path	https://doc.rust-lang.org/std/simd/type.i8x64.html
Type Alias i8x8 Copy item path	https://doc.rust-lang.org/std/simd/type.i8x8.html
Type Alias isizex1 Copy item path	https://doc.rust-lang.org/std/simd/type.isizex1.html
Type Alias isizex16 Copy item path	https://doc.rust-lang.org/std/simd/type.isizex16.html
Type Alias isizex2 Copy item path	https://doc.rust-lang.org/std/simd/type.isizex2.html
Type Alias isizex32 Copy item path	https://doc.rust-lang.org/std/simd/type.isizex32.html
Type Alias isizex4 Copy item path	https://doc.rust-lang.org/std/simd/type.isizex4.html
Type Alias isizex64 Copy item path	https://doc.rust-lang.org/std/simd/type.isizex64.html
Type Alias isizex8 Copy item path	https://doc.rust-lang.org/std/simd/type.isizex8.html
Type Alias mask16x1 Copy item path	https://doc.rust-lang.org/std/simd/type.mask16x1.html
Type Alias mask16x16 Copy item path	https://doc.rust-lang.org/std/simd/type.mask16x16.html
Type Alias mask16x2 Copy item path	https://doc.rust-lang.org/std/simd/type.mask16x2.html
Type Alias mask16x32 Copy item path	https://doc.rust-lang.org/std/simd/type.mask16x32.html
Type Alias mask16x4 Copy item path	https://doc.rust-lang.org/std/simd/type.mask16x4.html
Type Alias mask16x64 Copy item path	https://doc.rust-lang.org/std/simd/type.mask16x64.html
Type Alias mask16x8 Copy item path	https://doc.rust-lang.org/std/simd/type.mask16x8.html
Type Alias mask32x1 Copy item path	https://doc.rust-lang.org/std/simd/type.mask32x1.html
Type Alias mask32x16 Copy item path	https://doc.rust-lang.org/std/simd/type.mask32x16.html
Type Alias mask32x2 Copy item path	https://doc.rust-lang.org/std/simd/type.mask32x2.html
Type Alias mask32x32 Copy item path	https://doc.rust-lang.org/std/simd/type.mask32x32.html
Type Alias mask32x4 Copy item path	https://doc.rust-lang.org/std/simd/type.mask32x4.html
Type Alias mask32x64 Copy item path	https://doc.rust-lang.org/std/simd/type.mask32x64.html
Type Alias mask32x8 Copy item path	https://doc.rust-lang.org/std/simd/type.mask32x8.html
Type Alias mask64x1 Copy item path	https://doc.rust-lang.org/std/simd/type.mask64x1.html
Type Alias mask64x16 Copy item path	https://doc.rust-lang.org/std/simd/type.mask64x16.html
Type Alias mask64x2 Copy item path	https://doc.rust-lang.org/std/simd/type.mask64x2.html
Type Alias mask64x32 Copy item path	https://doc.rust-lang.org/std/simd/type.mask64x32.html
Type Alias mask64x4 Copy item path	https://doc.rust-lang.org/std/simd/type.mask64x4.html
Type Alias mask64x64 Copy item path	https://doc.rust-lang.org/std/simd/type.mask64x64.html
Type Alias mask64x8 Copy item path	https://doc.rust-lang.org/std/simd/type.mask64x8.html
Type Alias mask8x1 Copy item path	https://doc.rust-lang.org/std/simd/type.mask8x1.html
Type Alias mask8x16 Copy item path	https://doc.rust-lang.org/std/simd/type.mask8x16.html
Type Alias mask8x2 Copy item path	https://doc.rust-lang.org/std/simd/type.mask8x2.html
Type Alias mask8x32 Copy item path	https://doc.rust-lang.org/std/simd/type.mask8x32.html
Type Alias mask8x4 Copy item path	https://doc.rust-lang.org/std/simd/type.mask8x4.html
Type Alias mask8x64 Copy item path	https://doc.rust-lang.org/std/simd/type.mask8x64.html
Type Alias mask8x8 Copy item path	https://doc.rust-lang.org/std/simd/type.mask8x8.html
Type Alias masksizex1 Copy item path	https://doc.rust-lang.org/std/simd/type.masksizex1.html
Type Alias masksizex16 Copy item path	https://doc.rust-lang.org/std/simd/type.masksizex16.html
Type Alias masksizex2 Copy item path	https://doc.rust-lang.org/std/simd/type.masksizex2.html
Type Alias masksizex32 Copy item path	https://doc.rust-lang.org/std/simd/type.masksizex32.html
Type Alias masksizex4 Copy item path	https://doc.rust-lang.org/std/simd/type.masksizex4.html
Type Alias masksizex64 Copy item path	https://doc.rust-lang.org/std/simd/type.masksizex64.html
Type Alias masksizex8 Copy item path	https://doc.rust-lang.org/std/simd/type.masksizex8.html
Type Alias u16x1 Copy item path	https://doc.rust-lang.org/std/simd/type.u16x1.html
Type Alias u16x16 Copy item path	https://doc.rust-lang.org/std/simd/type.u16x16.html
Type Alias u16x2 Copy item path	https://doc.rust-lang.org/std/simd/type.u16x2.html
Type Alias u16x32 Copy item path	https://doc.rust-lang.org/std/simd/type.u16x32.html
Type Alias u16x4 Copy item path	https://doc.rust-lang.org/std/simd/type.u16x4.html
Type Alias u16x64 Copy item path	https://doc.rust-lang.org/std/simd/type.u16x64.html
Type Alias u16x8 Copy item path	https://doc.rust-lang.org/std/simd/type.u16x8.html
Type Alias u32x1 Copy item path	https://doc.rust-lang.org/std/simd/type.u32x1.html
Type Alias u32x16 Copy item path	https://doc.rust-lang.org/std/simd/type.u32x16.html
Type Alias u32x2 Copy item path	https://doc.rust-lang.org/std/simd/type.u32x2.html
Type Alias u32x32 Copy item path	https://doc.rust-lang.org/std/simd/type.u32x32.html
Type Alias u32x4 Copy item path	https://doc.rust-lang.org/std/simd/type.u32x4.html
Type Alias u32x64 Copy item path	https://doc.rust-lang.org/std/simd/type.u32x64.html
Type Alias u32x8 Copy item path	https://doc.rust-lang.org/std/simd/type.u32x8.html
Type Alias u64x1 Copy item path	https://doc.rust-lang.org/std/simd/type.u64x1.html
Type Alias u64x16 Copy item path	https://doc.rust-lang.org/std/simd/type.u64x16.html
Type Alias u64x2 Copy item path	https://doc.rust-lang.org/std/simd/type.u64x2.html
Type Alias u64x32 Copy item path	https://doc.rust-lang.org/std/simd/type.u64x32.html
Type Alias u64x4 Copy item path	https://doc.rust-lang.org/std/simd/type.u64x4.html
Type Alias u64x64 Copy item path	https://doc.rust-lang.org/std/simd/type.u64x64.html
Type Alias u64x8 Copy item path	https://doc.rust-lang.org/std/simd/type.u64x8.html
Type Alias u8x1 Copy item path	https://doc.rust-lang.org/std/simd/type.u8x1.html
Type Alias u8x16 Copy item path	https://doc.rust-lang.org/std/simd/type.u8x16.html
Type Alias u8x2 Copy item path	https://doc.rust-lang.org/std/simd/type.u8x2.html
Type Alias u8x32 Copy item path	https://doc.rust-lang.org/std/simd/type.u8x32.html
Type Alias u8x4 Copy item path	https://doc.rust-lang.org/std/simd/type.u8x4.html
Type Alias u8x64 Copy item path	https://doc.rust-lang.org/std/simd/type.u8x64.html
Type Alias u8x8 Copy item path	https://doc.rust-lang.org/std/simd/type.u8x8.html
Type Alias usizex1 Copy item path	https://doc.rust-lang.org/std/simd/type.usizex1.html
Type Alias usizex16 Copy item path	https://doc.rust-lang.org/std/simd/type.usizex16.html
Type Alias usizex2 Copy item path	https://doc.rust-lang.org/std/simd/type.usizex2.html
Type Alias usizex32 Copy item path	https://doc.rust-lang.org/std/simd/type.usizex32.html
Type Alias usizex4 Copy item path	https://doc.rust-lang.org/std/simd/type.usizex4.html
Type Alias usizex64 Copy item path	https://doc.rust-lang.org/std/simd/type.usizex64.html
Type Alias usizex8 Copy item path	https://doc.rust-lang.org/std/simd/type.usizex8.html
Enum GetDisjointMutError Copy item path	https://doc.rust-lang.org/std/slice/enum.GetDisjointMutError.html
Function from_mut Copy item path	https://doc.rust-lang.org/std/slice/fn.from_mut.html
Function from_mut_ptr_range Copy item path	https://doc.rust-lang.org/std/slice/fn.from_mut_ptr_range.html
Function from_ptr_range Copy item path	https://doc.rust-lang.org/std/slice/fn.from_ptr_range.html
Function from_raw_parts Copy item path	https://doc.rust-lang.org/std/slice/fn.from_raw_parts.html
Function from_raw_parts_mut Copy item path	https://doc.rust-lang.org/std/slice/fn.from_raw_parts_mut.html
Function from_ref Copy item path	https://doc.rust-lang.org/std/slice/fn.from_ref.html
Function range Copy item path	https://doc.rust-lang.org/std/slice/fn.range.html
Function try_range Copy item path	https://doc.rust-lang.org/std/slice/fn.try_range.html
Module slice Copy item path	https://doc.rust-lang.org/std/slice/index.html
Struct ArrayWindows Copy item path	https://doc.rust-lang.org/std/slice/struct.ArrayWindows.html
Struct ChunkBy Copy item path	https://doc.rust-lang.org/std/slice/struct.ChunkBy.html
Struct ChunkByMut Copy item path	https://doc.rust-lang.org/std/slice/struct.ChunkByMut.html
Struct Chunks Copy item path	https://doc.rust-lang.org/std/slice/struct.Chunks.html
Struct ChunksExact Copy item path	https://doc.rust-lang.org/std/slice/struct.ChunksExact.html
Struct ChunksExactMut Copy item path	https://doc.rust-lang.org/std/slice/struct.ChunksExactMut.html
Struct ChunksMut Copy item path	https://doc.rust-lang.org/std/slice/struct.ChunksMut.html
Struct EscapeAscii Copy item path	https://doc.rust-lang.org/std/slice/struct.EscapeAscii.html
Struct Iter Copy item path	https://doc.rust-lang.org/std/slice/struct.Iter.html
Struct IterMut Copy item path	https://doc.rust-lang.org/std/slice/struct.IterMut.html
Struct RChunks Copy item path	https://doc.rust-lang.org/std/slice/struct.RChunks.html
Struct RChunksExact Copy item path	https://doc.rust-lang.org/std/slice/struct.RChunksExact.html
Struct RChunksExactMut Copy item path	https://doc.rust-lang.org/std/slice/struct.RChunksExactMut.html
Struct RChunksMut Copy item path	https://doc.rust-lang.org/std/slice/struct.RChunksMut.html
Struct RSplit Copy item path	https://doc.rust-lang.org/std/slice/struct.RSplit.html
Struct RSplitMut Copy item path	https://doc.rust-lang.org/std/slice/struct.RSplitMut.html
Struct RSplitN Copy item path	https://doc.rust-lang.org/std/slice/struct.RSplitN.html
Struct RSplitNMut Copy item path	https://doc.rust-lang.org/std/slice/struct.RSplitNMut.html
Struct Split Copy item path	https://doc.rust-lang.org/std/slice/struct.Split.html
Struct SplitInclusive Copy item path	https://doc.rust-lang.org/std/slice/struct.SplitInclusive.html
Struct SplitInclusiveMut Copy item path	https://doc.rust-lang.org/std/slice/struct.SplitInclusiveMut.html
Struct SplitMut Copy item path	https://doc.rust-lang.org/std/slice/struct.SplitMut.html
Struct SplitN Copy item path	https://doc.rust-lang.org/std/slice/struct.SplitN.html
Struct SplitNMut Copy item path	https://doc.rust-lang.org/std/slice/struct.SplitNMut.html
Struct Windows Copy item path	https://doc.rust-lang.org/std/slice/struct.Windows.html
Trait Concat Copy item path	https://doc.rust-lang.org/std/slice/trait.Concat.html
Trait Join Copy item path	https://doc.rust-lang.org/std/slice/trait.Join.html
Trait SliceIndex Copy item path	https://doc.rust-lang.org/std/slice/trait.SliceIndex.html
Function from_boxed_utf8_unchecked Copy item path	https://doc.rust-lang.org/std/str/fn.from_boxed_utf8_unchecked.html
Function from_raw_parts Copy item path	https://doc.rust-lang.org/std/str/fn.from_raw_parts.html
Function from_raw_parts_mut Copy item path	https://doc.rust-lang.org/std/str/fn.from_raw_parts_mut.html
Function from_utf8 Copy item path	https://doc.rust-lang.org/std/str/fn.from_utf8.html
Function from_utf8_mut Copy item path	https://doc.rust-lang.org/std/str/fn.from_utf8_mut.html
Function from_utf8_unchecked Copy item path	https://doc.rust-lang.org/std/str/fn.from_utf8_unchecked.html
Function from_utf8_unchecked_mut Copy item path	https://doc.rust-lang.org/std/str/fn.from_utf8_unchecked_mut.html
Module str Copy item path	https://doc.rust-lang.org/std/str/index.html
Enum SearchStep Copy item path	https://doc.rust-lang.org/std/str/pattern/enum.SearchStep.html
Enum Utf8Pattern Copy item path	https://doc.rust-lang.org/std/str/pattern/enum.Utf8Pattern.html
Struct CharArrayRefSearcher Copy item path	https://doc.rust-lang.org/std/str/pattern/struct.CharArrayRefSearcher.html
Struct CharArraySearcher Copy item path	https://doc.rust-lang.org/std/str/pattern/struct.CharArraySearcher.html
Struct CharPredicateSearcher Copy item path	https://doc.rust-lang.org/std/str/pattern/struct.CharPredicateSearcher.html
Struct CharSearcher Copy item path	https://doc.rust-lang.org/std/str/pattern/struct.CharSearcher.html
Struct CharSliceSearcher Copy item path	https://doc.rust-lang.org/std/str/pattern/struct.CharSliceSearcher.html
Struct StrSearcher Copy item path	https://doc.rust-lang.org/std/str/pattern/struct.StrSearcher.html
Trait DoubleEndedSearcher Copy item path	https://doc.rust-lang.org/std/str/pattern/trait.DoubleEndedSearcher.html
Trait Pattern Copy item path	https://doc.rust-lang.org/std/str/pattern/trait.Pattern.html
Trait ReverseSearcher Copy item path	https://doc.rust-lang.org/std/str/pattern/trait.ReverseSearcher.html
Trait Searcher Copy item path	https://doc.rust-lang.org/std/str/pattern/trait.Searcher.html
Struct Bytes Copy item path	https://doc.rust-lang.org/std/str/struct.Bytes.html
Struct CharIndices Copy item path	https://doc.rust-lang.org/std/str/struct.CharIndices.html
Struct Chars Copy item path	https://doc.rust-lang.org/std/str/struct.Chars.html
Struct EncodeUtf16 Copy item path	https://doc.rust-lang.org/std/str/struct.EncodeUtf16.html
Struct EscapeDebug Copy item path	https://doc.rust-lang.org/std/str/struct.EscapeDebug.html
Struct EscapeDefault Copy item path	https://doc.rust-lang.org/std/str/struct.EscapeDefault.html
Struct EscapeUnicode Copy item path	https://doc.rust-lang.org/std/str/struct.EscapeUnicode.html
Struct Lines Copy item path	https://doc.rust-lang.org/std/str/struct.Lines.html
Struct LinesAny Copy item path	https://doc.rust-lang.org/std/str/struct.LinesAny.html
Struct MatchIndices Copy item path	https://doc.rust-lang.org/std/str/struct.MatchIndices.html
Struct Matches Copy item path	https://doc.rust-lang.org/std/str/struct.Matches.html
Struct ParseBoolError Copy item path	https://doc.rust-lang.org/std/str/struct.ParseBoolError.html
Struct RMatchIndices Copy item path	https://doc.rust-lang.org/std/str/struct.RMatchIndices.html
Struct RMatches Copy item path	https://doc.rust-lang.org/std/str/struct.RMatches.html
Struct RSplit Copy item path	https://doc.rust-lang.org/std/str/struct.RSplit.html
Struct RSplitN Copy item path	https://doc.rust-lang.org/std/str/struct.RSplitN.html
Struct RSplitTerminator Copy item path	https://doc.rust-lang.org/std/str/struct.RSplitTerminator.html
Struct Split Copy item path	https://doc.rust-lang.org/std/str/struct.Split.html
Struct SplitAsciiWhitespace Copy item path	https://doc.rust-lang.org/std/str/struct.SplitAsciiWhitespace.html
Struct SplitInclusive Copy item path	https://doc.rust-lang.org/std/str/struct.SplitInclusive.html
Struct SplitN Copy item path	https://doc.rust-lang.org/std/str/struct.SplitN.html
Struct SplitTerminator Copy item path	https://doc.rust-lang.org/std/str/struct.SplitTerminator.html
Struct SplitWhitespace Copy item path	https://doc.rust-lang.org/std/str/struct.SplitWhitespace.html
Struct Utf8Chunk Copy item path	https://doc.rust-lang.org/std/str/struct.Utf8Chunk.html
Struct Utf8Chunks Copy item path	https://doc.rust-lang.org/std/str/struct.Utf8Chunks.html
Struct Utf8Error Copy item path	https://doc.rust-lang.org/std/str/struct.Utf8Error.html
Trait FromStr Copy item path	https://doc.rust-lang.org/std/str/trait.FromStr.html
Module string Copy item path	https://doc.rust-lang.org/std/string/index.html
Struct Drain Copy item path	https://doc.rust-lang.org/std/string/struct.Drain.html
Struct FromUtf16Error Copy item path	https://doc.rust-lang.org/std/string/struct.FromUtf16Error.html
Struct FromUtf8Error Copy item path	https://doc.rust-lang.org/std/string/struct.FromUtf8Error.html
Struct IntoChars Copy item path	https://doc.rust-lang.org/std/string/struct.IntoChars.html
Struct String Copy item path	https://doc.rust-lang.org/std/string/struct.String.html
Trait ToString Copy item path	https://doc.rust-lang.org/std/string/trait.ToString.html
Type Alias ParseError Copy item path	https://doc.rust-lang.org/std/string/type.ParseError.html
Constant ATOMIC_BOOL_INIT Copy item path	https://doc.rust-lang.org/std/sync/atomic/constant.ATOMIC_BOOL_INIT.html
Constant ATOMIC_ISIZE_INIT Copy item path	https://doc.rust-lang.org/std/sync/atomic/constant.ATOMIC_ISIZE_INIT.html
Constant ATOMIC_USIZE_INIT Copy item path	https://doc.rust-lang.org/std/sync/atomic/constant.ATOMIC_USIZE_INIT.html
Enum Ordering Copy item path	https://doc.rust-lang.org/std/sync/atomic/enum.Ordering.html
Function compiler_fence Copy item path	https://doc.rust-lang.org/std/sync/atomic/fn.compiler_fence.html
Function fence Copy item path	https://doc.rust-lang.org/std/sync/atomic/fn.fence.html
Function spin_loop_hint Copy item path	https://doc.rust-lang.org/std/sync/atomic/fn.spin_loop_hint.html
Struct Atomic Copy item path	https://doc.rust-lang.org/std/sync/atomic/struct.Atomic.html
Trait AtomicPrimitive Copy item path	https://doc.rust-lang.org/std/sync/atomic/trait.AtomicPrimitive.html
Type Alias AtomicBool Copy item path	https://doc.rust-lang.org/std/sync/atomic/type.AtomicBool.html
Type Alias AtomicI16 Copy item path	https://doc.rust-lang.org/std/sync/atomic/type.AtomicI16.html
Type Alias AtomicI32 Copy item path	https://doc.rust-lang.org/std/sync/atomic/type.AtomicI32.html
Type Alias AtomicI64 Copy item path	https://doc.rust-lang.org/std/sync/atomic/type.AtomicI64.html
Type Alias AtomicI8 Copy item path	https://doc.rust-lang.org/std/sync/atomic/type.AtomicI8.html
Type Alias AtomicIsize Copy item path	https://doc.rust-lang.org/std/sync/atomic/type.AtomicIsize.html
Type Alias AtomicPtr Copy item path	https://doc.rust-lang.org/std/sync/atomic/type.AtomicPtr.html
Type Alias AtomicU16 Copy item path	https://doc.rust-lang.org/std/sync/atomic/type.AtomicU16.html
Type Alias AtomicU32 Copy item path	https://doc.rust-lang.org/std/sync/atomic/type.AtomicU32.html
Type Alias AtomicU64 Copy item path	https://doc.rust-lang.org/std/sync/atomic/type.AtomicU64.html
Type Alias AtomicU8 Copy item path	https://doc.rust-lang.org/std/sync/atomic/type.AtomicU8.html
Type Alias AtomicUsize Copy item path	https://doc.rust-lang.org/std/sync/atomic/type.AtomicUsize.html
Constant ONCE_INIT Copy item path	https://doc.rust-lang.org/std/sync/constant.ONCE_INIT.html
Enum TryLockError Copy item path	https://doc.rust-lang.org/std/sync/enum.TryLockError.html
Module sync Copy item path	https://doc.rust-lang.org/std/sync/index.html
Enum SendTimeoutError Copy item path	https://doc.rust-lang.org/std/sync/mpmc/enum.SendTimeoutError.html
Function channel Copy item path	https://doc.rust-lang.org/std/sync/mpmc/fn.channel.html
Function sync_channel Copy item path	https://doc.rust-lang.org/std/sync/mpmc/fn.sync_channel.html
Struct IntoIter Copy item path	https://doc.rust-lang.org/std/sync/mpmc/struct.IntoIter.html
Struct Iter Copy item path	https://doc.rust-lang.org/std/sync/mpmc/struct.Iter.html
Struct Receiver Copy item path	https://doc.rust-lang.org/std/sync/mpmc/struct.Receiver.html
Struct Sender Copy item path	https://doc.rust-lang.org/std/sync/mpmc/struct.Sender.html
Struct TryIter Copy item path	https://doc.rust-lang.org/std/sync/mpmc/struct.TryIter.html
Enum RecvTimeoutError Copy item path	https://doc.rust-lang.org/std/sync/mpsc/enum.RecvTimeoutError.html
Enum TryRecvError Copy item path	https://doc.rust-lang.org/std/sync/mpsc/enum.TryRecvError.html
Enum TrySendError Copy item path	https://doc.rust-lang.org/std/sync/mpsc/enum.TrySendError.html
Function channel Copy item path	https://doc.rust-lang.org/std/sync/mpsc/fn.channel.html
Function sync_channel Copy item path	https://doc.rust-lang.org/std/sync/mpsc/fn.sync_channel.html
Struct IntoIter Copy item path	https://doc.rust-lang.org/std/sync/mpsc/struct.IntoIter.html
Struct Iter Copy item path	https://doc.rust-lang.org/std/sync/mpsc/struct.Iter.html
Struct Receiver Copy item path	https://doc.rust-lang.org/std/sync/mpsc/struct.Receiver.html
Struct RecvError Copy item path	https://doc.rust-lang.org/std/sync/mpsc/struct.RecvError.html
Struct SendError Copy item path	https://doc.rust-lang.org/std/sync/mpsc/struct.SendError.html
Struct Sender Copy item path	https://doc.rust-lang.org/std/sync/mpsc/struct.Sender.html
Struct SyncSender Copy item path	https://doc.rust-lang.org/std/sync/mpsc/struct.SyncSender.html
Struct TryIter Copy item path	https://doc.rust-lang.org/std/sync/mpsc/struct.TryIter.html
Struct Condvar Copy item path	https://doc.rust-lang.org/std/sync/nonpoison/struct.Condvar.html
Struct MappedMutexGuard Copy item path	https://doc.rust-lang.org/std/sync/nonpoison/struct.MappedMutexGuard.html
Struct MappedRwLockReadGuard Copy item path	https://doc.rust-lang.org/std/sync/nonpoison/struct.MappedRwLockReadGuard.html
Struct MappedRwLockWriteGuard Copy item path	https://doc.rust-lang.org/std/sync/nonpoison/struct.MappedRwLockWriteGuard.html
Struct Mutex Copy item path	https://doc.rust-lang.org/std/sync/nonpoison/struct.Mutex.html
Struct MutexGuard Copy item path	https://doc.rust-lang.org/std/sync/nonpoison/struct.MutexGuard.html
Struct RwLock Copy item path	https://doc.rust-lang.org/std/sync/nonpoison/struct.RwLock.html
Struct RwLockReadGuard Copy item path	https://doc.rust-lang.org/std/sync/nonpoison/struct.RwLockReadGuard.html
Struct RwLockWriteGuard Copy item path	https://doc.rust-lang.org/std/sync/nonpoison/struct.RwLockWriteGuard.html
Struct WouldBlock Copy item path	https://doc.rust-lang.org/std/sync/nonpoison/struct.WouldBlock.html
Type Alias TryLockResult Copy item path	https://doc.rust-lang.org/std/sync/nonpoison/type.TryLockResult.html
Enum RecvTimeoutError Copy item path	https://doc.rust-lang.org/std/sync/oneshot/enum.RecvTimeoutError.html
Enum TryRecvError Copy item path	https://doc.rust-lang.org/std/sync/oneshot/enum.TryRecvError.html
Function channel Copy item path	https://doc.rust-lang.org/std/sync/oneshot/fn.channel.html
Struct Receiver Copy item path	https://doc.rust-lang.org/std/sync/oneshot/struct.Receiver.html
Struct Sender Copy item path	https://doc.rust-lang.org/std/sync/oneshot/struct.Sender.html
Enum TryLockError Copy item path	https://doc.rust-lang.org/std/sync/poison/enum.TryLockError.html
Struct Condvar Copy item path	https://doc.rust-lang.org/std/sync/poison/struct.Condvar.html
Struct MappedMutexGuard Copy item path	https://doc.rust-lang.org/std/sync/poison/struct.MappedMutexGuard.html
Struct MappedRwLockReadGuard Copy item path	https://doc.rust-lang.org/std/sync/poison/struct.MappedRwLockReadGuard.html
Struct MappedRwLockWriteGuard Copy item path	https://doc.rust-lang.org/std/sync/poison/struct.MappedRwLockWriteGuard.html
Struct Mutex Copy item path	https://doc.rust-lang.org/std/sync/poison/struct.Mutex.html
Struct MutexGuard Copy item path	https://doc.rust-lang.org/std/sync/poison/struct.MutexGuard.html
Struct PoisonError Copy item path	https://doc.rust-lang.org/std/sync/poison/struct.PoisonError.html
Struct RwLock Copy item path	https://doc.rust-lang.org/std/sync/poison/struct.RwLock.html
Struct RwLockReadGuard Copy item path	https://doc.rust-lang.org/std/sync/poison/struct.RwLockReadGuard.html
Struct RwLockWriteGuard Copy item path	https://doc.rust-lang.org/std/sync/poison/struct.RwLockWriteGuard.html
Type Alias LockResult Copy item path	https://doc.rust-lang.org/std/sync/poison/type.LockResult.html
Type Alias TryLockResult Copy item path	https://doc.rust-lang.org/std/sync/poison/type.TryLockResult.html
Struct Arc Copy item path	https://doc.rust-lang.org/std/sync/struct.Arc.html
Struct Barrier Copy item path	https://doc.rust-lang.org/std/sync/struct.Barrier.html
Struct BarrierWaitResult Copy item path	https://doc.rust-lang.org/std/sync/struct.BarrierWaitResult.html
Struct Condvar Copy item path	https://doc.rust-lang.org/std/sync/struct.Condvar.html
Struct LazyLock Copy item path	https://doc.rust-lang.org/std/sync/struct.LazyLock.html
Struct MappedMutexGuard Copy item path	https://doc.rust-lang.org/std/sync/struct.MappedMutexGuard.html
Struct MappedRwLockReadGuard Copy item path	https://doc.rust-lang.org/std/sync/struct.MappedRwLockReadGuard.html
Struct MappedRwLockWriteGuard Copy item path	https://doc.rust-lang.org/std/sync/struct.MappedRwLockWriteGuard.html
Struct Mutex Copy item path	https://doc.rust-lang.org/std/sync/struct.Mutex.html
Struct MutexGuard Copy item path	https://doc.rust-lang.org/std/sync/struct.MutexGuard.html
Struct Once Copy item path	https://doc.rust-lang.org/std/sync/struct.Once.html
Struct OnceLock Copy item path	https://doc.rust-lang.org/std/sync/struct.OnceLock.html
Struct OnceState Copy item path	https://doc.rust-lang.org/std/sync/struct.OnceState.html
Struct PoisonError Copy item path	https://doc.rust-lang.org/std/sync/struct.PoisonError.html
Struct ReentrantLock Copy item path	https://doc.rust-lang.org/std/sync/struct.ReentrantLock.html
Struct ReentrantLockGuard Copy item path	https://doc.rust-lang.org/std/sync/struct.ReentrantLockGuard.html
Struct RwLock Copy item path	https://doc.rust-lang.org/std/sync/struct.RwLock.html
Struct RwLockReadGuard Copy item path	https://doc.rust-lang.org/std/sync/struct.RwLockReadGuard.html
Struct RwLockWriteGuard Copy item path	https://doc.rust-lang.org/std/sync/struct.RwLockWriteGuard.html
Struct SyncView Copy item path	https://doc.rust-lang.org/std/sync/struct.SyncView.html
Struct UniqueArc Copy item path	https://doc.rust-lang.org/std/sync/struct.UniqueArc.html
Struct WaitTimeoutResult Copy item path	https://doc.rust-lang.org/std/sync/struct.WaitTimeoutResult.html
Struct Weak Copy item path	https://doc.rust-lang.org/std/sync/struct.Weak.html
Type Alias LockResult Copy item path	https://doc.rust-lang.org/std/sync/type.LockResult.html
Type Alias TryLockResult Copy item path	https://doc.rust-lang.org/std/sync/type.TryLockResult.html
Enum Poll Copy item path	https://doc.rust-lang.org/std/task/enum.Poll.html
Function local_waker_fn Copy item path	https://doc.rust-lang.org/std/task/fn.local_waker_fn.html
Function waker_fn Copy item path	https://doc.rust-lang.org/std/task/fn.waker_fn.html
Module task Copy item path	https://doc.rust-lang.org/std/task/index.html
Macro ready Copy item path	https://doc.rust-lang.org/std/task/macro.ready.html
Struct Context Copy item path	https://doc.rust-lang.org/std/task/struct.Context.html
Struct ContextBuilder Copy item path	https://doc.rust-lang.org/std/task/struct.ContextBuilder.html
Struct LocalWaker Copy item path	https://doc.rust-lang.org/std/task/struct.LocalWaker.html
Struct RawWaker Copy item path	https://doc.rust-lang.org/std/task/struct.RawWaker.html
Struct RawWakerVTable Copy item path	https://doc.rust-lang.org/std/task/struct.RawWakerVTable.html
Struct Waker Copy item path	https://doc.rust-lang.org/std/task/struct.Waker.html
Trait LocalWake Copy item path	https://doc.rust-lang.org/std/task/trait.LocalWake.html
Trait Wake Copy item path	https://doc.rust-lang.org/std/task/trait.Wake.html
Function add_spawn_hook Copy item path	https://doc.rust-lang.org/std/thread/fn.add_spawn_hook.html
Function available_parallelism Copy item path	https://doc.rust-lang.org/std/thread/fn.available_parallelism.html
Function current Copy item path	https://doc.rust-lang.org/std/thread/fn.current.html
Function current_id Copy item path	https://doc.rust-lang.org/std/thread/fn.current_id.html
Function panicking Copy item path	https://doc.rust-lang.org/std/thread/fn.panicking.html
Function park Copy item path	https://doc.rust-lang.org/std/thread/fn.park.html
Function park_timeout Copy item path	https://doc.rust-lang.org/std/thread/fn.park_timeout.html
Function park_timeout_ms Copy item path	https://doc.rust-lang.org/std/thread/fn.park_timeout_ms.html
Function scope Copy item path	https://doc.rust-lang.org/std/thread/fn.scope.html
Function sleep Copy item path	https://doc.rust-lang.org/std/thread/fn.sleep.html
Function sleep_ms Copy item path	https://doc.rust-lang.org/std/thread/fn.sleep_ms.html
Function sleep_until Copy item path	https://doc.rust-lang.org/std/thread/fn.sleep_until.html
Function spawn Copy item path	https://doc.rust-lang.org/std/thread/fn.spawn.html
Function yield_now Copy item path	https://doc.rust-lang.org/std/thread/fn.yield_now.html
Module thread Copy item path	https://doc.rust-lang.org/std/thread/index.html
Struct AccessError Copy item path	https://doc.rust-lang.org/std/thread/struct.AccessError.html
Struct Builder Copy item path	https://doc.rust-lang.org/std/thread/struct.Builder.html
Struct JoinHandle Copy item path	https://doc.rust-lang.org/std/thread/struct.JoinHandle.html
Struct LocalKey Copy item path	https://doc.rust-lang.org/std/thread/struct.LocalKey.html
Struct Scope Copy item path	https://doc.rust-lang.org/std/thread/struct.Scope.html
Struct ScopedJoinHandle Copy item path	https://doc.rust-lang.org/std/thread/struct.ScopedJoinHandle.html
Struct Thread Copy item path	https://doc.rust-lang.org/std/thread/struct.Thread.html
Struct ThreadId Copy item path	https://doc.rust-lang.org/std/thread/struct.ThreadId.html
Type Alias Result Copy item path	https://doc.rust-lang.org/std/thread/type.Result.html
Constant UNIX_EPOCH Copy item path	https://doc.rust-lang.org/std/time/constant.UNIX_EPOCH.html
Module time Copy item path	https://doc.rust-lang.org/std/time/index.html
Struct Duration Copy item path	https://doc.rust-lang.org/std/time/struct.Duration.html
Struct Instant Copy item path	https://doc.rust-lang.org/std/time/struct.Instant.html
Struct SystemTime Copy item path	https://doc.rust-lang.org/std/time/struct.SystemTime.html
Struct SystemTimeError Copy item path	https://doc.rust-lang.org/std/time/struct.SystemTimeError.html
Struct TryFromFloatSecsError Copy item path	https://doc.rust-lang.org/std/time/struct.TryFromFloatSecsError.html
Constant MAX Copy item path	https://doc.rust-lang.org/std/u128/constant.MAX.html
Constant MIN Copy item path	https://doc.rust-lang.org/std/u128/constant.MIN.html
Constant MAX Copy item path	https://doc.rust-lang.org/std/u16/constant.MAX.html
Constant MIN Copy item path	https://doc.rust-lang.org/std/u16/constant.MIN.html
Constant MAX Copy item path	https://doc.rust-lang.org/std/u32/constant.MAX.html
Constant MIN Copy item path	https://doc.rust-lang.org/std/u32/constant.MIN.html
Constant MAX Copy item path	https://doc.rust-lang.org/std/u64/constant.MAX.html
Constant MIN Copy item path	https://doc.rust-lang.org/std/u64/constant.MIN.html
Constant MAX Copy item path	https://doc.rust-lang.org/std/u8/constant.MAX.html
Constant MIN Copy item path	https://doc.rust-lang.org/std/u8/constant.MIN.html
Macro unwrap_binder Copy item path	https://doc.rust-lang.org/std/unsafe_binder/macro.unwrap_binder.html
Macro wrap_binder Copy item path	https://doc.rust-lang.org/std/unsafe_binder/macro.wrap_binder.html
Constant MAX Copy item path	https://doc.rust-lang.org/std/usize/constant.MAX.html
Constant MIN Copy item path	https://doc.rust-lang.org/std/usize/constant.MIN.html
Module usize Copy item path	https://doc.rust-lang.org/std/usize/index.html
Module vec Copy item path	https://doc.rust-lang.org/std/vec/index.html
Struct Drain Copy item path	https://doc.rust-lang.org/std/vec/struct.Drain.html
Struct ExtractIf Copy item path	https://doc.rust-lang.org/std/vec/struct.ExtractIf.html
Struct IntoIter Copy item path	https://doc.rust-lang.org/std/vec/struct.IntoIter.html
Struct PeekMut Copy item path	https://doc.rust-lang.org/std/vec/struct.PeekMut.html
Struct Splice Copy item path	https://doc.rust-lang.org/std/vec/struct.Splice.html
Struct Vec Copy item path	https://doc.rust-lang.org/std/vec/struct.Vec.html
Crate std_detect Copy item path	https://doc.rust-lang.org/std_detect/index.html
Crate test Copy item path	https://doc.rust-lang.org/test/index.html
