Introduction	https://sourceware.org/glibc/manual/latest/html_node/Introduction.html
Introduction / Getting Started	https://sourceware.org/glibc/manual/latest/html_node/Getting-Started.html
Introduction / Standards and Portability	https://sourceware.org/glibc/manual/latest/html_node/Standards-and-Portability.html
Introduction / Standards and Portability / ISO C	https://sourceware.org/glibc/manual/latest/html_node/ISO-C.html
Introduction / Standards and Portability / POSIX (The Portable Operating System Interface)	https://sourceware.org/glibc/manual/latest/html_node/POSIX.html
Introduction / Standards and Portability / POSIX (The Portable Operating System Interface) / POSIX Safety Concepts	https://sourceware.org/glibc/manual/latest/html_node/POSIX-Safety-Concepts.html
Introduction / Standards and Portability / POSIX (The Portable Operating System Interface) / Unsafe Features	https://sourceware.org/glibc/manual/latest/html_node/Unsafe-Features.html
Introduction / Standards and Portability / POSIX (The Portable Operating System Interface) / Conditionally Safe Features	https://sourceware.org/glibc/manual/latest/html_node/Conditionally-Safe-Features.html
Introduction / Standards and Portability / POSIX (The Portable Operating System Interface) / Other Safety Remarks	https://sourceware.org/glibc/manual/latest/html_node/Other-Safety-Remarks.html
Introduction / Standards and Portability / Berkeley Unix	https://sourceware.org/glibc/manual/latest/html_node/Berkeley-Unix.html
Introduction / Standards and Portability / SVID (The System V Interface Description)	https://sourceware.org/glibc/manual/latest/html_node/SVID.html
Introduction / Standards and Portability / XPG (The X/Open Portability Guide)	https://sourceware.org/glibc/manual/latest/html_node/XPG.html
Introduction / Standards and Portability / Linux (The Linux Kernel)	https://sourceware.org/glibc/manual/latest/html_node/Linux-Kernel.html
Introduction / Using the Library	https://sourceware.org/glibc/manual/latest/html_node/Using-the-Library.html
Introduction / Using the Library / Header Files	https://sourceware.org/glibc/manual/latest/html_node/Header-Files.html
Introduction / Using the Library / Macro Definitions of Functions	https://sourceware.org/glibc/manual/latest/html_node/Macro-Definitions.html
Introduction / Using the Library / Reserved Names	https://sourceware.org/glibc/manual/latest/html_node/Reserved-Names.html
Introduction / Using the Library / Feature Test Macros	https://sourceware.org/glibc/manual/latest/html_node/Feature-Test-Macros.html
Introduction / Roadmap to the Manual	https://sourceware.org/glibc/manual/latest/html_node/Roadmap-to-the-Manual.html
Error Reporting	https://sourceware.org/glibc/manual/latest/html_node/Error-Reporting.html
Error Reporting / Checking for Errors	https://sourceware.org/glibc/manual/latest/html_node/Checking-for-Errors.html
Error Reporting / Error Codes	https://sourceware.org/glibc/manual/latest/html_node/Error-Codes.html
Error Reporting / Error Messages	https://sourceware.org/glibc/manual/latest/html_node/Error-Messages.html
Virtual Memory Allocation And Paging	https://sourceware.org/glibc/manual/latest/html_node/Memory.html
Virtual Memory Allocation And Paging / Process Memory Concepts	https://sourceware.org/glibc/manual/latest/html_node/Memory-Concepts.html
Virtual Memory Allocation And Paging / Allocating Storage For Program Data	https://sourceware.org/glibc/manual/latest/html_node/Memory-Allocation.html
Virtual Memory Allocation And Paging / Allocating Storage For Program Data / Memory Allocation in C Programs	https://sourceware.org/glibc/manual/latest/html_node/Memory-Allocation-and-C.html
Virtual Memory Allocation And Paging / Allocating Storage For Program Data / The GNU Allocator	https://sourceware.org/glibc/manual/latest/html_node/The-GNU-Allocator.html
Virtual Memory Allocation And Paging / Allocating Storage For Program Data / Unconstrained Allocation	https://sourceware.org/glibc/manual/latest/html_node/Unconstrained-Allocation.html
Virtual Memory Allocation And Paging / Allocating Storage For Program Data / Unconstrained Allocation / Basic Memory Allocation	https://sourceware.org/glibc/manual/latest/html_node/Basic-Allocation.html
Virtual Memory Allocation And Paging / Allocating Storage For Program Data / Unconstrained Allocation / Examples of malloc	https://sourceware.org/glibc/manual/latest/html_node/Malloc-Examples.html
Virtual Memory Allocation And Paging / Allocating Storage For Program Data / Unconstrained Allocation / Portable Memory Allocation	https://sourceware.org/glibc/manual/latest/html_node/Portable-Allocation.html
Virtual Memory Allocation And Paging / Allocating Storage For Program Data / Unconstrained Allocation / Freeing Memory Allocated with malloc	https://sourceware.org/glibc/manual/latest/html_node/Freeing-after-Malloc.html
Virtual Memory Allocation And Paging / Allocating Storage For Program Data / Unconstrained Allocation / Changing the Size of a Block	https://sourceware.org/glibc/manual/latest/html_node/Changing-Block-Size.html
Virtual Memory Allocation And Paging / Allocating Storage For Program Data / Unconstrained Allocation / Allocating Cleared Space	https://sourceware.org/glibc/manual/latest/html_node/Allocating-Cleared-Space.html
Virtual Memory Allocation And Paging / Allocating Storage For Program Data / Unconstrained Allocation / Allocating Aligned Memory Blocks	https://sourceware.org/glibc/manual/latest/html_node/Aligned-Memory-Blocks.html
Virtual Memory Allocation And Paging / Allocating Storage For Program Data / Unconstrained Allocation / Malloc Tunable Parameters	https://sourceware.org/glibc/manual/latest/html_node/Malloc-Tunable-Parameters.html
Virtual Memory Allocation And Paging / Allocating Storage For Program Data / Unconstrained Allocation / Heap Consistency Checking	https://sourceware.org/glibc/manual/latest/html_node/Heap-Consistency-Checking.html
Virtual Memory Allocation And Paging / Allocating Storage For Program Data / Unconstrained Allocation / Statistics for Memory Allocation with malloc	https://sourceware.org/glibc/manual/latest/html_node/Statistics-of-Malloc.html
Virtual Memory Allocation And Paging / Allocating Storage For Program Data / Unconstrained Allocation / Summary of malloc -Related Functions	https://sourceware.org/glibc/manual/latest/html_node/Summary-of-Malloc.html
Virtual Memory Allocation And Paging / Allocating Storage For Program Data / Allocation Debugging	https://sourceware.org/glibc/manual/latest/html_node/Allocation-Debugging.html
Virtual Memory Allocation And Paging / Allocating Storage For Program Data / Allocation Debugging / How to install the tracing functionality	https://sourceware.org/glibc/manual/latest/html_node/Tracing-malloc.html
Virtual Memory Allocation And Paging / Allocating Storage For Program Data / Allocation Debugging / Example program excerpts	https://sourceware.org/glibc/manual/latest/html_node/Using-the-Memory-Debugger.html
Virtual Memory Allocation And Paging / Allocating Storage For Program Data / Allocation Debugging / Some more or less clever ideas	https://sourceware.org/glibc/manual/latest/html_node/Tips-for-the-Memory-Debugger.html
Virtual Memory Allocation And Paging / Allocating Storage For Program Data / Allocation Debugging / Interpreting the traces	https://sourceware.org/glibc/manual/latest/html_node/Interpreting-the-traces.html
Virtual Memory Allocation And Paging / Allocating Storage For Program Data / Replacing malloc	https://sourceware.org/glibc/manual/latest/html_node/Replacing-malloc.html
Virtual Memory Allocation And Paging / Allocating Storage For Program Data / Obstacks	https://sourceware.org/glibc/manual/latest/html_node/Obstacks.html
Virtual Memory Allocation And Paging / Allocating Storage For Program Data / Obstacks / Creating Obstacks	https://sourceware.org/glibc/manual/latest/html_node/Creating-Obstacks.html
Virtual Memory Allocation And Paging / Allocating Storage For Program Data / Obstacks / Preparing for Using Obstacks	https://sourceware.org/glibc/manual/latest/html_node/Preparing-for-Obstacks.html
Virtual Memory Allocation And Paging / Allocating Storage For Program Data / Obstacks / Allocation in an Obstack	https://sourceware.org/glibc/manual/latest/html_node/Allocation-in-an-Obstack.html
Virtual Memory Allocation And Paging / Allocating Storage For Program Data / Obstacks / Freeing Objects in an Obstack	https://sourceware.org/glibc/manual/latest/html_node/Freeing-Obstack-Objects.html
Virtual Memory Allocation And Paging / Allocating Storage For Program Data / Obstacks / Obstack Functions and Macros	https://sourceware.org/glibc/manual/latest/html_node/Obstack-Functions.html
Virtual Memory Allocation And Paging / Allocating Storage For Program Data / Obstacks / Growing Objects	https://sourceware.org/glibc/manual/latest/html_node/Growing-Objects.html
Virtual Memory Allocation And Paging / Allocating Storage For Program Data / Obstacks / Extra Fast Growing Objects	https://sourceware.org/glibc/manual/latest/html_node/Extra-Fast-Growing.html
Virtual Memory Allocation And Paging / Allocating Storage For Program Data / Obstacks / Status of an Obstack	https://sourceware.org/glibc/manual/latest/html_node/Status-of-an-Obstack.html
Virtual Memory Allocation And Paging / Allocating Storage For Program Data / Obstacks / Alignment of Data in Obstacks	https://sourceware.org/glibc/manual/latest/html_node/Obstacks-Data-Alignment.html
Virtual Memory Allocation And Paging / Allocating Storage For Program Data / Obstacks / Obstack Chunks	https://sourceware.org/glibc/manual/latest/html_node/Obstack-Chunks.html
Virtual Memory Allocation And Paging / Allocating Storage For Program Data / Obstacks / Summary of Obstack Functions	https://sourceware.org/glibc/manual/latest/html_node/Summary-of-Obstacks.html
Virtual Memory Allocation And Paging / Allocating Storage For Program Data / Automatic Storage with Variable Size	https://sourceware.org/glibc/manual/latest/html_node/Variable-Size-Automatic.html
Virtual Memory Allocation And Paging / Allocating Storage For Program Data / Automatic Storage with Variable Size / alloca Example	https://sourceware.org/glibc/manual/latest/html_node/Alloca-Example.html
Virtual Memory Allocation And Paging / Allocating Storage For Program Data / Automatic Storage with Variable Size / Advantages of alloca	https://sourceware.org/glibc/manual/latest/html_node/Advantages-of-Alloca.html
Virtual Memory Allocation And Paging / Allocating Storage For Program Data / Automatic Storage with Variable Size / Disadvantages of alloca	https://sourceware.org/glibc/manual/latest/html_node/Disadvantages-of-Alloca.html
Virtual Memory Allocation And Paging / Allocating Storage For Program Data / Automatic Storage with Variable Size / GNU C Variable-Size Arrays	https://sourceware.org/glibc/manual/latest/html_node/GNU-C-Variable_002dSize-Arrays.html
Virtual Memory Allocation And Paging / Resizing the Data Segment	https://sourceware.org/glibc/manual/latest/html_node/Resizing-the-Data-Segment.html
Virtual Memory Allocation And Paging / Memory Protection	https://sourceware.org/glibc/manual/latest/html_node/Memory-Protection.html
Virtual Memory Allocation And Paging / Locking Pages	https://sourceware.org/glibc/manual/latest/html_node/Locking-Pages.html
Virtual Memory Allocation And Paging / Locking Pages / Why Lock Pages	https://sourceware.org/glibc/manual/latest/html_node/Why-Lock-Pages.html
Virtual Memory Allocation And Paging / Locking Pages / Locked Memory Details	https://sourceware.org/glibc/manual/latest/html_node/Locked-Memory-Details.html
Virtual Memory Allocation And Paging / Locking Pages / Functions To Lock And Unlock Pages	https://sourceware.org/glibc/manual/latest/html_node/Page-Lock-Functions.html
Character Handling	https://sourceware.org/glibc/manual/latest/html_node/Character-Handling.html
Character Handling / Classification of Characters	https://sourceware.org/glibc/manual/latest/html_node/Classification-of-Characters.html
Character Handling / Case Conversion	https://sourceware.org/glibc/manual/latest/html_node/Case-Conversion.html
Character Handling / Character class determination for wide characters	https://sourceware.org/glibc/manual/latest/html_node/Classification-of-Wide-Characters.html
Character Handling / Notes on using the wide character classes	https://sourceware.org/glibc/manual/latest/html_node/Using-Wide-Char-Classes.html
Character Handling / Mapping of wide characters.	https://sourceware.org/glibc/manual/latest/html_node/Wide-Character-Case-Conversion.html
String and Array Utilities	https://sourceware.org/glibc/manual/latest/html_node/String-and-Array-Utilities.html
String and Array Utilities / Representation of Strings	https://sourceware.org/glibc/manual/latest/html_node/Representation-of-Strings.html
String and Array Utilities / String and Array Conventions	https://sourceware.org/glibc/manual/latest/html_node/String_002fArray-Conventions.html
String and Array Utilities / String Length	https://sourceware.org/glibc/manual/latest/html_node/String-Length.html
String and Array Utilities / Copying Strings and Arrays	https://sourceware.org/glibc/manual/latest/html_node/Copying-Strings-and-Arrays.html
String and Array Utilities / Concatenating Strings	https://sourceware.org/glibc/manual/latest/html_node/Concatenating-Strings.html
String and Array Utilities / Truncating Strings while Copying	https://sourceware.org/glibc/manual/latest/html_node/Truncating-Strings.html
String and Array Utilities / String/Array Comparison	https://sourceware.org/glibc/manual/latest/html_node/String_002fArray-Comparison.html
String and Array Utilities / Collation Functions	https://sourceware.org/glibc/manual/latest/html_node/Collation-Functions.html
String and Array Utilities / Search Functions	https://sourceware.org/glibc/manual/latest/html_node/Search-Functions.html
String and Array Utilities / Finding Tokens in a String	https://sourceware.org/glibc/manual/latest/html_node/Finding-Tokens-in-a-String.html
String and Array Utilities / Erasing Sensitive Data	https://sourceware.org/glibc/manual/latest/html_node/Erasing-Sensitive-Data.html
String and Array Utilities / Shuffling Bytes	https://sourceware.org/glibc/manual/latest/html_node/Shuffling-Bytes.html
String and Array Utilities / Obfuscating Data	https://sourceware.org/glibc/manual/latest/html_node/Obfuscating-Data.html
String and Array Utilities / Encode Binary Data	https://sourceware.org/glibc/manual/latest/html_node/Encode-Binary-Data.html
String and Array Utilities / Argz and Envz Vectors	https://sourceware.org/glibc/manual/latest/html_node/Argz-and-Envz-Vectors.html
String and Array Utilities / Argz and Envz Vectors / Argz Functions	https://sourceware.org/glibc/manual/latest/html_node/Argz-Functions.html
String and Array Utilities / Argz and Envz Vectors / Envz Functions	https://sourceware.org/glibc/manual/latest/html_node/Envz-Functions.html
Character Set Handling	https://sourceware.org/glibc/manual/latest/html_node/Character-Set-Handling.html
Character Set Handling / Introduction to Extended Characters	https://sourceware.org/glibc/manual/latest/html_node/Extended-Char-Intro.html
Character Set Handling / Overview about Character Handling Functions	https://sourceware.org/glibc/manual/latest/html_node/Charset-Function-Overview.html
Character Set Handling / Restartable Multibyte Conversion Functions	https://sourceware.org/glibc/manual/latest/html_node/Restartable-multibyte-conversion.html
Character Set Handling / Restartable Multibyte Conversion Functions / Selecting the conversion and its properties	https://sourceware.org/glibc/manual/latest/html_node/Selecting-the-Conversion.html
Character Set Handling / Restartable Multibyte Conversion Functions / Representing the state of the conversion	https://sourceware.org/glibc/manual/latest/html_node/Keeping-the-state.html
Character Set Handling / Restartable Multibyte Conversion Functions / Converting Single Characters	https://sourceware.org/glibc/manual/latest/html_node/Converting-a-Character.html
Character Set Handling / Restartable Multibyte Conversion Functions / Converting Multibyte and Wide Character Strings	https://sourceware.org/glibc/manual/latest/html_node/Converting-Strings.html
Character Set Handling / Restartable Multibyte Conversion Functions / A Complete Multibyte Conversion Example	https://sourceware.org/glibc/manual/latest/html_node/Multibyte-Conversion-Example.html
Character Set Handling / Non-reentrant Conversion Function	https://sourceware.org/glibc/manual/latest/html_node/Non_002dreentrant-Conversion.html
Character Set Handling / Non-reentrant Conversion Function / Non-reentrant Conversion of Single Characters	https://sourceware.org/glibc/manual/latest/html_node/Non_002dreentrant-Character-Conversion.html
Character Set Handling / Non-reentrant Conversion Function / Non-reentrant Conversion of Strings	https://sourceware.org/glibc/manual/latest/html_node/Non_002dreentrant-String-Conversion.html
Character Set Handling / Non-reentrant Conversion Function / States in Non-reentrant Functions	https://sourceware.org/glibc/manual/latest/html_node/Shift-State.html
Character Set Handling / Generic Charset Conversion	https://sourceware.org/glibc/manual/latest/html_node/Generic-Charset-Conversion.html
Character Set Handling / Generic Charset Conversion / Generic Character Set Conversion Interface	https://sourceware.org/glibc/manual/latest/html_node/Generic-Conversion-Interface.html
Character Set Handling / Generic Charset Conversion / A complete iconv example	https://sourceware.org/glibc/manual/latest/html_node/iconv-Examples.html
Character Set Handling / Generic Charset Conversion / Some Details about other iconv Implementations	https://sourceware.org/glibc/manual/latest/html_node/Other-iconv-Implementations.html
Character Set Handling / Generic Charset Conversion / The iconv Implementation in the GNU C Library	https://sourceware.org/glibc/manual/latest/html_node/glibc-iconv-Implementation.html
Locales and Internationalization	https://sourceware.org/glibc/manual/latest/html_node/Locales.html
Locales and Internationalization / What Effects a Locale Has	https://sourceware.org/glibc/manual/latest/html_node/Effects-of-Locale.html
Locales and Internationalization / Choosing a Locale	https://sourceware.org/glibc/manual/latest/html_node/Choosing-Locale.html
Locales and Internationalization / Locale Categories	https://sourceware.org/glibc/manual/latest/html_node/Locale-Categories.html
Locales and Internationalization / How Programs Set the Locale	https://sourceware.org/glibc/manual/latest/html_node/Setting-the-Locale.html
Locales and Internationalization / Standard Locales	https://sourceware.org/glibc/manual/latest/html_node/Standard-Locales.html
Locales and Internationalization / Locale Names	https://sourceware.org/glibc/manual/latest/html_node/Locale-Names.html
Locales and Internationalization / Accessing Locale Information	https://sourceware.org/glibc/manual/latest/html_node/Locale-Information.html
Locales and Internationalization / Accessing Locale Information / localeconv : It is portable but …	https://sourceware.org/glibc/manual/latest/html_node/The-Lame-Way-to-Locale-Data.html
Locales and Internationalization / Accessing Locale Information / localeconv : It is portable but … / Generic Numeric Formatting Parameters	https://sourceware.org/glibc/manual/latest/html_node/General-Numeric.html
Locales and Internationalization / Accessing Locale Information / localeconv : It is portable but … / Printing the Currency Symbol	https://sourceware.org/glibc/manual/latest/html_node/Currency-Symbol.html
Locales and Internationalization / Accessing Locale Information / localeconv : It is portable but … / Printing the Sign of a Monetary Amount	https://sourceware.org/glibc/manual/latest/html_node/Sign-of-Money-Amount.html
Locales and Internationalization / Accessing Locale Information / Pinpoint Access to Locale Data	https://sourceware.org/glibc/manual/latest/html_node/The-Elegant-and-Fast-Way.html
Locales and Internationalization / A dedicated function to format numbers	https://sourceware.org/glibc/manual/latest/html_node/Formatting-Numbers.html
Locales and Internationalization / Yes-or-No Questions	https://sourceware.org/glibc/manual/latest/html_node/Yes_002dor_002dNo-Questions.html
Message Translation	https://sourceware.org/glibc/manual/latest/html_node/Message-Translation.html
Message Translation / X/Open Message Catalog Handling	https://sourceware.org/glibc/manual/latest/html_node/Message-catalogs-a-la-X_002fOpen.html
Message Translation / X/Open Message Catalog Handling / The catgets function family	https://sourceware.org/glibc/manual/latest/html_node/The-catgets-Functions.html
Message Translation / X/Open Message Catalog Handling / Format of the message catalog files	https://sourceware.org/glibc/manual/latest/html_node/The-message-catalog-files.html
Message Translation / X/Open Message Catalog Handling / Generate Message Catalogs files	https://sourceware.org/glibc/manual/latest/html_node/The-gencat-program.html
Message Translation / X/Open Message Catalog Handling / How to use the catgets interface	https://sourceware.org/glibc/manual/latest/html_node/Common-Usage.html
Message Translation / The Uniforum approach to Message Translation	https://sourceware.org/glibc/manual/latest/html_node/The-Uniforum-approach.html
Message Translation / The Uniforum approach to Message Translation / The gettext family of functions	https://sourceware.org/glibc/manual/latest/html_node/Message-catalogs-with-gettext.html
Message Translation / The Uniforum approach to Message Translation / The gettext family of functions / What has to be done to translate a message?	https://sourceware.org/glibc/manual/latest/html_node/Translation-with-gettext.html
Message Translation / The Uniforum approach to Message Translation / The gettext family of functions / How to determine which catalog to be used	https://sourceware.org/glibc/manual/latest/html_node/Locating-gettext-catalog.html
Message Translation / The Uniforum approach to Message Translation / The gettext family of functions / Additional functions for more complicated situations	https://sourceware.org/glibc/manual/latest/html_node/Advanced-gettext-functions.html
Message Translation / The Uniforum approach to Message Translation / The gettext family of functions / How to specify the output character set gettext uses	https://sourceware.org/glibc/manual/latest/html_node/Charset-conversion-in-gettext.html
Message Translation / The Uniforum approach to Message Translation / The gettext family of functions / How to use gettext in GUI programs	https://sourceware.org/glibc/manual/latest/html_node/GUI-program-problems.html
Message Translation / The Uniforum approach to Message Translation / The gettext family of functions / User influence on gettext	https://sourceware.org/glibc/manual/latest/html_node/Using-gettextized-software.html
Message Translation / The Uniforum approach to Message Translation / Programs to handle message catalogs for gettext	https://sourceware.org/glibc/manual/latest/html_node/Helper-programs-for-gettext.html
Searching and Sorting	https://sourceware.org/glibc/manual/latest/html_node/Searching-and-Sorting.html
Searching and Sorting / Defining the Comparison Function	https://sourceware.org/glibc/manual/latest/html_node/Comparison-Functions.html
Searching and Sorting / Array Search Function	https://sourceware.org/glibc/manual/latest/html_node/Array-Search-Function.html
Searching and Sorting / Array Sort Function	https://sourceware.org/glibc/manual/latest/html_node/Array-Sort-Function.html
Searching and Sorting / Searching and Sorting Example	https://sourceware.org/glibc/manual/latest/html_node/Search_002fSort-Example.html
Searching and Sorting / The hsearch function.	https://sourceware.org/glibc/manual/latest/html_node/Hash-Search-Function.html
Searching and Sorting / The tsearch function.	https://sourceware.org/glibc/manual/latest/html_node/Tree-Search-Function.html
10 Pattern Matching	https://sourceware.org/glibc/manual/latest/html_node/Pattern-Matching.html
10 Pattern Matching / 10.1 Wildcard Matching	https://sourceware.org/glibc/manual/latest/html_node/Wildcard-Matching.html
10 Pattern Matching / 10.2 Globbing	https://sourceware.org/glibc/manual/latest/html_node/Globbing.html
10 Pattern Matching / 10.2 Globbing / 10.2.1 Calling glob	https://sourceware.org/glibc/manual/latest/html_node/Calling-Glob.html
10 Pattern Matching / 10.2 Globbing / 10.2.2 Flags for Globbing	https://sourceware.org/glibc/manual/latest/html_node/Flags-for-Globbing.html
10 Pattern Matching / 10.2 Globbing / 10.2.3 More Flags for Globbing	https://sourceware.org/glibc/manual/latest/html_node/More-Flags-for-Globbing.html
10 Pattern Matching / 10.3 Regular Expression Matching	https://sourceware.org/glibc/manual/latest/html_node/Regular-Expressions.html
10 Pattern Matching / 10.3 Regular Expression Matching / 10.3.1 POSIX Regular Expression Compilation	https://sourceware.org/glibc/manual/latest/html_node/POSIX-Regexp-Compilation.html
10 Pattern Matching / 10.3 Regular Expression Matching / 10.3.2 Flags for POSIX Regular Expressions	https://sourceware.org/glibc/manual/latest/html_node/Flags-for-POSIX-Regexps.html
10 Pattern Matching / 10.3 Regular Expression Matching / 10.3.3 Matching a Compiled POSIX Regular Expression	https://sourceware.org/glibc/manual/latest/html_node/Matching-POSIX-Regexps.html
10 Pattern Matching / 10.3 Regular Expression Matching / 10.3.4 Match Results with Subexpressions	https://sourceware.org/glibc/manual/latest/html_node/Regexp-Subexpressions.html
10 Pattern Matching / 10.3 Regular Expression Matching / 10.3.5 Complications in Subexpression Matching	https://sourceware.org/glibc/manual/latest/html_node/Subexpression-Complications.html
10 Pattern Matching / 10.3 Regular Expression Matching / 10.3.6 POSIX Regexp Matching Cleanup	https://sourceware.org/glibc/manual/latest/html_node/Regexp-Cleanup.html
10 Pattern Matching / 10.4 Shell-Style Word Expansion	https://sourceware.org/glibc/manual/latest/html_node/Word-Expansion.html
10 Pattern Matching / 10.4 Shell-Style Word Expansion / 10.4.1 The Stages of Word Expansion	https://sourceware.org/glibc/manual/latest/html_node/Expansion-Stages.html
10 Pattern Matching / 10.4 Shell-Style Word Expansion / 10.4.2 Calling wordexp	https://sourceware.org/glibc/manual/latest/html_node/Calling-Wordexp.html
10 Pattern Matching / 10.4 Shell-Style Word Expansion / 10.4.3 Flags for Word Expansion	https://sourceware.org/glibc/manual/latest/html_node/Flags-for-Wordexp.html
10 Pattern Matching / 10.4 Shell-Style Word Expansion / 10.4.4 wordexp Example	https://sourceware.org/glibc/manual/latest/html_node/Wordexp-Example.html
10 Pattern Matching / 10.4 Shell-Style Word Expansion / 10.4.5 Details of Tilde Expansion	https://sourceware.org/glibc/manual/latest/html_node/Tilde-Expansion.html
10 Pattern Matching / 10.4 Shell-Style Word Expansion / 10.4.6 Details of Variable Substitution	https://sourceware.org/glibc/manual/latest/html_node/Variable-Substitution.html
11 Input/Output Overview	https://sourceware.org/glibc/manual/latest/html_node/I_002fO-Overview.html
11 Input/Output Overview / 11.1 Input/Output Concepts	https://sourceware.org/glibc/manual/latest/html_node/I_002fO-Concepts.html
11 Input/Output Overview / 11.1 Input/Output Concepts / 11.1.1 Streams and File Descriptors	https://sourceware.org/glibc/manual/latest/html_node/Streams-and-File-Descriptors.html
11 Input/Output Overview / 11.1 Input/Output Concepts / 11.1.2 File Position	https://sourceware.org/glibc/manual/latest/html_node/File-Position.html
11 Input/Output Overview / 11.2 File Names	https://sourceware.org/glibc/manual/latest/html_node/File-Names.html
11 Input/Output Overview / 11.2 File Names / 11.2.1 Directories	https://sourceware.org/glibc/manual/latest/html_node/Directories.html
11 Input/Output Overview / 11.2 File Names / 11.2.2 File Name Resolution	https://sourceware.org/glibc/manual/latest/html_node/File-Name-Resolution.html
11 Input/Output Overview / 11.2 File Names / 11.2.3 File Name Errors	https://sourceware.org/glibc/manual/latest/html_node/File-Name-Errors.html
11 Input/Output Overview / 11.2 File Names / 11.2.4 Portability of File Names	https://sourceware.org/glibc/manual/latest/html_node/File-Name-Portability.html
12 Input/Output on Streams	https://sourceware.org/glibc/manual/latest/html_node/I_002fO-on-Streams.html
12 Input/Output on Streams / 12.1 Streams	https://sourceware.org/glibc/manual/latest/html_node/Streams.html
12 Input/Output on Streams / 12.2 Standard Streams	https://sourceware.org/glibc/manual/latest/html_node/Standard-Streams.html
12 Input/Output on Streams / 12.3 Opening Streams	https://sourceware.org/glibc/manual/latest/html_node/Opening-Streams.html
12 Input/Output on Streams / 12.4 Closing Streams	https://sourceware.org/glibc/manual/latest/html_node/Closing-Streams.html
12 Input/Output on Streams / 12.5 Streams and Threads	https://sourceware.org/glibc/manual/latest/html_node/Streams-and-Threads.html
12 Input/Output on Streams / 12.6 Streams in Internationalized Applications	https://sourceware.org/glibc/manual/latest/html_node/Streams-and-I18N.html
12 Input/Output on Streams / 12.7 Simple Output by Characters or Lines	https://sourceware.org/glibc/manual/latest/html_node/Simple-Output.html
12 Input/Output on Streams / 12.8 Character Input	https://sourceware.org/glibc/manual/latest/html_node/Character-Input.html
12 Input/Output on Streams / 12.9 Line-Oriented Input	https://sourceware.org/glibc/manual/latest/html_node/Line-Input.html
12 Input/Output on Streams / 12.10 Unreading	https://sourceware.org/glibc/manual/latest/html_node/Unreading.html
12 Input/Output on Streams / 12.10 Unreading / 12.10.1 What Unreading Means	https://sourceware.org/glibc/manual/latest/html_node/Unreading-Idea.html
12 Input/Output on Streams / 12.10 Unreading / 12.10.2 Using ungetc To Do Unreading	https://sourceware.org/glibc/manual/latest/html_node/How-Unread.html
12 Input/Output on Streams / 12.11 Block Input/Output	https://sourceware.org/glibc/manual/latest/html_node/Block-Input_002fOutput.html
12 Input/Output on Streams / 12.12 Formatted Output	https://sourceware.org/glibc/manual/latest/html_node/Formatted-Output.html
12 Input/Output on Streams / 12.12 Formatted Output / 12.12.1 Formatted Output Basics	https://sourceware.org/glibc/manual/latest/html_node/Formatted-Output-Basics.html
12 Input/Output on Streams / 12.12 Formatted Output / 12.12.2 Output Conversion Syntax	https://sourceware.org/glibc/manual/latest/html_node/Output-Conversion-Syntax.html
12 Input/Output on Streams / 12.12 Formatted Output / 12.12.3 Table of Output Conversions	https://sourceware.org/glibc/manual/latest/html_node/Table-of-Output-Conversions.html
12 Input/Output on Streams / 12.12 Formatted Output / 12.12.4 Integer Conversions	https://sourceware.org/glibc/manual/latest/html_node/Integer-Conversions.html
12 Input/Output on Streams / 12.12 Formatted Output / 12.12.5 Floating-Point Conversions	https://sourceware.org/glibc/manual/latest/html_node/Floating_002dPoint-Conversions.html
12 Input/Output on Streams / 12.12 Formatted Output / 12.12.6 Other Output Conversions	https://sourceware.org/glibc/manual/latest/html_node/Other-Output-Conversions.html
12 Input/Output on Streams / 12.12 Formatted Output / 12.12.7 Formatted Output Functions	https://sourceware.org/glibc/manual/latest/html_node/Formatted-Output-Functions.html
12 Input/Output on Streams / 12.12 Formatted Output / 12.12.8 Dynamically Allocating Formatted Output	https://sourceware.org/glibc/manual/latest/html_node/Dynamic-Output.html
12 Input/Output on Streams / 12.12 Formatted Output / 12.12.9 Variable Arguments Output Functions	https://sourceware.org/glibc/manual/latest/html_node/Variable-Arguments-Output.html
12 Input/Output on Streams / 12.12 Formatted Output / 12.12.10 Parsing a Template String	https://sourceware.org/glibc/manual/latest/html_node/Parsing-a-Template-String.html
12 Input/Output on Streams / 12.12 Formatted Output / 12.12.11 Example of Parsing a Template String	https://sourceware.org/glibc/manual/latest/html_node/Example-of-Parsing.html
12 Input/Output on Streams / 12.13 Customizing printf	https://sourceware.org/glibc/manual/latest/html_node/Customizing-Printf.html
12 Input/Output on Streams / 12.13 Customizing printf / 12.13.1 Registering New Conversions	https://sourceware.org/glibc/manual/latest/html_node/Registering-New-Conversions.html
12 Input/Output on Streams / 12.13 Customizing printf / 12.13.2 Conversion Specifier Options	https://sourceware.org/glibc/manual/latest/html_node/Conversion-Specifier-Options.html
12 Input/Output on Streams / 12.13 Customizing printf / 12.13.3 Defining the Output Handler	https://sourceware.org/glibc/manual/latest/html_node/Defining-the-Output-Handler.html
12 Input/Output on Streams / 12.13 Customizing printf / 12.13.4 printf Extension Example	https://sourceware.org/glibc/manual/latest/html_node/Printf-Extension-Example.html
12 Input/Output on Streams / 12.13 Customizing printf / 12.13.5 Predefined printf Handlers	https://sourceware.org/glibc/manual/latest/html_node/Predefined-Printf-Handlers.html
12 Input/Output on Streams / 12.14 Formatted Input	https://sourceware.org/glibc/manual/latest/html_node/Formatted-Input.html
12 Input/Output on Streams / 12.14 Formatted Input / 12.14.1 Formatted Input Basics	https://sourceware.org/glibc/manual/latest/html_node/Formatted-Input-Basics.html
12 Input/Output on Streams / 12.14 Formatted Input / 12.14.2 Input Conversion Syntax	https://sourceware.org/glibc/manual/latest/html_node/Input-Conversion-Syntax.html
12 Input/Output on Streams / 12.14 Formatted Input / 12.14.3 Table of Input Conversions	https://sourceware.org/glibc/manual/latest/html_node/Table-of-Input-Conversions.html
12 Input/Output on Streams / 12.14 Formatted Input / 12.14.4 Numeric Input Conversions	https://sourceware.org/glibc/manual/latest/html_node/Numeric-Input-Conversions.html
12 Input/Output on Streams / 12.14 Formatted Input / 12.14.5 String Input Conversions	https://sourceware.org/glibc/manual/latest/html_node/String-Input-Conversions.html
12 Input/Output on Streams / 12.14 Formatted Input / 12.14.6 Dynamically Allocating String Conversions	https://sourceware.org/glibc/manual/latest/html_node/Dynamic-String-Input.html
12 Input/Output on Streams / 12.14 Formatted Input / 12.14.7 Other Input Conversions	https://sourceware.org/glibc/manual/latest/html_node/Other-Input-Conversions.html
12 Input/Output on Streams / 12.14 Formatted Input / 12.14.8 Formatted Input Functions	https://sourceware.org/glibc/manual/latest/html_node/Formatted-Input-Functions.html
12 Input/Output on Streams / 12.14 Formatted Input / 12.14.9 Variable Arguments Input Functions	https://sourceware.org/glibc/manual/latest/html_node/Variable-Arguments-Input.html
12 Input/Output on Streams / 12.15 End-Of-File and Errors	https://sourceware.org/glibc/manual/latest/html_node/EOF-and-Errors.html
12 Input/Output on Streams / 12.16 Recovering from errors	https://sourceware.org/glibc/manual/latest/html_node/Error-Recovery.html
12 Input/Output on Streams / 12.17 Text and Binary Streams	https://sourceware.org/glibc/manual/latest/html_node/Binary-Streams.html
12 Input/Output on Streams / 12.18 File Positioning	https://sourceware.org/glibc/manual/latest/html_node/File-Positioning.html
12 Input/Output on Streams / 12.19 Portable File-Position Functions	https://sourceware.org/glibc/manual/latest/html_node/Portable-Positioning.html
12 Input/Output on Streams / 12.20 Stream Buffering	https://sourceware.org/glibc/manual/latest/html_node/Stream-Buffering.html
12 Input/Output on Streams / 12.20 Stream Buffering / 12.20.1 Buffering Concepts	https://sourceware.org/glibc/manual/latest/html_node/Buffering-Concepts.html
12 Input/Output on Streams / 12.20 Stream Buffering / 12.20.2 Flushing Buffers	https://sourceware.org/glibc/manual/latest/html_node/Flushing-Buffers.html
12 Input/Output on Streams / 12.20 Stream Buffering / 12.20.3 Controlling Which Kind of Buffering	https://sourceware.org/glibc/manual/latest/html_node/Controlling-Buffering.html
12 Input/Output on Streams / 12.21 Other Kinds of Streams	https://sourceware.org/glibc/manual/latest/html_node/Other-Kinds-of-Streams.html
12 Input/Output on Streams / 12.21 Other Kinds of Streams / 12.21.1 String Streams	https://sourceware.org/glibc/manual/latest/html_node/String-Streams.html
12 Input/Output on Streams / 12.21 Other Kinds of Streams / 12.21.2 Programming Your Own Custom Streams	https://sourceware.org/glibc/manual/latest/html_node/Custom-Streams.html
12 Input/Output on Streams / 12.21 Other Kinds of Streams / 12.21.2 Programming Your Own Custom Streams / 12.21.2.1 Custom Streams and Cookies	https://sourceware.org/glibc/manual/latest/html_node/Streams-and-Cookies.html
12 Input/Output on Streams / 12.21 Other Kinds of Streams / 12.21.2 Programming Your Own Custom Streams / 12.21.2.2 Custom Stream Hook Functions	https://sourceware.org/glibc/manual/latest/html_node/Hook-Functions.html
12 Input/Output on Streams / 12.22 Formatted Messages	https://sourceware.org/glibc/manual/latest/html_node/Formatted-Messages.html
12 Input/Output on Streams / 12.22 Formatted Messages / 12.22.1 Printing Formatted Messages	https://sourceware.org/glibc/manual/latest/html_node/Printing-Formatted-Messages.html
12 Input/Output on Streams / 12.22 Formatted Messages / 12.22.2 Adding Severity Classes	https://sourceware.org/glibc/manual/latest/html_node/Adding-Severity-Classes.html
12 Input/Output on Streams / 12.22 Formatted Messages / 12.22.3 How to use fmtmsg and addseverity	https://sourceware.org/glibc/manual/latest/html_node/Example.html
13 Low-Level Input/Output	https://sourceware.org/glibc/manual/latest/html_node/Low_002dLevel-I_002fO.html
13 Low-Level Input/Output / 13.1 Opening and Closing Files	https://sourceware.org/glibc/manual/latest/html_node/Opening-and-Closing-Files.html
13 Low-Level Input/Output / 13.2 Input and Output Primitives	https://sourceware.org/glibc/manual/latest/html_node/I_002fO-Primitives.html
13 Low-Level Input/Output / 13.3 Setting the File Position of a Descriptor	https://sourceware.org/glibc/manual/latest/html_node/File-Position-Primitive.html
13 Low-Level Input/Output / 13.4 Descriptors and Streams	https://sourceware.org/glibc/manual/latest/html_node/Descriptors-and-Streams.html
13 Low-Level Input/Output / 13.5 Dangers of Mixing Streams and Descriptors	https://sourceware.org/glibc/manual/latest/html_node/Stream_002fDescriptor-Precautions.html
13 Low-Level Input/Output / 13.5 Dangers of Mixing Streams and Descriptors / 13.5.1 Linked Channels	https://sourceware.org/glibc/manual/latest/html_node/Linked-Channels.html
13 Low-Level Input/Output / 13.5 Dangers of Mixing Streams and Descriptors / 13.5.2 Independent Channels	https://sourceware.org/glibc/manual/latest/html_node/Independent-Channels.html
13 Low-Level Input/Output / 13.5 Dangers of Mixing Streams and Descriptors / 13.5.3 Cleaning Streams	https://sourceware.org/glibc/manual/latest/html_node/Cleaning-Streams.html
13 Low-Level Input/Output / 13.6 Fast Scatter-Gather I/O	https://sourceware.org/glibc/manual/latest/html_node/Scatter_002dGather.html
13 Low-Level Input/Output / 13.7 Copying data between two files	https://sourceware.org/glibc/manual/latest/html_node/Copying-File-Data.html
13 Low-Level Input/Output / 13.8 Memory-mapped I/O	https://sourceware.org/glibc/manual/latest/html_node/Memory_002dmapped-I_002fO.html
13 Low-Level Input/Output / 13.9 Waiting for Input or Output	https://sourceware.org/glibc/manual/latest/html_node/Waiting-for-I_002fO.html
13 Low-Level Input/Output / 13.10 Synchronizing I/O operations	https://sourceware.org/glibc/manual/latest/html_node/Synchronizing-I_002fO.html
13 Low-Level Input/Output / 13.11 Perform I/O Operations in Parallel	https://sourceware.org/glibc/manual/latest/html_node/Asynchronous-I_002fO.html
13 Low-Level Input/Output / 13.11 Perform I/O Operations in Parallel / 13.11.1 Asynchronous Read and Write Operations	https://sourceware.org/glibc/manual/latest/html_node/Asynchronous-Reads_002fWrites.html
13 Low-Level Input/Output / 13.11 Perform I/O Operations in Parallel / 13.11.2 Getting the Status of AIO Operations	https://sourceware.org/glibc/manual/latest/html_node/Status-of-AIO-Operations.html
13 Low-Level Input/Output / 13.11 Perform I/O Operations in Parallel / 13.11.3 Getting into a Consistent State	https://sourceware.org/glibc/manual/latest/html_node/Synchronizing-AIO-Operations.html
13 Low-Level Input/Output / 13.11 Perform I/O Operations in Parallel / 13.11.4 Cancellation of AIO Operations	https://sourceware.org/glibc/manual/latest/html_node/Cancel-AIO-Operations.html
13 Low-Level Input/Output / 13.11 Perform I/O Operations in Parallel / 13.11.5 How to optimize the AIO implementation	https://sourceware.org/glibc/manual/latest/html_node/Configuration-of-AIO.html
13 Low-Level Input/Output / 13.12 Control Operations on Files	https://sourceware.org/glibc/manual/latest/html_node/Control-Operations.html
13 Low-Level Input/Output / 13.13 Duplicating Descriptors	https://sourceware.org/glibc/manual/latest/html_node/Duplicating-Descriptors.html
13 Low-Level Input/Output / 13.14 File Descriptor Flags	https://sourceware.org/glibc/manual/latest/html_node/Descriptor-Flags.html
13 Low-Level Input/Output / 13.15 File Status Flags	https://sourceware.org/glibc/manual/latest/html_node/File-Status-Flags.html
13 Low-Level Input/Output / 13.15 File Status Flags / 13.15.1 File Access Modes	https://sourceware.org/glibc/manual/latest/html_node/Access-Modes.html
13 Low-Level Input/Output / 13.15 File Status Flags / 13.15.2 Open-time Flags	https://sourceware.org/glibc/manual/latest/html_node/Open_002dtime-Flags.html
13 Low-Level Input/Output / 13.15 File Status Flags / 13.15.3 I/O Operating Modes	https://sourceware.org/glibc/manual/latest/html_node/Operating-Modes.html
13 Low-Level Input/Output / 13.15 File Status Flags / 13.15.4 Getting and Setting File Status Flags	https://sourceware.org/glibc/manual/latest/html_node/Getting-File-Status-Flags.html
13 Low-Level Input/Output / 13.16 File Locks	https://sourceware.org/glibc/manual/latest/html_node/File-Locks.html
13 Low-Level Input/Output / 13.17 Open File Description Locks	https://sourceware.org/glibc/manual/latest/html_node/Open-File-Description-Locks.html
13 Low-Level Input/Output / 13.18 Open File Description Locks Example	https://sourceware.org/glibc/manual/latest/html_node/Open-File-Description-Locks-Example.html
13 Low-Level Input/Output / 13.19 Interrupt-Driven Input	https://sourceware.org/glibc/manual/latest/html_node/Interrupt-Input.html
13 Low-Level Input/Output / 13.20 Generic I/O Control operations	https://sourceware.org/glibc/manual/latest/html_node/IOCTLs.html
13 Low-Level Input/Output / 13.21 Other low-level-I/O-related functions	https://sourceware.org/glibc/manual/latest/html_node/Other-Low_002dLevel-I_002fO-APIs.html
14 File System Interface	https://sourceware.org/glibc/manual/latest/html_node/File-System-Interface.html
14 File System Interface / 14.1 Working Directory	https://sourceware.org/glibc/manual/latest/html_node/Working-Directory.html
14 File System Interface / 14.2 Descriptor-Relative Access	https://sourceware.org/glibc/manual/latest/html_node/Descriptor_002dRelative-Access.html
14 File System Interface / 14.3 Accessing Directories	https://sourceware.org/glibc/manual/latest/html_node/Accessing-Directories.html
14 File System Interface / 14.3 Accessing Directories / 14.3.1 Format of a Directory Entry	https://sourceware.org/glibc/manual/latest/html_node/Directory-Entries.html
14 File System Interface / 14.3 Accessing Directories / 14.3.2 Opening a Directory Stream	https://sourceware.org/glibc/manual/latest/html_node/Opening-a-Directory.html
14 File System Interface / 14.3 Accessing Directories / 14.3.3 Reading and Closing a Directory Stream	https://sourceware.org/glibc/manual/latest/html_node/Reading_002fClosing-Directory.html
14 File System Interface / 14.3 Accessing Directories / 14.3.4 Simple Program to List a Directory	https://sourceware.org/glibc/manual/latest/html_node/Simple-Directory-Lister.html
14 File System Interface / 14.3 Accessing Directories / 14.3.5 Random Access in a Directory Stream	https://sourceware.org/glibc/manual/latest/html_node/Random-Access-Directory.html
14 File System Interface / 14.3 Accessing Directories / 14.3.6 Scanning the Content of a Directory	https://sourceware.org/glibc/manual/latest/html_node/Scanning-Directory-Content.html
14 File System Interface / 14.3 Accessing Directories / 14.3.7 Simple Program to List a Directory, Mark II	https://sourceware.org/glibc/manual/latest/html_node/Simple-Directory-Lister-Mark-II.html
14 File System Interface / 14.3 Accessing Directories / 14.3.8 Low-level Directory Access	https://sourceware.org/glibc/manual/latest/html_node/Low_002dlevel-Directory-Access.html
14 File System Interface / 14.4 Working with Directory Trees	https://sourceware.org/glibc/manual/latest/html_node/Working-with-Directory-Trees.html
14 File System Interface / 14.5 Hard Links	https://sourceware.org/glibc/manual/latest/html_node/Hard-Links.html
14 File System Interface / 14.6 Symbolic Links	https://sourceware.org/glibc/manual/latest/html_node/Symbolic-Links.html
14 File System Interface / 14.7 Deleting Files	https://sourceware.org/glibc/manual/latest/html_node/Deleting-Files.html
14 File System Interface / 14.8 Renaming Files	https://sourceware.org/glibc/manual/latest/html_node/Renaming-Files.html
14 File System Interface / 14.9 Creating Directories	https://sourceware.org/glibc/manual/latest/html_node/Creating-Directories.html
14 File System Interface / 14.10 File Attributes	https://sourceware.org/glibc/manual/latest/html_node/File-Attributes.html
14 File System Interface / 14.10 File Attributes / 14.10.1 The meaning of the File Attributes	https://sourceware.org/glibc/manual/latest/html_node/Attribute-Meanings.html
14 File System Interface / 14.10 File Attributes / 14.10.2 Reading the Attributes of a File	https://sourceware.org/glibc/manual/latest/html_node/Reading-Attributes.html
14 File System Interface / 14.10 File Attributes / 14.10.3 Testing the Type of a File	https://sourceware.org/glibc/manual/latest/html_node/Testing-File-Type.html
14 File System Interface / 14.10 File Attributes / 14.10.4 File Owner	https://sourceware.org/glibc/manual/latest/html_node/File-Owner.html
14 File System Interface / 14.10 File Attributes / 14.10.5 The Mode Bits for Access Permission	https://sourceware.org/glibc/manual/latest/html_node/Permission-Bits.html
14 File System Interface / 14.10 File Attributes / 14.10.6 How Your Access to a File is Decided	https://sourceware.org/glibc/manual/latest/html_node/Access-Permission.html
14 File System Interface / 14.10 File Attributes / 14.10.7 Assigning File Permissions	https://sourceware.org/glibc/manual/latest/html_node/Setting-Permissions.html
14 File System Interface / 14.10 File Attributes / 14.10.8 Testing Permission to Access a File	https://sourceware.org/glibc/manual/latest/html_node/Testing-File-Access.html
14 File System Interface / 14.10 File Attributes / 14.10.9 File Times	https://sourceware.org/glibc/manual/latest/html_node/File-Times.html
14 File System Interface / 14.10 File Attributes / 14.10.10 File Size	https://sourceware.org/glibc/manual/latest/html_node/File-Size.html
14 File System Interface / 14.10 File Attributes / 14.10.11 Storage Allocation	https://sourceware.org/glibc/manual/latest/html_node/Storage-Allocation.html
14 File System Interface / 14.11 Making Special Files	https://sourceware.org/glibc/manual/latest/html_node/Making-Special-Files.html
14 File System Interface / 14.12 Temporary Files	https://sourceware.org/glibc/manual/latest/html_node/Temporary-Files.html
15 Pipes and FIFOs	https://sourceware.org/glibc/manual/latest/html_node/Pipes-and-FIFOs.html
15 Pipes and FIFOs / 15.1 Creating a Pipe	https://sourceware.org/glibc/manual/latest/html_node/Creating-a-Pipe.html
15 Pipes and FIFOs / 15.2 Pipe to a Subprocess	https://sourceware.org/glibc/manual/latest/html_node/Pipe-to-a-Subprocess.html
15 Pipes and FIFOs / 15.3 FIFO Special Files	https://sourceware.org/glibc/manual/latest/html_node/FIFO-Special-Files.html
15 Pipes and FIFOs / 15.4 Atomicity of Pipe I/O	https://sourceware.org/glibc/manual/latest/html_node/Pipe-Atomicity.html
16 Sockets	https://sourceware.org/glibc/manual/latest/html_node/Sockets.html
16 Sockets / 16.1 Socket Concepts	https://sourceware.org/glibc/manual/latest/html_node/Socket-Concepts.html
16 Sockets / 16.2 Communication Styles	https://sourceware.org/glibc/manual/latest/html_node/Communication-Styles.html
16 Sockets / 16.3 Socket Addresses	https://sourceware.org/glibc/manual/latest/html_node/Socket-Addresses.html
16 Sockets / 16.3 Socket Addresses / 16.3.1 Address Formats	https://sourceware.org/glibc/manual/latest/html_node/Address-Formats.html
16 Sockets / 16.3 Socket Addresses / 16.3.2 Setting the Address of a Socket	https://sourceware.org/glibc/manual/latest/html_node/Setting-Address.html
16 Sockets / 16.3 Socket Addresses / 16.3.3 Reading the Address of a Socket	https://sourceware.org/glibc/manual/latest/html_node/Reading-Address.html
16 Sockets / 16.4 Interface Naming	https://sourceware.org/glibc/manual/latest/html_node/Interface-Naming.html
16 Sockets / 16.5 The Local Namespace	https://sourceware.org/glibc/manual/latest/html_node/Local-Namespace.html
16 Sockets / 16.5 The Local Namespace / 16.5.1 Local Namespace Concepts	https://sourceware.org/glibc/manual/latest/html_node/Local-Namespace-Concepts.html
16 Sockets / 16.5 The Local Namespace / 16.5.2 Details of Local Namespace	https://sourceware.org/glibc/manual/latest/html_node/Local-Namespace-Details.html
16 Sockets / 16.5 The Local Namespace / 16.5.3 Example of Local-Namespace Sockets	https://sourceware.org/glibc/manual/latest/html_node/Local-Socket-Example.html
16 Sockets / 16.6 The Internet Namespace	https://sourceware.org/glibc/manual/latest/html_node/Internet-Namespace.html
16 Sockets / 16.6 The Internet Namespace / 16.6.1 Internet Socket Address Formats	https://sourceware.org/glibc/manual/latest/html_node/Internet-Address-Formats.html
16 Sockets / 16.6 The Internet Namespace / 16.6.2 Host Addresses	https://sourceware.org/glibc/manual/latest/html_node/Host-Addresses.html
16 Sockets / 16.6 The Internet Namespace / 16.6.2 Host Addresses / 16.6.2.1 Internet Host Addresses	https://sourceware.org/glibc/manual/latest/html_node/Abstract-Host-Addresses.html
16 Sockets / 16.6 The Internet Namespace / 16.6.2 Host Addresses / 16.6.2.2 Host Address Data Type	https://sourceware.org/glibc/manual/latest/html_node/Host-Address-Data-Type.html
16 Sockets / 16.6 The Internet Namespace / 16.6.2 Host Addresses / 16.6.2.3 Host Address Functions	https://sourceware.org/glibc/manual/latest/html_node/Host-Address-Functions.html
16 Sockets / 16.6 The Internet Namespace / 16.6.2 Host Addresses / 16.6.2.4 Host Names	https://sourceware.org/glibc/manual/latest/html_node/Host-Names.html
16 Sockets / 16.6 The Internet Namespace / 16.6.3 Internet Ports	https://sourceware.org/glibc/manual/latest/html_node/Ports.html
16 Sockets / 16.6 The Internet Namespace / 16.6.4 The Services Database	https://sourceware.org/glibc/manual/latest/html_node/Services-Database.html
16 Sockets / 16.6 The Internet Namespace / 16.6.5 Byte Order Conversion	https://sourceware.org/glibc/manual/latest/html_node/Byte-Order.html
16 Sockets / 16.6 The Internet Namespace / 16.6.6 Protocols Database	https://sourceware.org/glibc/manual/latest/html_node/Protocols-Database.html
16 Sockets / 16.6 The Internet Namespace / 16.6.7 Internet Socket Example	https://sourceware.org/glibc/manual/latest/html_node/Inet-Example.html
16 Sockets / 16.7 Other Namespaces	https://sourceware.org/glibc/manual/latest/html_node/Misc-Namespaces.html
16 Sockets / 16.8 Opening and Closing Sockets	https://sourceware.org/glibc/manual/latest/html_node/Open_002fClose-Sockets.html
16 Sockets / 16.8 Opening and Closing Sockets / 16.8.1 Creating a Socket	https://sourceware.org/glibc/manual/latest/html_node/Creating-a-Socket.html
16 Sockets / 16.8 Opening and Closing Sockets / 16.8.2 Closing a Socket	https://sourceware.org/glibc/manual/latest/html_node/Closing-a-Socket.html
16 Sockets / 16.8 Opening and Closing Sockets / 16.8.3 Socket Pairs	https://sourceware.org/glibc/manual/latest/html_node/Socket-Pairs.html
16 Sockets / 16.9 Using Sockets with Connections	https://sourceware.org/glibc/manual/latest/html_node/Connections.html
16 Sockets / 16.9 Using Sockets with Connections / 16.9.1 Making a Connection	https://sourceware.org/glibc/manual/latest/html_node/Connecting.html
16 Sockets / 16.9 Using Sockets with Connections / 16.9.2 Listening for Connections	https://sourceware.org/glibc/manual/latest/html_node/Listening.html
16 Sockets / 16.9 Using Sockets with Connections / 16.9.3 Accepting Connections	https://sourceware.org/glibc/manual/latest/html_node/Accepting-Connections.html
16 Sockets / 16.9 Using Sockets with Connections / 16.9.4 Who is Connected to Me?	https://sourceware.org/glibc/manual/latest/html_node/Who-is-Connected.html
16 Sockets / 16.9 Using Sockets with Connections / 16.9.5 Transferring Data	https://sourceware.org/glibc/manual/latest/html_node/Transferring-Data.html
16 Sockets / 16.9 Using Sockets with Connections / 16.9.5 Transferring Data / 16.9.5.1 Sending Data	https://sourceware.org/glibc/manual/latest/html_node/Sending-Data.html
16 Sockets / 16.9 Using Sockets with Connections / 16.9.5 Transferring Data / 16.9.5.2 Receiving Data	https://sourceware.org/glibc/manual/latest/html_node/Receiving-Data.html
16 Sockets / 16.9 Using Sockets with Connections / 16.9.5 Transferring Data / 16.9.5.3 Socket Data Options	https://sourceware.org/glibc/manual/latest/html_node/Socket-Data-Options.html
16 Sockets / 16.9 Using Sockets with Connections / 16.9.6 Byte Stream Socket Example	https://sourceware.org/glibc/manual/latest/html_node/Byte-Stream-Example.html
16 Sockets / 16.9 Using Sockets with Connections / 16.9.7 Byte Stream Connection Server Example	https://sourceware.org/glibc/manual/latest/html_node/Server-Example.html
16 Sockets / 16.9 Using Sockets with Connections / 16.9.8 Out-of-Band Data	https://sourceware.org/glibc/manual/latest/html_node/Out_002dof_002dBand-Data.html
16 Sockets / 16.10 Datagram Socket Operations	https://sourceware.org/glibc/manual/latest/html_node/Datagrams.html
16 Sockets / 16.10 Datagram Socket Operations / 16.10.1 Sending Datagrams	https://sourceware.org/glibc/manual/latest/html_node/Sending-Datagrams.html
16 Sockets / 16.10 Datagram Socket Operations / 16.10.2 Receiving Datagrams	https://sourceware.org/glibc/manual/latest/html_node/Receiving-Datagrams.html
16 Sockets / 16.10 Datagram Socket Operations / 16.10.3 Datagram Socket Example	https://sourceware.org/glibc/manual/latest/html_node/Datagram-Example.html
16 Sockets / 16.10 Datagram Socket Operations / 16.10.4 Example of Reading Datagrams	https://sourceware.org/glibc/manual/latest/html_node/Example-Receiver.html
16 Sockets / 16.11 The inetd Daemon	https://sourceware.org/glibc/manual/latest/html_node/Inetd.html
16 Sockets / 16.11 The inetd Daemon / 16.11.1 inetd Servers	https://sourceware.org/glibc/manual/latest/html_node/Inetd-Servers.html
16 Sockets / 16.11 The inetd Daemon / 16.11.2 Configuring inetd	https://sourceware.org/glibc/manual/latest/html_node/Configuring-Inetd.html
16 Sockets / 16.12 Socket Options	https://sourceware.org/glibc/manual/latest/html_node/Socket-Options.html
16 Sockets / 16.12 Socket Options / 16.12.1 Socket Option Functions	https://sourceware.org/glibc/manual/latest/html_node/Socket-Option-Functions.html
16 Sockets / 16.12 Socket Options / 16.12.2 Socket-Level Options	https://sourceware.org/glibc/manual/latest/html_node/Socket_002dLevel-Options.html
16 Sockets / 16.13 Networks Database	https://sourceware.org/glibc/manual/latest/html_node/Networks-Database.html
16 Sockets / 16.14 Other Socket APIs	https://sourceware.org/glibc/manual/latest/html_node/Other-Socket-APIs.html
17 Low-Level Terminal Interface	https://sourceware.org/glibc/manual/latest/html_node/Low_002dLevel-Terminal-Interface.html
17 Low-Level Terminal Interface / 17.1 Terminal Device Model	https://sourceware.org/glibc/manual/latest/html_node/Terminal-Device-Model.html
17 Low-Level Terminal Interface / 17.2 Identifying Terminals	https://sourceware.org/glibc/manual/latest/html_node/Is-It-a-Terminal.html
17 Low-Level Terminal Interface / 17.3 I/O Queues	https://sourceware.org/glibc/manual/latest/html_node/I_002fO-Queues.html
17 Low-Level Terminal Interface / 17.4 Two Styles of Input: Canonical or Not	https://sourceware.org/glibc/manual/latest/html_node/Canonical-or-Not.html
17 Low-Level Terminal Interface / 17.5 Terminal Modes	https://sourceware.org/glibc/manual/latest/html_node/Terminal-Modes.html
17 Low-Level Terminal Interface / 17.5 Terminal Modes / 17.5.1 Terminal Mode Data Types	https://sourceware.org/glibc/manual/latest/html_node/Mode-Data-Types.html
17 Low-Level Terminal Interface / 17.5 Terminal Modes / 17.5.2 Terminal Mode Functions	https://sourceware.org/glibc/manual/latest/html_node/Mode-Functions.html
17 Low-Level Terminal Interface / 17.5 Terminal Modes / 17.5.3 Setting Terminal Modes Properly	https://sourceware.org/glibc/manual/latest/html_node/Setting-Modes.html
17 Low-Level Terminal Interface / 17.5 Terminal Modes / 17.5.4 Input Modes	https://sourceware.org/glibc/manual/latest/html_node/Input-Modes.html
17 Low-Level Terminal Interface / 17.5 Terminal Modes / 17.5.5 Output Modes	https://sourceware.org/glibc/manual/latest/html_node/Output-Modes.html
17 Low-Level Terminal Interface / 17.5 Terminal Modes / 17.5.6 Control Modes	https://sourceware.org/glibc/manual/latest/html_node/Control-Modes.html
17 Low-Level Terminal Interface / 17.5 Terminal Modes / 17.5.7 Local Modes	https://sourceware.org/glibc/manual/latest/html_node/Local-Modes.html
17 Low-Level Terminal Interface / 17.5 Terminal Modes / 17.5.8 Line Speed	https://sourceware.org/glibc/manual/latest/html_node/Line-Speed.html
17 Low-Level Terminal Interface / 17.5 Terminal Modes / 17.5.9 Special Characters	https://sourceware.org/glibc/manual/latest/html_node/Special-Characters.html
17 Low-Level Terminal Interface / 17.5 Terminal Modes / 17.5.9 Special Characters / 17.5.9.1 Characters for Input Editing	https://sourceware.org/glibc/manual/latest/html_node/Editing-Characters.html
17 Low-Level Terminal Interface / 17.5 Terminal Modes / 17.5.9 Special Characters / 17.5.9.2 Characters that Cause Signals	https://sourceware.org/glibc/manual/latest/html_node/Signal-Characters.html
17 Low-Level Terminal Interface / 17.5 Terminal Modes / 17.5.9 Special Characters / 17.5.9.3 Special Characters for Flow Control	https://sourceware.org/glibc/manual/latest/html_node/Start_002fStop-Characters.html
17 Low-Level Terminal Interface / 17.5 Terminal Modes / 17.5.9 Special Characters / 17.5.9.4 Other Special Characters	https://sourceware.org/glibc/manual/latest/html_node/Other-Special.html
17 Low-Level Terminal Interface / 17.5 Terminal Modes / 17.5.10 Noncanonical Input	https://sourceware.org/glibc/manual/latest/html_node/Noncanonical-Input.html
17 Low-Level Terminal Interface / 17.6 BSD Terminal Modes	https://sourceware.org/glibc/manual/latest/html_node/BSD-Terminal-Modes.html
17 Low-Level Terminal Interface / 17.7 Line Control Functions	https://sourceware.org/glibc/manual/latest/html_node/Line-Control.html
17 Low-Level Terminal Interface / 17.8 Noncanonical Mode Example	https://sourceware.org/glibc/manual/latest/html_node/Noncanon-Example.html
17 Low-Level Terminal Interface / 17.9 Reading Passphrases	https://sourceware.org/glibc/manual/latest/html_node/getpass.html
17 Low-Level Terminal Interface / 17.10 Pseudo-Terminals	https://sourceware.org/glibc/manual/latest/html_node/Pseudo_002dTerminals.html
17 Low-Level Terminal Interface / 17.10 Pseudo-Terminals / 17.10.1 Allocating Pseudo-Terminals	https://sourceware.org/glibc/manual/latest/html_node/Allocation.html
17 Low-Level Terminal Interface / 17.10 Pseudo-Terminals / 17.10.2 Opening a Pseudo-Terminal Pair	https://sourceware.org/glibc/manual/latest/html_node/Pseudo_002dTerminal-Pairs.html
18 Syslog	https://sourceware.org/glibc/manual/latest/html_node/Syslog.html
18 Syslog / 18.1 Overview of Syslog	https://sourceware.org/glibc/manual/latest/html_node/Overview-of-Syslog.html
18 Syslog / 18.2 Submitting Syslog Messages	https://sourceware.org/glibc/manual/latest/html_node/Submitting-Syslog-Messages.html
18 Syslog / 18.2 Submitting Syslog Messages / 18.2.1 openlog	https://sourceware.org/glibc/manual/latest/html_node/openlog.html
18 Syslog / 18.2 Submitting Syslog Messages / 18.2.2 syslog, vsyslog	https://sourceware.org/glibc/manual/latest/html_node/syslog_003b-vsyslog.html
18 Syslog / 18.2 Submitting Syslog Messages / 18.2.3 closelog	https://sourceware.org/glibc/manual/latest/html_node/closelog.html
18 Syslog / 18.2 Submitting Syslog Messages / 18.2.4 setlogmask	https://sourceware.org/glibc/manual/latest/html_node/setlogmask.html
18 Syslog / 18.2 Submitting Syslog Messages / 18.2.5 Syslog Example	https://sourceware.org/glibc/manual/latest/html_node/Syslog-Example.html
19 Mathematics	https://sourceware.org/glibc/manual/latest/html_node/Mathematics.html
19 Mathematics / 19.1 Predefined Mathematical Constants	https://sourceware.org/glibc/manual/latest/html_node/Mathematical-Constants.html
19 Mathematics / 19.2 Trigonometric Functions	https://sourceware.org/glibc/manual/latest/html_node/Trig-Functions.html
19 Mathematics / 19.3 Inverse Trigonometric Functions	https://sourceware.org/glibc/manual/latest/html_node/Inverse-Trig-Functions.html
19 Mathematics / 19.4 Exponentiation and Logarithms	https://sourceware.org/glibc/manual/latest/html_node/Exponents-and-Logarithms.html
19 Mathematics / 19.5 Hyperbolic Functions	https://sourceware.org/glibc/manual/latest/html_node/Hyperbolic-Functions.html
19 Mathematics / 19.6 Special Functions	https://sourceware.org/glibc/manual/latest/html_node/Special-Functions.html
19 Mathematics / 19.7 Errors in Math Functions	https://sourceware.org/glibc/manual/latest/html_node/Errors-in-Math-Functions.html
19 Mathematics / 19.8 Pseudo-Random Numbers	https://sourceware.org/glibc/manual/latest/html_node/Pseudo_002dRandom-Numbers.html
19 Mathematics / 19.8 Pseudo-Random Numbers / 19.8.1 ISO C Random Number Functions	https://sourceware.org/glibc/manual/latest/html_node/ISO-Random.html
19 Mathematics / 19.8 Pseudo-Random Numbers / 19.8.2 BSD Random Number Functions	https://sourceware.org/glibc/manual/latest/html_node/BSD-Random.html
19 Mathematics / 19.8 Pseudo-Random Numbers / 19.8.3 SVID Random Number Function	https://sourceware.org/glibc/manual/latest/html_node/SVID-Random.html
19 Mathematics / 19.8 Pseudo-Random Numbers / 19.8.4 High Quality Random Number Functions	https://sourceware.org/glibc/manual/latest/html_node/High-Quality-Random.html
19 Mathematics / 19.9 Is Fast Code or Small Code preferred?	https://sourceware.org/glibc/manual/latest/html_node/FP-Function-Optimizations.html
20 Arithmetic Functions	https://sourceware.org/glibc/manual/latest/html_node/Arithmetic.html
20 Arithmetic Functions / 20.1 Integers	https://sourceware.org/glibc/manual/latest/html_node/Integers.html
20 Arithmetic Functions / 20.2 Integer Division	https://sourceware.org/glibc/manual/latest/html_node/Integer-Division.html
20 Arithmetic Functions / 20.3 Floating Point Numbers	https://sourceware.org/glibc/manual/latest/html_node/Floating-Point-Numbers.html
20 Arithmetic Functions / 20.4 Floating-Point Number Classification Functions	https://sourceware.org/glibc/manual/latest/html_node/Floating-Point-Classes.html
20 Arithmetic Functions / 20.5 Errors in Floating-Point Calculations	https://sourceware.org/glibc/manual/latest/html_node/Floating-Point-Errors.html
20 Arithmetic Functions / 20.5 Errors in Floating-Point Calculations / 20.5.1 FP Exceptions	https://sourceware.org/glibc/manual/latest/html_node/FP-Exceptions.html
20 Arithmetic Functions / 20.5 Errors in Floating-Point Calculations / 20.5.2 Infinity and NaN	https://sourceware.org/glibc/manual/latest/html_node/Infinity-and-NaN.html
20 Arithmetic Functions / 20.5 Errors in Floating-Point Calculations / 20.5.3 Examining the FPU status word	https://sourceware.org/glibc/manual/latest/html_node/Status-bit-operations.html
20 Arithmetic Functions / 20.5 Errors in Floating-Point Calculations / 20.5.4 Error Reporting by Mathematical Functions	https://sourceware.org/glibc/manual/latest/html_node/Math-Error-Reporting.html
20 Arithmetic Functions / 20.6 Rounding Modes	https://sourceware.org/glibc/manual/latest/html_node/Rounding.html
20 Arithmetic Functions / 20.7 Floating-Point Control Functions	https://sourceware.org/glibc/manual/latest/html_node/Control-Functions.html
20 Arithmetic Functions / 20.8 Arithmetic Functions	https://sourceware.org/glibc/manual/latest/html_node/Arithmetic-Functions.html
20 Arithmetic Functions / 20.8 Arithmetic Functions / 20.8.1 Absolute Value	https://sourceware.org/glibc/manual/latest/html_node/Absolute-Value.html
20 Arithmetic Functions / 20.8 Arithmetic Functions / 20.8.2 Normalization Functions	https://sourceware.org/glibc/manual/latest/html_node/Normalization-Functions.html
20 Arithmetic Functions / 20.8 Arithmetic Functions / 20.8.3 Rounding Functions	https://sourceware.org/glibc/manual/latest/html_node/Rounding-Functions.html
20 Arithmetic Functions / 20.8 Arithmetic Functions / 20.8.4 Remainder Functions	https://sourceware.org/glibc/manual/latest/html_node/Remainder-Functions.html
20 Arithmetic Functions / 20.8 Arithmetic Functions / 20.8.5 Setting and modifying single bits of FP values	https://sourceware.org/glibc/manual/latest/html_node/FP-Bit-Twiddling.html
20 Arithmetic Functions / 20.8 Arithmetic Functions / 20.8.6 Floating-Point Comparison Functions	https://sourceware.org/glibc/manual/latest/html_node/FP-Comparison-Functions.html
20 Arithmetic Functions / 20.8 Arithmetic Functions / 20.8.7 Miscellaneous FP arithmetic functions	https://sourceware.org/glibc/manual/latest/html_node/Misc-FP-Arithmetic.html
20 Arithmetic Functions / 20.9 Complex Numbers	https://sourceware.org/glibc/manual/latest/html_node/Complex-Numbers.html
20 Arithmetic Functions / 20.10 Projections, Conjugates, and Decomposing of Complex Numbers	https://sourceware.org/glibc/manual/latest/html_node/Operations-on-Complex.html
20 Arithmetic Functions / 20.11 Parsing of Numbers	https://sourceware.org/glibc/manual/latest/html_node/Parsing-of-Numbers.html
20 Arithmetic Functions / 20.11 Parsing of Numbers / 20.11.1 Parsing of Integers	https://sourceware.org/glibc/manual/latest/html_node/Parsing-of-Integers.html
20 Arithmetic Functions / 20.11 Parsing of Numbers / 20.11.2 Parsing of Floats	https://sourceware.org/glibc/manual/latest/html_node/Parsing-of-Floats.html
20 Arithmetic Functions / 20.12 Printing of Floats	https://sourceware.org/glibc/manual/latest/html_node/Printing-of-Floats.html
20 Arithmetic Functions / 20.13 Old-fashioned System V number-to-string functions	https://sourceware.org/glibc/manual/latest/html_node/System-V-Number-Conversion.html
21 Bit Manipulation	https://sourceware.org/glibc/manual/latest/html_node/Bit-Manipulation.html
22 Date and Time	https://sourceware.org/glibc/manual/latest/html_node/Date-and-Time.html
22 Date and Time / 22.1 Time Basics	https://sourceware.org/glibc/manual/latest/html_node/Time-Basics.html
22 Date and Time / 22.2 Time Types	https://sourceware.org/glibc/manual/latest/html_node/Time-Types.html
22 Date and Time / 22.3 Calculating Elapsed Time	https://sourceware.org/glibc/manual/latest/html_node/Calculating-Elapsed-Time.html
22 Date and Time / 22.4 Processor And CPU Time	https://sourceware.org/glibc/manual/latest/html_node/Processor-And-CPU-Time.html
22 Date and Time / 22.4 Processor And CPU Time / 22.4.1 CPU Time Inquiry	https://sourceware.org/glibc/manual/latest/html_node/CPU-Time.html
22 Date and Time / 22.4 Processor And CPU Time / 22.4.2 Processor Time Inquiry	https://sourceware.org/glibc/manual/latest/html_node/Processor-Time.html
22 Date and Time / 22.5 Calendar Time	https://sourceware.org/glibc/manual/latest/html_node/Calendar-Time.html
22 Date and Time / 22.5 Calendar Time / 22.5.1 Getting the Time	https://sourceware.org/glibc/manual/latest/html_node/Getting-the-Time.html
22 Date and Time / 22.5 Calendar Time / 22.5.2 Setting and Adjusting the Time	https://sourceware.org/glibc/manual/latest/html_node/Setting-and-Adjusting-the-Time.html
22 Date and Time / 22.5 Calendar Time / 22.5.3 Broken-down Time	https://sourceware.org/glibc/manual/latest/html_node/Broken_002ddown-Time.html
22 Date and Time / 22.5 Calendar Time / 22.5.4 Formatting Calendar Time	https://sourceware.org/glibc/manual/latest/html_node/Formatting-Calendar-Time.html
22 Date and Time / 22.5 Calendar Time / 22.5.5 Convert textual time and date information back	https://sourceware.org/glibc/manual/latest/html_node/Parsing-Date-and-Time.html
22 Date and Time / 22.5 Calendar Time / 22.5.5 Convert textual time and date information back / 22.5.5.1 Interpret string according to given format	https://sourceware.org/glibc/manual/latest/html_node/Low_002dLevel-Time-String-Parsing.html
22 Date and Time / 22.5 Calendar Time / 22.5.5 Convert textual time and date information back / 22.5.5.2 A More User-friendly Way to Parse Times and Dates	https://sourceware.org/glibc/manual/latest/html_node/General-Time-String-Parsing.html
22 Date and Time / 22.5 Calendar Time / 22.5.6 Specifying the Time Zone with TZ	https://sourceware.org/glibc/manual/latest/html_node/TZ-Variable.html
22 Date and Time / 22.5 Calendar Time / 22.5.6 Specifying the Time Zone with TZ / 22.5.6.1 Geographical Format for TZ	https://sourceware.org/glibc/manual/latest/html_node/Geographical-TZ.html
22 Date and Time / 22.5 Calendar Time / 22.5.6 Specifying the Time Zone with TZ / 22.5.6.2 Proleptic Format for TZ	https://sourceware.org/glibc/manual/latest/html_node/Proleptic-TZ.html
22 Date and Time / 22.5 Calendar Time / 22.5.7 State Variables for Time Zones	https://sourceware.org/glibc/manual/latest/html_node/Time-Zone-State.html
22 Date and Time / 22.5 Calendar Time / 22.5.8 Time Functions Example	https://sourceware.org/glibc/manual/latest/html_node/Time-Functions-Example.html
22 Date and Time / 22.6 Setting an Alarm	https://sourceware.org/glibc/manual/latest/html_node/Setting-an-Alarm.html
22 Date and Time / 22.7 Sleeping	https://sourceware.org/glibc/manual/latest/html_node/Sleeping.html
23 Resource Usage And Limitation	https://sourceware.org/glibc/manual/latest/html_node/Resource-Usage-And-Limitation.html
23 Resource Usage And Limitation / 23.1 Resource Usage	https://sourceware.org/glibc/manual/latest/html_node/Resource-Usage.html
23 Resource Usage And Limitation / 23.2 Limiting Resource Usage	https://sourceware.org/glibc/manual/latest/html_node/Limits-on-Resources.html
23 Resource Usage And Limitation / 23.3 Process CPU Priority And Scheduling	https://sourceware.org/glibc/manual/latest/html_node/Priority.html
23 Resource Usage And Limitation / 23.3 Process CPU Priority And Scheduling / 23.3.1 Absolute Priority	https://sourceware.org/glibc/manual/latest/html_node/Absolute-Priority.html
23 Resource Usage And Limitation / 23.3 Process CPU Priority And Scheduling / 23.3.2 Realtime Scheduling	https://sourceware.org/glibc/manual/latest/html_node/Realtime-Scheduling.html
23 Resource Usage And Limitation / 23.3 Process CPU Priority And Scheduling / 23.3.3 Basic Scheduling Functions	https://sourceware.org/glibc/manual/latest/html_node/Basic-Scheduling-Functions.html
23 Resource Usage And Limitation / 23.3 Process CPU Priority And Scheduling / 23.3.4 Extensible Scheduling	https://sourceware.org/glibc/manual/latest/html_node/Extensible-Scheduling.html
23 Resource Usage And Limitation / 23.3 Process CPU Priority And Scheduling / 23.3.5 Traditional Scheduling	https://sourceware.org/glibc/manual/latest/html_node/Traditional-Scheduling.html
23 Resource Usage And Limitation / 23.3 Process CPU Priority And Scheduling / 23.3.5 Traditional Scheduling / 23.3.5.1 Introduction To Traditional Scheduling	https://sourceware.org/glibc/manual/latest/html_node/Traditional-Scheduling-Intro.html
23 Resource Usage And Limitation / 23.3 Process CPU Priority And Scheduling / 23.3.5 Traditional Scheduling / 23.3.5.2 Functions For Traditional Scheduling	https://sourceware.org/glibc/manual/latest/html_node/Traditional-Scheduling-Functions.html
23 Resource Usage And Limitation / 23.3 Process CPU Priority And Scheduling / 23.3.6 Limiting execution to certain CPUs	https://sourceware.org/glibc/manual/latest/html_node/CPU-Affinity.html
23 Resource Usage And Limitation / 23.4 Querying memory available resources	https://sourceware.org/glibc/manual/latest/html_node/Memory-Resources.html
23 Resource Usage And Limitation / 23.4 Querying memory available resources / 23.4.1 Overview about traditional Unix memory handling	https://sourceware.org/glibc/manual/latest/html_node/Memory-Subsystem.html
23 Resource Usage And Limitation / 23.4 Querying memory available resources / 23.4.2 How to get information about the memory subsystem?	https://sourceware.org/glibc/manual/latest/html_node/Query-Memory-Parameters.html
23 Resource Usage And Limitation / 23.5 Learn about the processors available	https://sourceware.org/glibc/manual/latest/html_node/Processor-Resources.html
24 Non-Local Exits	https://sourceware.org/glibc/manual/latest/html_node/Non_002dLocal-Exits.html
24 Non-Local Exits / 24.1 Introduction to Non-Local Exits	https://sourceware.org/glibc/manual/latest/html_node/Non_002dLocal-Intro.html
24 Non-Local Exits / 24.2 Details of Non-Local Exits	https://sourceware.org/glibc/manual/latest/html_node/Non_002dLocal-Details.html
24 Non-Local Exits / 24.3 Non-Local Exits and Signals	https://sourceware.org/glibc/manual/latest/html_node/Non_002dLocal-Exits-and-Signals.html
24 Non-Local Exits / 24.4 Complete Context Control	https://sourceware.org/glibc/manual/latest/html_node/System-V-contexts.html
25 Signal Handling	https://sourceware.org/glibc/manual/latest/html_node/Signal-Handling.html
25 Signal Handling / 25.1 Basic Concepts of Signals	https://sourceware.org/glibc/manual/latest/html_node/Concepts-of-Signals.html
25 Signal Handling / 25.1 Basic Concepts of Signals / 25.1.1 Some Kinds of Signals	https://sourceware.org/glibc/manual/latest/html_node/Kinds-of-Signals.html
25 Signal Handling / 25.1 Basic Concepts of Signals / 25.1.2 Concepts of Signal Generation	https://sourceware.org/glibc/manual/latest/html_node/Signal-Generation.html
25 Signal Handling / 25.1 Basic Concepts of Signals / 25.1.3 How Signals Are Delivered	https://sourceware.org/glibc/manual/latest/html_node/Delivery-of-Signal.html
25 Signal Handling / 25.2 Standard Signals	https://sourceware.org/glibc/manual/latest/html_node/Standard-Signals.html
25 Signal Handling / 25.2 Standard Signals / 25.2.1 Program Error Signals	https://sourceware.org/glibc/manual/latest/html_node/Program-Error-Signals.html
25 Signal Handling / 25.2 Standard Signals / 25.2.2 Termination Signals	https://sourceware.org/glibc/manual/latest/html_node/Termination-Signals.html
25 Signal Handling / 25.2 Standard Signals / 25.2.3 Alarm Signals	https://sourceware.org/glibc/manual/latest/html_node/Alarm-Signals.html
25 Signal Handling / 25.2 Standard Signals / 25.2.4 Asynchronous I/O Signals	https://sourceware.org/glibc/manual/latest/html_node/Asynchronous-I_002fO-Signals.html
25 Signal Handling / 25.2 Standard Signals / 25.2.5 Job Control Signals	https://sourceware.org/glibc/manual/latest/html_node/Job-Control-Signals.html
25 Signal Handling / 25.2 Standard Signals / 25.2.6 Operation Error Signals	https://sourceware.org/glibc/manual/latest/html_node/Operation-Error-Signals.html
25 Signal Handling / 25.2 Standard Signals / 25.2.7 Miscellaneous Signals	https://sourceware.org/glibc/manual/latest/html_node/Miscellaneous-Signals.html
25 Signal Handling / 25.2 Standard Signals / 25.2.8 Signal Messages	https://sourceware.org/glibc/manual/latest/html_node/Signal-Messages.html
25 Signal Handling / 25.3 Specifying Signal Actions	https://sourceware.org/glibc/manual/latest/html_node/Signal-Actions.html
25 Signal Handling / 25.3 Specifying Signal Actions / 25.3.1 Basic Signal Handling	https://sourceware.org/glibc/manual/latest/html_node/Basic-Signal-Handling.html
25 Signal Handling / 25.3 Specifying Signal Actions / 25.3.2 Advanced Signal Handling	https://sourceware.org/glibc/manual/latest/html_node/Advanced-Signal-Handling.html
25 Signal Handling / 25.3 Specifying Signal Actions / 25.3.3 Interaction of signal and sigaction	https://sourceware.org/glibc/manual/latest/html_node/Signal-and-Sigaction.html
25 Signal Handling / 25.3 Specifying Signal Actions / 25.3.4 sigaction Function Example	https://sourceware.org/glibc/manual/latest/html_node/Sigaction-Function-Example.html
25 Signal Handling / 25.3 Specifying Signal Actions / 25.3.5 Flags for sigaction	https://sourceware.org/glibc/manual/latest/html_node/Flags-for-Sigaction.html
25 Signal Handling / 25.3 Specifying Signal Actions / 25.3.6 Initial Signal Actions	https://sourceware.org/glibc/manual/latest/html_node/Initial-Signal-Actions.html
25 Signal Handling / 25.4 Defining Signal Handlers	https://sourceware.org/glibc/manual/latest/html_node/Defining-Handlers.html
25 Signal Handling / 25.4 Defining Signal Handlers / 25.4.1 Signal Handlers that Return	https://sourceware.org/glibc/manual/latest/html_node/Handler-Returns.html
25 Signal Handling / 25.4 Defining Signal Handlers / 25.4.2 Handlers That Terminate the Process	https://sourceware.org/glibc/manual/latest/html_node/Termination-in-Handler.html
25 Signal Handling / 25.4 Defining Signal Handlers / 25.4.3 Nonlocal Control Transfer in Handlers	https://sourceware.org/glibc/manual/latest/html_node/Longjmp-in-Handler.html
25 Signal Handling / 25.4 Defining Signal Handlers / 25.4.4 Signals Arriving While a Handler Runs	https://sourceware.org/glibc/manual/latest/html_node/Signals-in-Handler.html
25 Signal Handling / 25.4 Defining Signal Handlers / 25.4.5 Signals Close Together Merge into One	https://sourceware.org/glibc/manual/latest/html_node/Merged-Signals.html
25 Signal Handling / 25.4 Defining Signal Handlers / 25.4.6 Signal Handling and Nonreentrant Functions	https://sourceware.org/glibc/manual/latest/html_node/Nonreentrancy.html
25 Signal Handling / 25.4 Defining Signal Handlers / 25.4.7 Atomic Data Access and Signal Handling	https://sourceware.org/glibc/manual/latest/html_node/Atomic-Data-Access.html
25 Signal Handling / 25.4 Defining Signal Handlers / 25.4.7 Atomic Data Access and Signal Handling / 25.4.7.1 Problems with Non-Atomic Access	https://sourceware.org/glibc/manual/latest/html_node/Non_002datomic-Example.html
25 Signal Handling / 25.4 Defining Signal Handlers / 25.4.7 Atomic Data Access and Signal Handling / 25.4.7.2 Atomic Types	https://sourceware.org/glibc/manual/latest/html_node/Atomic-Types.html
25 Signal Handling / 25.4 Defining Signal Handlers / 25.4.7 Atomic Data Access and Signal Handling / 25.4.7.3 Atomic Usage Patterns	https://sourceware.org/glibc/manual/latest/html_node/Atomic-Usage.html
25 Signal Handling / 25.5 Primitives Interrupted by Signals	https://sourceware.org/glibc/manual/latest/html_node/Interrupted-Primitives.html
25 Signal Handling / 25.6 Generating Signals	https://sourceware.org/glibc/manual/latest/html_node/Generating-Signals.html
25 Signal Handling / 25.6 Generating Signals / 25.6.1 Signaling Yourself	https://sourceware.org/glibc/manual/latest/html_node/Signaling-Yourself.html
25 Signal Handling / 25.6 Generating Signals / 25.6.2 Signaling Another Process	https://sourceware.org/glibc/manual/latest/html_node/Signaling-Another-Process.html
25 Signal Handling / 25.6 Generating Signals / 25.6.3 Permission for using kill	https://sourceware.org/glibc/manual/latest/html_node/Permission-for-kill.html
25 Signal Handling / 25.6 Generating Signals / 25.6.4 Using kill for Communication	https://sourceware.org/glibc/manual/latest/html_node/Kill-Example.html
25 Signal Handling / 25.7 Blocking Signals	https://sourceware.org/glibc/manual/latest/html_node/Blocking-Signals.html
25 Signal Handling / 25.7 Blocking Signals / 25.7.1 Why Blocking Signals is Useful	https://sourceware.org/glibc/manual/latest/html_node/Why-Block.html
25 Signal Handling / 25.7 Blocking Signals / 25.7.2 Signal Sets	https://sourceware.org/glibc/manual/latest/html_node/Signal-Sets.html
25 Signal Handling / 25.7 Blocking Signals / 25.7.3 Process Signal Mask	https://sourceware.org/glibc/manual/latest/html_node/Process-Signal-Mask.html
25 Signal Handling / 25.7 Blocking Signals / 25.7.4 Blocking to Test for Delivery of a Signal	https://sourceware.org/glibc/manual/latest/html_node/Testing-for-Delivery.html
25 Signal Handling / 25.7 Blocking Signals / 25.7.5 Blocking Signals for a Handler	https://sourceware.org/glibc/manual/latest/html_node/Blocking-for-Handler.html
25 Signal Handling / 25.7 Blocking Signals / 25.7.6 Checking for Pending Signals	https://sourceware.org/glibc/manual/latest/html_node/Checking-for-Pending-Signals.html
25 Signal Handling / 25.7 Blocking Signals / 25.7.7 Remembering a Signal to Act On Later	https://sourceware.org/glibc/manual/latest/html_node/Remembering-a-Signal.html
25 Signal Handling / 25.8 Waiting for a Signal	https://sourceware.org/glibc/manual/latest/html_node/Waiting-for-a-Signal.html
25 Signal Handling / 25.8 Waiting for a Signal / 25.8.1 Using pause	https://sourceware.org/glibc/manual/latest/html_node/Using-Pause.html
25 Signal Handling / 25.8 Waiting for a Signal / 25.8.2 Problems with pause	https://sourceware.org/glibc/manual/latest/html_node/Pause-Problems.html
25 Signal Handling / 25.8 Waiting for a Signal / 25.8.3 Using sigsuspend	https://sourceware.org/glibc/manual/latest/html_node/Sigsuspend.html
25 Signal Handling / 25.9 Using a Separate Signal Stack	https://sourceware.org/glibc/manual/latest/html_node/Signal-Stack.html
25 Signal Handling / 25.10 BSD Signal Handling	https://sourceware.org/glibc/manual/latest/html_node/BSD-Signal-Handling.html
26 The Basic Program/System Interface	https://sourceware.org/glibc/manual/latest/html_node/Program-Basics.html
26 The Basic Program/System Interface / 26.1 Program Arguments	https://sourceware.org/glibc/manual/latest/html_node/Program-Arguments.html
26 The Basic Program/System Interface / 26.1 Program Arguments / 26.1.1 Program Argument Syntax Conventions	https://sourceware.org/glibc/manual/latest/html_node/Argument-Syntax.html
26 The Basic Program/System Interface / 26.1 Program Arguments / 26.1.2 Parsing Program Arguments	https://sourceware.org/glibc/manual/latest/html_node/Parsing-Program-Arguments.html
26 The Basic Program/System Interface / 26.2 Parsing program options using getopt	https://sourceware.org/glibc/manual/latest/html_node/Getopt.html
26 The Basic Program/System Interface / 26.2 Parsing program options using getopt / 26.2.1 Using the getopt function	https://sourceware.org/glibc/manual/latest/html_node/Using-Getopt.html
26 The Basic Program/System Interface / 26.2 Parsing program options using getopt / 26.2.2 Example of Parsing Arguments with getopt	https://sourceware.org/glibc/manual/latest/html_node/Example-of-Getopt.html
26 The Basic Program/System Interface / 26.2 Parsing program options using getopt / 26.2.3 Parsing Long Options with getopt_long	https://sourceware.org/glibc/manual/latest/html_node/Getopt-Long-Options.html
26 The Basic Program/System Interface / 26.2 Parsing program options using getopt / 26.2.4 Example of Parsing Long Options with getopt_long	https://sourceware.org/glibc/manual/latest/html_node/Getopt-Long-Option-Example.html
26 The Basic Program/System Interface / 26.3 Parsing Program Options with Argp	https://sourceware.org/glibc/manual/latest/html_node/Argp.html
26 The Basic Program/System Interface / 26.3 Parsing Program Options with Argp / 26.3.2 Argp Global Variables	https://sourceware.org/glibc/manual/latest/html_node/Argp-Global-Variables.html
26 The Basic Program/System Interface / 26.3 Parsing Program Options with Argp / 26.3.3 Specifying Argp Parsers	https://sourceware.org/glibc/manual/latest/html_node/Argp-Parsers.html
26 The Basic Program/System Interface / 26.3 Parsing Program Options with Argp / 26.3.4 Specifying Options in an Argp Parser	https://sourceware.org/glibc/manual/latest/html_node/Argp-Option-Vectors.html
26 The Basic Program/System Interface / 26.3 Parsing Program Options with Argp / 26.3.4 Specifying Options in an Argp Parser / 26.3.4.1 Flags for Argp Options	https://sourceware.org/glibc/manual/latest/html_node/Argp-Option-Flags.html
26 The Basic Program/System Interface / 26.3 Parsing Program Options with Argp / 26.3.5 Argp Parser Functions	https://sourceware.org/glibc/manual/latest/html_node/Argp-Parser-Functions.html
26 The Basic Program/System Interface / 26.3 Parsing Program Options with Argp / 26.3.5 Argp Parser Functions / 26.3.5.1 Special Keys for Argp Parser Functions	https://sourceware.org/glibc/manual/latest/html_node/Argp-Special-Keys.html
26 The Basic Program/System Interface / 26.3 Parsing Program Options with Argp / 26.3.5 Argp Parser Functions / 26.3.5.2 Argp Parsing State	https://sourceware.org/glibc/manual/latest/html_node/Argp-Parsing-State.html
26 The Basic Program/System Interface / 26.3 Parsing Program Options with Argp / 26.3.5 Argp Parser Functions / 26.3.5.3 Functions For Use in Argp Parsers	https://sourceware.org/glibc/manual/latest/html_node/Argp-Helper-Functions.html
26 The Basic Program/System Interface / 26.3 Parsing Program Options with Argp / 26.3.6 Combining Multiple Argp Parsers	https://sourceware.org/glibc/manual/latest/html_node/Argp-Children.html
26 The Basic Program/System Interface / 26.3 Parsing Program Options with Argp / 26.3.7 Flags for argp_parse	https://sourceware.org/glibc/manual/latest/html_node/Argp-Flags.html
26 The Basic Program/System Interface / 26.3 Parsing Program Options with Argp / 26.3.8 Customizing Argp Help Output	https://sourceware.org/glibc/manual/latest/html_node/Argp-Help-Filtering.html
26 The Basic Program/System Interface / 26.3 Parsing Program Options with Argp / 26.3.8 Customizing Argp Help Output / 26.3.8.1 Special Keys for Argp Help Filter Functions	https://sourceware.org/glibc/manual/latest/html_node/Argp-Help-Filter-Keys.html
26 The Basic Program/System Interface / 26.3 Parsing Program Options with Argp / 26.3.9 The argp_help Function	https://sourceware.org/glibc/manual/latest/html_node/Argp-Help.html
26 The Basic Program/System Interface / 26.3 Parsing Program Options with Argp / 26.3.10 Flags for the argp_help Function	https://sourceware.org/glibc/manual/latest/html_node/Argp-Help-Flags.html
26 The Basic Program/System Interface / 26.3 Parsing Program Options with Argp / 26.3.11 Argp Examples	https://sourceware.org/glibc/manual/latest/html_node/Argp-Examples.html
26 The Basic Program/System Interface / 26.3 Parsing Program Options with Argp / 26.3.11 Argp Examples / 26.3.11.1 A Minimal Program Using Argp	https://sourceware.org/glibc/manual/latest/html_node/Argp-Example-1.html
26 The Basic Program/System Interface / 26.3 Parsing Program Options with Argp / 26.3.11 Argp Examples / 26.3.11.2 A Program Using Argp with Only Default Options	https://sourceware.org/glibc/manual/latest/html_node/Argp-Example-2.html
26 The Basic Program/System Interface / 26.3 Parsing Program Options with Argp / 26.3.11 Argp Examples / 26.3.11.3 A Program Using Argp with User Options	https://sourceware.org/glibc/manual/latest/html_node/Argp-Example-3.html
26 The Basic Program/System Interface / 26.3 Parsing Program Options with Argp / 26.3.11 Argp Examples / 26.3.11.4 A Program Using Multiple Combined Argp Parsers	https://sourceware.org/glibc/manual/latest/html_node/Argp-Example-4.html
26 The Basic Program/System Interface / 26.3 Parsing Program Options with Argp / 26.3.12 Argp User Customization	https://sourceware.org/glibc/manual/latest/html_node/Argp-User-Customization.html
26 The Basic Program/System Interface / 26.3 Parsing Program Options with Argp / 26.3.12 Argp User Customization / 26.3.12.1 Parsing of Suboptions	https://sourceware.org/glibc/manual/latest/html_node/Suboptions.html
26 The Basic Program/System Interface / 26.3 Parsing Program Options with Argp / 26.3.13 Parsing of Suboptions Example	https://sourceware.org/glibc/manual/latest/html_node/Suboptions-Example.html
26 The Basic Program/System Interface / 26.4 Environment Variables	https://sourceware.org/glibc/manual/latest/html_node/Environment-Variables.html
26 The Basic Program/System Interface / 26.4 Environment Variables / 26.4.1 Environment Access	https://sourceware.org/glibc/manual/latest/html_node/Environment-Access.html
26 The Basic Program/System Interface / 26.4 Environment Variables / 26.4.2 Standard Environment Variables	https://sourceware.org/glibc/manual/latest/html_node/Standard-Environment.html
26 The Basic Program/System Interface / 26.5 Auxiliary Vector	https://sourceware.org/glibc/manual/latest/html_node/Auxiliary-Vector.html
26 The Basic Program/System Interface / 26.6 System Calls	https://sourceware.org/glibc/manual/latest/html_node/System-Calls.html
26 The Basic Program/System Interface / 26.7 Program Termination	https://sourceware.org/glibc/manual/latest/html_node/Program-Termination.html
26 The Basic Program/System Interface / 26.7 Program Termination / 26.7.1 Normal Termination	https://sourceware.org/glibc/manual/latest/html_node/Normal-Termination.html
26 The Basic Program/System Interface / 26.7 Program Termination / 26.7.2 Exit Status	https://sourceware.org/glibc/manual/latest/html_node/Exit-Status.html
26 The Basic Program/System Interface / 26.7 Program Termination / 26.7.3 Cleanups on Exit	https://sourceware.org/glibc/manual/latest/html_node/Cleanups-on-Exit.html
26 The Basic Program/System Interface / 26.7 Program Termination / 26.7.4 Aborting a Program	https://sourceware.org/glibc/manual/latest/html_node/Aborting-a-Program.html
26 The Basic Program/System Interface / 26.7 Program Termination / 26.7.5 Termination Internals	https://sourceware.org/glibc/manual/latest/html_node/Termination-Internals.html
27 Processes	https://sourceware.org/glibc/manual/latest/html_node/Processes.html
27 Processes / 27.1 Running a Command	https://sourceware.org/glibc/manual/latest/html_node/Running-a-Command.html
27 Processes / 27.2 Process Creation Concepts	https://sourceware.org/glibc/manual/latest/html_node/Process-Creation-Concepts.html
27 Processes / 27.3 Process Identification	https://sourceware.org/glibc/manual/latest/html_node/Process-Identification.html
27 Processes / 27.4 Creating a Process	https://sourceware.org/glibc/manual/latest/html_node/Creating-a-Process.html
27 Processes / 27.5 Querying a Process	https://sourceware.org/glibc/manual/latest/html_node/Querying-a-Process.html
27 Processes / 27.6 Executing a File	https://sourceware.org/glibc/manual/latest/html_node/Executing-a-File.html
27 Processes / 27.7 Process Completion	https://sourceware.org/glibc/manual/latest/html_node/Process-Completion.html
27 Processes / 27.8 Process Completion Status	https://sourceware.org/glibc/manual/latest/html_node/Process-Completion-Status.html
27 Processes / 27.9 BSD Process Wait Function	https://sourceware.org/glibc/manual/latest/html_node/BSD-Wait-Functions.html
27 Processes / 27.10 Process Creation Example	https://sourceware.org/glibc/manual/latest/html_node/Process-Creation-Example.html
28 Inter-Process Communication	https://sourceware.org/glibc/manual/latest/html_node/Inter_002dProcess-Communication.html
28 Inter-Process Communication / 28.1 Semaphores	https://sourceware.org/glibc/manual/latest/html_node/Semaphores.html
29 Job Control	https://sourceware.org/glibc/manual/latest/html_node/Job-Control.html
29 Job Control / 29.1 Concepts of Job Control	https://sourceware.org/glibc/manual/latest/html_node/Concepts-of-Job-Control.html
29 Job Control / 29.2 Controlling Terminal of a Process	https://sourceware.org/glibc/manual/latest/html_node/Controlling-Terminal.html
29 Job Control / 29.3 Access to the Controlling Terminal	https://sourceware.org/glibc/manual/latest/html_node/Access-to-the-Terminal.html
29 Job Control / 29.4 Orphaned Process Groups	https://sourceware.org/glibc/manual/latest/html_node/Orphaned-Process-Groups.html
29 Job Control / 29.5 Implementing a Job Control Shell	https://sourceware.org/glibc/manual/latest/html_node/Implementing-a-Shell.html
29 Job Control / 29.5 Implementing a Job Control Shell / 29.5.1 Data Structures for the Shell	https://sourceware.org/glibc/manual/latest/html_node/Data-Structures.html
29 Job Control / 29.5 Implementing a Job Control Shell / 29.5.2 Initializing the Shell	https://sourceware.org/glibc/manual/latest/html_node/Initializing-the-Shell.html
29 Job Control / 29.5 Implementing a Job Control Shell / 29.5.3 Launching Jobs	https://sourceware.org/glibc/manual/latest/html_node/Launching-Jobs.html
29 Job Control / 29.5 Implementing a Job Control Shell / 29.5.4 Foreground and Background	https://sourceware.org/glibc/manual/latest/html_node/Foreground-and-Background.html
29 Job Control / 29.5 Implementing a Job Control Shell / 29.5.5 Stopped and Terminated Jobs	https://sourceware.org/glibc/manual/latest/html_node/Stopped-and-Terminated-Jobs.html
29 Job Control / 29.5 Implementing a Job Control Shell / 29.5.6 Continuing Stopped Jobs	https://sourceware.org/glibc/manual/latest/html_node/Continuing-Stopped-Jobs.html
29 Job Control / 29.5 Implementing a Job Control Shell / 29.5.7 The Missing Pieces	https://sourceware.org/glibc/manual/latest/html_node/Missing-Pieces.html
29 Job Control / 29.6 Functions for Job Control	https://sourceware.org/glibc/manual/latest/html_node/Functions-for-Job-Control.html
29 Job Control / 29.6 Functions for Job Control / 29.6.1 Identifying the Controlling Terminal	https://sourceware.org/glibc/manual/latest/html_node/Identifying-the-Terminal.html
29 Job Control / 29.6 Functions for Job Control / 29.6.2 Process Group Functions	https://sourceware.org/glibc/manual/latest/html_node/Process-Group-Functions.html
29 Job Control / 29.6 Functions for Job Control / 29.6.3 Functions for Controlling Terminal Access	https://sourceware.org/glibc/manual/latest/html_node/Terminal-Access-Functions.html
30 System Databases and Name Service Switch	https://sourceware.org/glibc/manual/latest/html_node/Name-Service-Switch.html
30 System Databases and Name Service Switch / 30.1 NSS Basics	https://sourceware.org/glibc/manual/latest/html_node/NSS-Basics.html
30 System Databases and Name Service Switch / 30.2 The NSS Configuration File	https://sourceware.org/glibc/manual/latest/html_node/NSS-Configuration-File.html
30 System Databases and Name Service Switch / 30.2 The NSS Configuration File / 30.2.1 Services in the NSS configuration File	https://sourceware.org/glibc/manual/latest/html_node/Services-in-the-NSS-configuration.html
30 System Databases and Name Service Switch / 30.2 The NSS Configuration File / 30.2.2 Actions in the NSS configuration	https://sourceware.org/glibc/manual/latest/html_node/Actions-in-the-NSS-configuration.html
30 System Databases and Name Service Switch / 30.2 The NSS Configuration File / 30.2.3 Notes on the NSS Configuration File	https://sourceware.org/glibc/manual/latest/html_node/Notes-on-NSS-Configuration-File.html
30 System Databases and Name Service Switch / 30.3 NSS Module Internals	https://sourceware.org/glibc/manual/latest/html_node/NSS-Module-Internals.html
30 System Databases and Name Service Switch / 30.3 NSS Module Internals / 30.3.1 The Naming Scheme of the NSS Modules	https://sourceware.org/glibc/manual/latest/html_node/NSS-Module-Names.html
30 System Databases and Name Service Switch / 30.3 NSS Module Internals / 30.3.2 The Interface of the Function in NSS Modules	https://sourceware.org/glibc/manual/latest/html_node/NSS-Modules-Interface.html
30 System Databases and Name Service Switch / 30.4 Extending NSS	https://sourceware.org/glibc/manual/latest/html_node/Extending-NSS.html
30 System Databases and Name Service Switch / 30.4 Extending NSS / 30.4.1 Adding another Service to NSS	https://sourceware.org/glibc/manual/latest/html_node/Adding-another-Service-to-NSS.html
30 System Databases and Name Service Switch / 30.4 Extending NSS / 30.4.2 Internals of the NSS Module Functions	https://sourceware.org/glibc/manual/latest/html_node/NSS-Module-Function-Internals.html
31 Users and Groups	https://sourceware.org/glibc/manual/latest/html_node/Users-and-Groups.html
31 Users and Groups / 31.1 User and Group IDs	https://sourceware.org/glibc/manual/latest/html_node/User-and-Group-IDs.html
31 Users and Groups / 31.2 The Persona of a Process	https://sourceware.org/glibc/manual/latest/html_node/Process-Persona.html
31 Users and Groups / 31.3 Why Change the Persona of a Process?	https://sourceware.org/glibc/manual/latest/html_node/Why-Change-Persona.html
31 Users and Groups / 31.4 How an Application Can Change Persona	https://sourceware.org/glibc/manual/latest/html_node/How-Change-Persona.html
31 Users and Groups / 31.5 Reading the Persona of a Process	https://sourceware.org/glibc/manual/latest/html_node/Reading-Persona.html
31 Users and Groups / 31.6 Setting the User ID	https://sourceware.org/glibc/manual/latest/html_node/Setting-User-ID.html
31 Users and Groups / 31.7 Setting the Group IDs	https://sourceware.org/glibc/manual/latest/html_node/Setting-Groups.html
31 Users and Groups / 31.8 Enabling and Disabling Setuid Access	https://sourceware.org/glibc/manual/latest/html_node/Enable_002fDisable-Setuid.html
31 Users and Groups / 31.9 Setuid Program Example	https://sourceware.org/glibc/manual/latest/html_node/Setuid-Program-Example.html
31 Users and Groups / 31.10 Tips for Writing Setuid Programs	https://sourceware.org/glibc/manual/latest/html_node/Tips-for-Setuid.html
31 Users and Groups / 31.11 Identifying Who Logged In	https://sourceware.org/glibc/manual/latest/html_node/Who-Logged-In.html
31 Users and Groups / 31.12 The User Accounting Database	https://sourceware.org/glibc/manual/latest/html_node/User-Accounting-Database.html
31 Users and Groups / 31.12 The User Accounting Database / 31.12.1 Manipulating the User Accounting Database	https://sourceware.org/glibc/manual/latest/html_node/Manipulating-the-Database.html
31 Users and Groups / 31.12 The User Accounting Database / 31.12.2 XPG User Accounting Database Functions	https://sourceware.org/glibc/manual/latest/html_node/XPG-Functions.html
31 Users and Groups / 31.12 The User Accounting Database / 31.12.3 Logging In and Out	https://sourceware.org/glibc/manual/latest/html_node/Logging-In-and-Out.html
31 Users and Groups / 31.13 User Database	https://sourceware.org/glibc/manual/latest/html_node/User-Database.html
31 Users and Groups / 31.13 User Database / 31.13.1 The Data Structure that Describes a User	https://sourceware.org/glibc/manual/latest/html_node/User-Data-Structure.html
31 Users and Groups / 31.13 User Database / 31.13.2 Looking Up One User	https://sourceware.org/glibc/manual/latest/html_node/Lookup-User.html
31 Users and Groups / 31.13 User Database / 31.13.3 Scanning the List of All Users	https://sourceware.org/glibc/manual/latest/html_node/Scanning-All-Users.html
31 Users and Groups / 31.13 User Database / 31.13.4 Writing a User Entry	https://sourceware.org/glibc/manual/latest/html_node/Writing-a-User-Entry.html
31 Users and Groups / 31.14 Group Database	https://sourceware.org/glibc/manual/latest/html_node/Group-Database.html
31 Users and Groups / 31.14 Group Database / 31.14.1 The Data Structure for a Group	https://sourceware.org/glibc/manual/latest/html_node/Group-Data-Structure.html
31 Users and Groups / 31.14 Group Database / 31.14.2 Looking Up One Group	https://sourceware.org/glibc/manual/latest/html_node/Lookup-Group.html
31 Users and Groups / 31.14 Group Database / 31.14.3 Scanning the List of All Groups	https://sourceware.org/glibc/manual/latest/html_node/Scanning-All-Groups.html
31 Users and Groups / 31.15 User and Group Database Example	https://sourceware.org/glibc/manual/latest/html_node/Database-Example.html
31 Users and Groups / 31.16 Netgroup Database	https://sourceware.org/glibc/manual/latest/html_node/Netgroup-Database.html
31 Users and Groups / 31.16 Netgroup Database / 31.16.1 Netgroup Data	https://sourceware.org/glibc/manual/latest/html_node/Netgroup-Data.html
31 Users and Groups / 31.16 Netgroup Database / 31.16.2 Looking up one Netgroup	https://sourceware.org/glibc/manual/latest/html_node/Lookup-Netgroup.html
31 Users and Groups / 31.16 Netgroup Database / 31.16.3 Testing for Netgroup Membership	https://sourceware.org/glibc/manual/latest/html_node/Netgroup-Membership.html
32 System Management	https://sourceware.org/glibc/manual/latest/html_node/System-Management.html
32 System Management / 32.1 Host Identification	https://sourceware.org/glibc/manual/latest/html_node/Host-Identification.html
32 System Management / 32.2 Platform Type Identification	https://sourceware.org/glibc/manual/latest/html_node/Platform-Type.html
32 System Management / 32.3 Controlling and Querying Mounts	https://sourceware.org/glibc/manual/latest/html_node/Filesystem-Handling.html
32 System Management / 32.3 Controlling and Querying Mounts / 32.3.1 Mount Information	https://sourceware.org/glibc/manual/latest/html_node/Mount-Information.html
32 System Management / 32.3 Controlling and Querying Mounts / 32.3.1 Mount Information / 32.3.1.1 The fstab file	https://sourceware.org/glibc/manual/latest/html_node/fstab.html
32 System Management / 32.3 Controlling and Querying Mounts / 32.3.1 Mount Information / 32.3.1.2 The mtab file	https://sourceware.org/glibc/manual/latest/html_node/mtab.html
32 System Management / 32.3 Controlling and Querying Mounts / 32.3.1 Mount Information / 32.3.1.3 Other (Non-libc) Sources of Mount Information	https://sourceware.org/glibc/manual/latest/html_node/Other-Mount-Information.html
32 System Management / 32.3 Controlling and Querying Mounts / 32.3.2 Mount, Unmount, Remount	https://sourceware.org/glibc/manual/latest/html_node/Mount_002dUnmount_002dRemount.html
33 System Configuration Parameters	https://sourceware.org/glibc/manual/latest/html_node/System-Configuration.html
33 System Configuration Parameters / 33.1 General Capacity Limits	https://sourceware.org/glibc/manual/latest/html_node/General-Limits.html
33 System Configuration Parameters / 33.2 Overall System Options	https://sourceware.org/glibc/manual/latest/html_node/System-Options.html
33 System Configuration Parameters / 33.3 Which Version of POSIX is Supported	https://sourceware.org/glibc/manual/latest/html_node/Version-Supported.html
33 System Configuration Parameters / 33.4 Using sysconf	https://sourceware.org/glibc/manual/latest/html_node/Sysconf.html
33 System Configuration Parameters / 33.4 Using sysconf / 33.4.1 Definition of sysconf	https://sourceware.org/glibc/manual/latest/html_node/Sysconf-Definition.html
33 System Configuration Parameters / 33.4 Using sysconf / 33.4.2 Constants for sysconf Parameters	https://sourceware.org/glibc/manual/latest/html_node/Constants-for-Sysconf.html
33 System Configuration Parameters / 33.4 Using sysconf / 33.4.3 Examples of sysconf	https://sourceware.org/glibc/manual/latest/html_node/Examples-of-Sysconf.html
33 System Configuration Parameters / 33.5 Minimum Values for General Capacity Limits	https://sourceware.org/glibc/manual/latest/html_node/Minimums.html
33 System Configuration Parameters / 33.6 Limits on File System Capacity	https://sourceware.org/glibc/manual/latest/html_node/Limits-for-Files.html
33 System Configuration Parameters / 33.7 Optional Features in File Support	https://sourceware.org/glibc/manual/latest/html_node/Options-for-Files.html
33 System Configuration Parameters / 33.8 Minimum Values for File System Limits	https://sourceware.org/glibc/manual/latest/html_node/File-Minimums.html
33 System Configuration Parameters / 33.9 Using pathconf	https://sourceware.org/glibc/manual/latest/html_node/Pathconf.html
33 System Configuration Parameters / 33.10 Utility Program Capacity Limits	https://sourceware.org/glibc/manual/latest/html_node/Utility-Limits.html
33 System Configuration Parameters / 33.11 Minimum Values for Utility Limits	https://sourceware.org/glibc/manual/latest/html_node/Utility-Minimums.html
33 System Configuration Parameters / 33.12 String-Valued Parameters	https://sourceware.org/glibc/manual/latest/html_node/String-Parameters.html
34 Cryptographic Functions	https://sourceware.org/glibc/manual/latest/html_node/Cryptographic-Functions.html
34 Cryptographic Functions / 34.1 Generating Unpredictable Bytes	https://sourceware.org/glibc/manual/latest/html_node/Unpredictable-Bytes.html
35 Debugging support	https://sourceware.org/glibc/manual/latest/html_node/Debugging-Support.html
35 Debugging support / 35.1 Backtraces	https://sourceware.org/glibc/manual/latest/html_node/Backtraces.html
36 Threads	https://sourceware.org/glibc/manual/latest/html_node/Threads.html
36 Threads / 36.1 ISO C Threads	https://sourceware.org/glibc/manual/latest/html_node/ISO-C-Threads.html
36 Threads / 36.1 ISO C Threads / 36.1.1 Return Values	https://sourceware.org/glibc/manual/latest/html_node/ISO-C-Threads-Return-Values.html
36 Threads / 36.1 ISO C Threads / 36.1.2 Creation and Control	https://sourceware.org/glibc/manual/latest/html_node/ISO-C-Thread-Management.html
36 Threads / 36.1 ISO C Threads / 36.1.3 Call Once	https://sourceware.org/glibc/manual/latest/html_node/Call-Once.html
36 Threads / 36.1 ISO C Threads / 36.1.4 Mutexes	https://sourceware.org/glibc/manual/latest/html_node/ISO-C-Mutexes.html
36 Threads / 36.1 ISO C Threads / 36.1.5 Condition Variables	https://sourceware.org/glibc/manual/latest/html_node/ISO-C-Condition-Variables.html
36 Threads / 36.1 ISO C Threads / 36.1.6 Thread-local Storage	https://sourceware.org/glibc/manual/latest/html_node/ISO-C-Thread_002dlocal-Storage.html
36 Threads / 36.2 POSIX Threads	https://sourceware.org/glibc/manual/latest/html_node/POSIX-Threads.html
36 Threads / 36.2 POSIX Threads / 36.2.1 Creating and Destroying Threads	https://sourceware.org/glibc/manual/latest/html_node/Creating-and-Destroying-Threads.html
36 Threads / 36.2 POSIX Threads / 36.2.2 Thread-specific Data	https://sourceware.org/glibc/manual/latest/html_node/Thread_002dspecific-Data.html
36 Threads / 36.2 POSIX Threads / 36.2.3 Functions for Waiting According to a Specific Clock	https://sourceware.org/glibc/manual/latest/html_node/Waiting-with-Explicit-Clocks.html
36 Threads / 36.2 POSIX Threads / 36.2.4 POSIX Semaphores	https://sourceware.org/glibc/manual/latest/html_node/POSIX-Semaphores.html
36 Threads / 36.2 POSIX Threads / 36.2.5 POSIX Barriers	https://sourceware.org/glibc/manual/latest/html_node/POSIX-Barriers.html
36 Threads / 36.2 POSIX Threads / 36.2.6 POSIX Spin Locks	https://sourceware.org/glibc/manual/latest/html_node/POSIX-Spin-Locks.html
36 Threads / 36.2 POSIX Threads / 36.2.7 POSIX Mutexes	https://sourceware.org/glibc/manual/latest/html_node/POSIX-Mutexes.html
36 Threads / 36.2 POSIX Threads / 36.2.8 POSIX Threads Other APIs	https://sourceware.org/glibc/manual/latest/html_node/POSIX-Threads-Other-APIs.html
36 Threads / 36.2 POSIX Threads / 36.2.9 Non-POSIX Extensions	https://sourceware.org/glibc/manual/latest/html_node/Non_002dPOSIX-Extensions.html
36 Threads / 36.2 POSIX Threads / 36.2.9 Non-POSIX Extensions / 36.2.9.1 Setting Process-wide defaults for thread attributes	https://sourceware.org/glibc/manual/latest/html_node/Default-Thread-Attributes.html
36 Threads / 36.2 POSIX Threads / 36.2.9 Non-POSIX Extensions / 36.2.9.2 Controlling the Initial Signal Mask of a New Thread	https://sourceware.org/glibc/manual/latest/html_node/Initial-Thread-Signal-Mask.html
36 Threads / 36.2 POSIX Threads / 36.2.9 Non-POSIX Extensions / 36.2.9.3 Thread CPU Affinity	https://sourceware.org/glibc/manual/latest/html_node/Thread-CPU-Affinity.html
36 Threads / 36.2 POSIX Threads / 36.2.9 Non-POSIX Extensions / 36.2.9.4 Wait for a thread to terminate	https://sourceware.org/glibc/manual/latest/html_node/Joining-Threads.html
36 Threads / 36.2 POSIX Threads / 36.2.9 Non-POSIX Extensions / 36.2.9.5 Thread Names	https://sourceware.org/glibc/manual/latest/html_node/Thread-Names.html
36 Threads / 36.2 POSIX Threads / 36.2.9 Non-POSIX Extensions / 36.2.9.6 Detecting Single-Threaded Execution	https://sourceware.org/glibc/manual/latest/html_node/Single_002dThreaded.html
36 Threads / 36.2 POSIX Threads / 36.2.9 Non-POSIX Extensions / 36.2.9.7 Restartable Sequences	https://sourceware.org/glibc/manual/latest/html_node/Restartable-Sequences.html
37 Dynamic Linker	https://sourceware.org/glibc/manual/latest/html_node/Dynamic-Linker.html
37 Dynamic Linker / 37.1 Dynamic Linker Invocation	https://sourceware.org/glibc/manual/latest/html_node/Dynamic-Linker-Invocation.html
37 Dynamic Linker / 37.1 Dynamic Linker Invocation / 37.1.1 Dynamic Linker Diagnostics	https://sourceware.org/glibc/manual/latest/html_node/Dynamic-Linker-Diagnostics.html
37 Dynamic Linker / 37.1 Dynamic Linker Invocation / 37.1.1 Dynamic Linker Diagnostics / 37.1.1.1 Dynamic Linker Diagnostics Format	https://sourceware.org/glibc/manual/latest/html_node/Dynamic-Linker-Diagnostics-Format.html
37 Dynamic Linker / 37.1 Dynamic Linker Invocation / 37.1.1 Dynamic Linker Diagnostics / 37.1.1.2 Dynamic Linker Diagnostics Values	https://sourceware.org/glibc/manual/latest/html_node/Dynamic-Linker-Diagnostics-Values.html
37 Dynamic Linker / 37.2 Dynamic Linker Environment Variables	https://sourceware.org/glibc/manual/latest/html_node/Dynamic-Linker-Environment-Variables.html
37 Dynamic Linker / 37.3 Dynamic Linker Introspection	https://sourceware.org/glibc/manual/latest/html_node/Dynamic-Linker-Introspection.html
37 Dynamic Linker / 37.4 Indirect Functions	https://sourceware.org/glibc/manual/latest/html_node/Indirect-Functions.html
37 Dynamic Linker / 37.5 Avoiding Unexpected Issues With Dynamic Linking	https://sourceware.org/glibc/manual/latest/html_node/Dynamic-Linker-Hardening.html
38 Internal probes	https://sourceware.org/glibc/manual/latest/html_node/Internal-Probes.html
38 Internal probes / 38.1 Memory Allocation Probes	https://sourceware.org/glibc/manual/latest/html_node/Memory-Allocation-Probes.html
38 Internal probes / 38.2 Non-local Goto Probes	https://sourceware.org/glibc/manual/latest/html_node/Non_002dlocal-Goto-Probes.html
39 Tunables	https://sourceware.org/glibc/manual/latest/html_node/Tunables.html
39 Tunables / 39.1 System-wide Tunables	https://sourceware.org/glibc/manual/latest/html_node/System_002dwide-Tunables.html
39 Tunables / 39.2 Tunable names	https://sourceware.org/glibc/manual/latest/html_node/Tunable-names.html
39 Tunables / 39.3 Memory Allocation Tunables	https://sourceware.org/glibc/manual/latest/html_node/Memory-Allocation-Tunables.html
39 Tunables / 39.4 Dynamic Linking Tunables	https://sourceware.org/glibc/manual/latest/html_node/Dynamic-Linking-Tunables.html
39 Tunables / 39.5 POSIX Thread Tunables	https://sourceware.org/glibc/manual/latest/html_node/POSIX-Thread-Tunables.html
39 Tunables / 39.6 Hardware Capability Tunables	https://sourceware.org/glibc/manual/latest/html_node/Hardware-Capability-Tunables.html
39 Tunables / 39.7 Memory Related Tunables	https://sourceware.org/glibc/manual/latest/html_node/Memory-Related-Tunables.html
39 Tunables / 39.8 gmon Tunables	https://sourceware.org/glibc/manual/latest/html_node/gmon-Tunables.html
39 Tunables / 39.9 ELF Tunables	https://sourceware.org/glibc/manual/latest/html_node/ELF-Tunables.html
Language Facilities in the Library	https://sourceware.org/glibc/manual/latest/html_node/Language-Features.html
Language Facilities in the Library / Explicitly Checking Internal Consistency	https://sourceware.org/glibc/manual/latest/html_node/Consistency-Checking.html
Language Facilities in the Library / Variadic Functions	https://sourceware.org/glibc/manual/latest/html_node/Variadic-Functions.html
Language Facilities in the Library / Variadic Functions / Why Variadic Functions are Used	https://sourceware.org/glibc/manual/latest/html_node/Why-Variadic.html
Language Facilities in the Library / Variadic Functions / How Variadic Functions are Defined and Used	https://sourceware.org/glibc/manual/latest/html_node/How-Variadic.html
Language Facilities in the Library / Variadic Functions / How Variadic Functions are Defined and Used / Syntax for Variable Arguments	https://sourceware.org/glibc/manual/latest/html_node/Variadic-Prototypes.html
Language Facilities in the Library / Variadic Functions / How Variadic Functions are Defined and Used / Receiving the Argument Values	https://sourceware.org/glibc/manual/latest/html_node/Receiving-Arguments.html
Language Facilities in the Library / Variadic Functions / How Variadic Functions are Defined and Used / How Many Arguments Were Supplied	https://sourceware.org/glibc/manual/latest/html_node/How-Many-Arguments.html
Language Facilities in the Library / Variadic Functions / How Variadic Functions are Defined and Used / Calling Variadic Functions	https://sourceware.org/glibc/manual/latest/html_node/Calling-Variadics.html
Language Facilities in the Library / Variadic Functions / How Variadic Functions are Defined and Used / Argument Access Macros	https://sourceware.org/glibc/manual/latest/html_node/Argument-Macros.html
Language Facilities in the Library / Variadic Functions / Example of a Variadic Function	https://sourceware.org/glibc/manual/latest/html_node/Variadic-Example.html
Language Facilities in the Library / Null Pointer Constant	https://sourceware.org/glibc/manual/latest/html_node/Null-Pointer-Constant.html
Language Facilities in the Library / Important Data Types	https://sourceware.org/glibc/manual/latest/html_node/Important-Data-Types.html
Language Facilities in the Library / Data Type Measurements	https://sourceware.org/glibc/manual/latest/html_node/Data-Type-Measurements.html
Language Facilities in the Library / Data Type Measurements / Width of an Integer Type	https://sourceware.org/glibc/manual/latest/html_node/Width-of-Type.html
Language Facilities in the Library / Data Type Measurements / Range of an Integer Type	https://sourceware.org/glibc/manual/latest/html_node/Range-of-Type.html
Language Facilities in the Library / Data Type Measurements / Floating Type Macros	https://sourceware.org/glibc/manual/latest/html_node/Floating-Type-Macros.html
Language Facilities in the Library / Data Type Measurements / Floating Type Macros / Floating Point Representation Concepts	https://sourceware.org/glibc/manual/latest/html_node/Floating-Point-Concepts.html
Language Facilities in the Library / Data Type Measurements / Floating Type Macros / Floating Point Parameters	https://sourceware.org/glibc/manual/latest/html_node/Floating-Point-Parameters.html
Language Facilities in the Library / Data Type Measurements / Floating Type Macros / IEEE Floating Point	https://sourceware.org/glibc/manual/latest/html_node/IEEE-Floating-Point.html
Language Facilities in the Library / Data Type Measurements / Structure Field Offset Measurement	https://sourceware.org/glibc/manual/latest/html_node/Structure-Measurement.html
Summary of Library Facilities	https://sourceware.org/glibc/manual/latest/html_node/Library-Summary.html
Installing the GNU C Library	https://sourceware.org/glibc/manual/latest/html_node/Installation.html
Installing the GNU C Library / Configuring and compiling the GNU C Library	https://sourceware.org/glibc/manual/latest/html_node/Configuring-and-compiling.html
Installing the GNU C Library / Installing the C Library	https://sourceware.org/glibc/manual/latest/html_node/Running-make-install.html
Installing the GNU C Library / Recommended Tools for Compilation	https://sourceware.org/glibc/manual/latest/html_node/Tools-for-Compilation.html
Installing the GNU C Library / Specific advice for GNU/Linux systems	https://sourceware.org/glibc/manual/latest/html_node/Linux.html
Installing the GNU C Library / Reporting Bugs	https://sourceware.org/glibc/manual/latest/html_node/Reporting-Bugs.html
Library Maintenance	https://sourceware.org/glibc/manual/latest/html_node/Maintenance.html
Library Maintenance / Adding New Functions	https://sourceware.org/glibc/manual/latest/html_node/Source-Layout.html
Library Maintenance / Adding New Functions / Platform-specific types, macros and functions	https://sourceware.org/glibc/manual/latest/html_node/Adding-Platform_002dspecific.html
Library Maintenance / Fortification of function calls	https://sourceware.org/glibc/manual/latest/html_node/Source-Fortification.html
Library Maintenance / Symbol handling in the GNU C Library	https://sourceware.org/glibc/manual/latest/html_node/Symbol-handling.html
Library Maintenance / Symbol handling in the GNU C Library / 64-bit time symbol handling in the GNU C Library	https://sourceware.org/glibc/manual/latest/html_node/64_002dbit-time-symbol-handling.html
Library Maintenance / Porting the GNU C Library	https://sourceware.org/glibc/manual/latest/html_node/Porting.html
Library Maintenance / Porting the GNU C Library / Layout of the sysdeps Directory Hierarchy	https://sourceware.org/glibc/manual/latest/html_node/Hierarchy-Conventions.html
Library Maintenance / Porting the GNU C Library / Porting the GNU C Library to Unix Systems	https://sourceware.org/glibc/manual/latest/html_node/Porting-to-Unix.html
Platform-specific facilities	https://sourceware.org/glibc/manual/latest/html_node/Platform.html
Platform-specific facilities / PowerPC-specific Facilities	https://sourceware.org/glibc/manual/latest/html_node/PowerPC.html
Platform-specific facilities / RISC-V-specific Facilities	https://sourceware.org/glibc/manual/latest/html_node/RISC_002dV.html
Platform-specific facilities / X86-specific Facilities	https://sourceware.org/glibc/manual/latest/html_node/X86.html
Contributors to the GNU C Library	https://sourceware.org/glibc/manual/latest/html_node/Contributors.html
Free Software Needs Free Documentation	https://sourceware.org/glibc/manual/latest/html_node/Free-Manuals.html
GNU Lesser General Public License	https://sourceware.org/glibc/manual/latest/html_node/Copying.html
GNU Free Documentation License	https://sourceware.org/glibc/manual/latest/html_node/Documentation-License.html
Concept Index	https://sourceware.org/glibc/manual/latest/html_node/Concept-Index.html
Type Index	https://sourceware.org/glibc/manual/latest/html_node/Type-Index.html
Function and Macro Index	https://sourceware.org/glibc/manual/latest/html_node/Function-Index.html
Variable and Constant Macro Index	https://sourceware.org/glibc/manual/latest/html_node/Variable-Index.html
Program and File Index	https://sourceware.org/glibc/manual/latest/html_node/File-Index.html
