[Exploitation] 2026: "Fence2Pwn: KFENCE-Enabled Kernel Exploitation Bypassing Slab Hardening and Memory Tagging" by Ernesto Martinez Garcia et al.	https://www.usenix.org/system/files/usenixsecurity26-garcia.pdf
[Exploitation] 2026: "Discovering, characterizing and exploiting controllable-copy objects for kernel data-only attacks with CopyKat" by Jakob Koschel et al.	https://www.usenix.org/system/files/usenixsecurity26-koschel.pdf
[Exploitation] 2026: "socket(0,2,0) - Reviving modprobe_path again" by leo_something and BitFriends	https://leo1.cc/posts/docs/socket020---reviving-modprobe_path-again/
[Exploitation] 2026: "Kernel-Exploit-Dojo"	https://github.com/mito753/Kernel-Exploit-Dojo
[Exploitation] 2026: "Kernel-Hack-Drill Masterclass" by Alexander Popov	https://www.youtube.com/watch?v=zXVqGaJY6iM
[Exploitation] 2026: "PhantomMap: GPU-Assisted Kernel Exploitation" by Jiayi Hu et al.	https://www.ndss-symposium.org/wp-content/uploads/2026-f201-paper.pdf
[Exploitation] 2026: "Some notes on the security properties of the pipe_buffer kernel object" by Alexander Popov	https://a13xp0p0v.github.io/2026/04/20/pipe-buffer-experiments.html
[Exploitation] 2026: "Cross-Cache Attacks for the Linux Kernel via PCP Massaging" by Claudio Migliorelli et al.	https://claudiomigliorelli.com/assets/papers/pcplost_ndss26.pdf
[Exploitation] 2026: "Heap Localization: Cache Side-Channel based Linux Kernel Heap Exploit Techniques" by Yoochan Lee et al.	https://leeyoochan.github.io/assets/pdf/Heap_Localization_SP_2026.pdf
[Exploitation] 2026: "Improving Linux Heap Exploit Reliability with FreshSlices and CPU-Bullying"	https://blog.eb9f.de/2026/01/28/freshslices_and_cpubullies.html
[Exploitation] 2026: "DIRTYFREE: Simplified Data-Oriented Programming in the Linux Kernel"	https://leeyoochan.github.io/assets/pdf/DirtyFree_NDSS_2026.pdf
[Exploitation] 2026: "Table Manners: Diving into Linux pagetables exp techniques" by Lau	https://github.com/Notselwyn/blogpost-files/blob/main/talk_pagetables.pdf
[Exploitation] 2025: "CROSS-X: Generalized and Stable Cross-Cache Attack on the Linux Kernel" by Dong-ok Kim et al.	https://insuyun.github.io/pubs/2025/kim%3Acrossx.pdf
[Exploitation] 2025: "BRIDGEROUTER: Automated Capability Upgrading of Out-Of-Bounds Write Vulnerabilities to Arbitrary Memory Write Primitives in the Linux Kernel"	https://www.youwei.site/papers/SP2025b.pdf
[Exploitation] 2025: "Extending Kernel Race Windows Using '/dev/shm'" by Faith	https://faith2dxy.xyz/2025-11-28/extending_race_window_fallocate/
[Exploitation] 2025: "System Register Hijacking: Compromising Kernel Integrity By Turning System Registers Against the System"	https://kylebot.net/papers/ret2entry.pdf
[Exploitation] 2025: "Linux Kernel Exploitation for Beginners" by Kevin Massey	https://rvasec.com/slides/2025/Massey_Linux_Kernel_Exploitation_For_Beginners.pdf
[Exploitation] 2025: "KernelGP: Racing Against the Android Kernel" by Chariton Karamitas	https://www.youtube.com/watch?v=DJBGu2fSSZg
[Exploitation] 2025: "Control Flow Hijacking in the Linux Kernel" by Valeriy Yashnikov	https://pt-phdays.storage.yandexcloud.net/Yashnikov_Valerij_Obhod_sredstv_zashhity_yadra_Linux_pri_perehvate_potoka_upravleniya_compressed_373ea39bd6.pdf
[Exploitation] 2025: "Kernel Exploitation Techniques: Turning The (Page) Tables" by Samuel Page	https://sam4k.com/page-table-kernel-exploitation/
[Exploitation] 2025: "Linux Kernel Exploitation series" by r1ru	https://r1ru.github.io/categories/linux-kernel-exploitation/
[Exploitation] 2025: "Reviving the modprobe_path Technique: Overcoming search_binary_handler() Patch"	https://theori.io/blog/reviving-the-modprobe-path-technique-overcoming-search-binary-handler-patch
[Exploitation] 2025: "WHEN GOOD KERNEL DEFENSES GO BAD: Reliable and Stable Kernel Exploits via Defense-Amplified TLB Side-Channel Leaks" by Lukas Maar et al.	https://lukasmaar.github.io/papers/usenix25-tlbsidechannel.pdf
[Exploitation] 2025: "Cross Cache Attack CheetSheet" by Pumpkin Chang	https://u1f383.github.io/linux/2025/01/03/cross-cache-attack-cheatsheet.html
[Exploitation] 2024: "Cross Cache for Lazy People -- The Padding Spray Method"	https://kaligulaarmblessed.github.io/post/cross-cache-for-lazy-people/
[Exploitation] 2024: "Linux Kernel Use Pipe Object to Do Data-Only Attack" by Pumpkin Chang	https://u1f383.github.io/linux/2024/08/16/linux-kernel-use-pipe-object-to-do-data-only-attack.html
[Exploitation] 2024: "CTF-style Tricks of Linux Kernel Exploitation" by Pumpkin Chang	https://u1f383.github.io/linux/2024/08/04/ctf-style-tricks-of-linux-kernel-exploitation-part-1.html
[Exploitation] 2024: "Linux Kernel exploitation cheatsheet" by Pumpkin Chang	https://u1f383.github.io/cheatsheet/1970/01/01/welcome-to-jekyll.html
[Exploitation] 2024: "SLUB Internals for Exploit Developers" by Andrey Konovalov	https://static.sched.com/hosted_files/lsseu2024/37/2024%2C%20LSS%20EU_%20SLUB%20Internals%20for%20Exploit%20Developers.pdf
[Exploitation] 2024: "SCAVY: Automated Discovery of Memory Corruption Targets in Linux Kernel for Privilege Escalation"	https://www.usenix.org/system/files/usenixsecurity24-avllazagaj.pdf
[Exploitation] 2024: "PageJack: A Powerful Exploit Technique With Page-Level UAF" by Zhiyun Qian et al.	https://i.blackhat.com/BH-US-24/Presentations/US24-Qian-PageJack-A-Powerful-Exploit-Technique-With-Page-Level-UAF-Thursday.pdf
[Exploitation] 2024: "SLUBStick: Arbitrary Memory Writes through Practical Software Cross-Cache Attacks within the Linux Kernel" by Lukas Maar et al.	https://stefangast.eu/papers/slubstick.pdf
[Exploitation] 2024: "Linux Kernel Exploitation - ret2usr" by Sascha Schirra	https://scoding.de/linux-kernel-exploitation-buffer_overflow
[Exploitation] 2024: "Binary Exploitation Notes: Kernel" by Andrej Ljubic	https://ir0nstone.gitbook.io/notes/types/kernel
[Exploitation] 2024: "Take a Step Further: Understanding Page Spray in Linux Kernel Exploitation"	https://arxiv.org/pdf/2406.02624
[Exploitation] 2024: "GhostRace: Exploiting and Mitigating Speculative Race Conditions"	https://www.vusec.net/projects/ghostrace/
[Exploitation] 2024: "K-LEAK: Towards Automating the Generation of Multi-Step Infoleak Exploits against the Linux Kernel"	https://www.ndss-symposium.org/wp-content/uploads/2024-935-paper.pdf
[Exploitation] 2024: "Beyond Control: Exploring Novel File System Objects for Data-Only Attacks on Linux Systems"	https://arxiv.org/pdf/2401.17618.pdf
[Exploitation] 2023: "Deep-Kernel Treasure Hunt: Finding exploitable structures in the Linux kernel" by Yudai Fujiwara	https://archive.codeblue.jp/2023/result/pdf/cb23-deep-kernel-treasure-hunt-finding-exploitable-structures-in-the-linux-kernel-by-yudai-fujiwara.pdf
[Exploitation] 2023: "D^ 3CTF2023 d3kcache: From null-byte cross-cache overflow to infinite arbitrary read & write."	https://blog.arttnba3.cn/2023/05/02/CTF-0X08_D3CTF2023_D3KCACHE/
[Exploitation] 2023: "No Tux Given: Diving Into Contemporary Linux Kernel Exploitation" by sam4k	https://sam4k.com/content/files/2024/01/no_tux_given.pdf
[Exploitation] 2023: "Linux Kernel Exploitation series" by santaclz	https://santaclz.github.io/2023/11/03/Linux-Kernel-Exploitation-Getting-started-and-BOF.html
[Exploitation] 2023: "RetSpill: Igniting User-Controlled Data to Burn Away Linux Kernel Protections"	https://kylebot.net/papers/retspill.pdf
[Exploitation] 2023: "Understanding Dirty Pagetable - m0leCon Finals 2023 CTF Writeup"	https://ptr-yudai.hatenablog.com/entry/2023/12/08/093606
[Exploitation] 2023: "Abusing RCU callbacks with a Use-After-Free read to defeat KASLR"	https://anatomic.rip/abusing_rcu_callbacks_to_defeat_kaslr/
[Exploitation] 2023: "Evils in the Sparse Texture Memory: Exploit Kernel Based on Undefined Behaviors of Graphic APIs"	https://i.blackhat.com/EU-23/Presentations/EU-23-Jin-Evils-in-the-Sparse-Texture.pdf
[Exploitation] 2023: "Make KSMA Great Again: The Art of Rooting Android devices by GPU MMU features" by Yong Wang	https://i.blackhat.com/BH-US-23/Presentations/US-23-WANG-The-Art-of-Rooting-Android-devices-by-GPU-MMU-features.pdf
[Exploitation] 2023: "A new method for container escape using file-based DirtyCred" by Choo Yi Kai	https://starlabs.sg/blog/2023/07-a-new-method-for-container-escape-using-file-based-dirtycred/
[Exploitation] 2023: "prctl anon_vma_name: An Amusing Linux Kernel Heap Spray" by Cherie-Anne Lee	https://starlabs.sg/blog/2023/07-prctl-anon_vma_name-an-amusing-heap-spray/
[Exploitation] 2023: "Dirty Pagetable: A Novel Exploitation Technique To Rule Linux Kernel" by Nicolas Wu	https://yanglingxi1993.github.io/dirty_pagetable/dirty_pagetable.html
[Exploitation] 2023: "Exploit Engineering – Attacking the Linux Kernel" by Alex Plaskett and Cedric Halbronn	https://research.nccgroup.com/wp-content/uploads/2023/05/exploit-engineering-linux-kernel.pdf
[Exploitation] 2023: "Algorithmic Heap Layout Manipulation in the Linux Kernel" by Max Ufer and Daniel Baier	https://escholarship.org/content/qt8ss3f7w1/qt8ss3f7w1.pdf
[Exploitation] 2023: "The Return of Stack Overflows in the Linux Kernel" by Davide Ornaghi	https://conference.hitb.org/hitbsecconf2023ams/materials/D2%20COMMSEC%20-%20The%20Return%20of%20Stack%20Overflows%20in%20the%20Linux%20Kernel%20-%20Davide%20Ornaghi.pdf
[Exploitation] 2023: "Exploiting null-dereferences in the Linux kernel" by Seth Jenkins	https://googleprojectzero.blogspot.com/2023/01/exploiting-null-dereferences-in-linux.html
[Exploitation] 2023: "PSPRAY: Timing Side-Channel based Linux Kernel Heap Exploitation Technique"	https://www.usenix.org/system/files/sec23summer_79-lee-prepub.pdf
[Exploitation] 2023: "Linux Kernel PWN | 06 DirtyCred"	https://blog.wohin.me/posts/linux-kernel-pwn-06/
[Exploitation] 2023: "Linux Kernel PWN | 05 ret2dir"	https://blog.wohin.me/posts/linux-kernel-pwn-05/
[Exploitation] 2022: "Ret2page: The Art of Exploiting Use-After-Free Vulnerabilities in the Dedicated Cache"	https://i.blackhat.com/USA-22/Thursday/US-22-WANG-Ret2page-The-Art-of-Exploiting-Use-After-Free-Vulnerabilities-in-the-Dedicated-Cache.pdf
[Exploitation] 2022: "Devils Are in the File Descriptors: It Is Time To Catch Them All" by Le Wu	https://i.blackhat.com/USA-22/Wednesday/US-22-Wu-Devils-Are-in-the-File.pdf
[Exploitation] 2022: "FUSE for Linux Exploitation 101"	https://exploiter.dev/blog/2022/FUSE-exploit.html
[Exploitation] 2022: "Kernel Exploit Recipes"	https://drive.google.com/file/d/1kRHgQ9qDr4vgxJ4rVL-UNKvCamva_TRB/view
[Exploitation] 2022: "pipe_buffer arbitrary read write" by Jayden R	https://interruptlabs.co.uk/labs/pipe_buffer/
[Exploitation] 2022: "Joy of exploiting the Kernel"	https://docs.google.com/presentation/d/e/2PACX-1vR4mpH3aARLMOhJemVGEw1cduXPEo_PvrbZMum8QwOJ6rhZvvezsif4qtgSydVVt8jPT1fztgD5Mj7q/pub?slide=id.p
[Exploitation] 2022: "An exploit primitive in the Linux kernel inspired by DirtyPipe"	https://github.com/veritas501/pipe-primitive
[Exploitation] 2022: "DirtyCred: Escalating Privilege in Linux Kernel"	https://zplin.me/papers/DirtyCred.pdf
[Exploitation] 2022: "DirtyCred: Cautious! A New Exploitation Method! No Pipe but as Nasty as Dirty Pipe"	https://i.blackhat.com/USA-22/Thursday/US-22-Lin-Cautious-A-New-Exploitation-Method.pdf
[Exploitation] 2022: "CoRJail: From Null Byte Overflow To Docker Escape Exploiting poll_list Objects In The Linux Kernel"	https://syst3mfailure.io/corjail
[Exploitation] 2022: "Reviving Exploits Against Cred Structs - Six Byte Cross Cache Overflow to Leakless Data-Oriented Kernel Pwnage"	https://www.willsroot.io/2022/08/reviving-exploits-against-cred-struct.html
[Exploitation] 2022: "USMA: Share Kernel Code With Me" by Yong Liu et al.	https://i.blackhat.com/Asia-22/Thursday-Materials/AS-22-YongLiu-USMA-Share-Kernel-Code.pdf
[Exploitation] 2022: "Linux kernel heap feng shui in 2022" by Michael S and Vitaly Nikolenko	https://duasynt.com/blog/linux-kernel-heap-feng-shui-2022
[Exploitation] 2022: "LiKE: A Series on Linux Kernel Exploitation" by sam4k	https://sam4k.com/like-a-series-on-linux-kernel-exploitation/
[Exploitation] 2022: "Racing against the clock -- hitting a tiny kernel race window" by Jann Horn	https://googleprojectzero.blogspot.com/2022/03/racing-against-clock-hitting-tiny.html
[Exploitation] 2022: "Playing for K(H)eaps: Understanding and Improving Linux Kernel Exploit Reliability"	https://www.usenix.org/system/files/sec22fall_zeng.pdf
[Exploitation] 2022: "Learning Linux kernel exploitation" by 0x434b	https://0x434b.dev/dabbling-with-linux-kernel-exploitation-ctf-challenges-to-learn-the-ropes/
[Exploitation] 2021: "ExpRace: Exploiting Kernel Races through Raising Interrupts" at USENIX	https://www.usenix.org/system/files/sec21-lee-yoochan.pdf
[Exploitation] 2021: "Utilizing msg_msg Objects for Arbitrary Read and Arbitrary Write in the Linux Kernel"	https://www.willsroot.io/2021/08/corctf-2021-fire-of-salvation-writeup.html
[Exploitation] 2021: "Linux Kernel Exploitation Technique: Overwriting modprobe_path"	https://lkmidas.github.io/posts/20210223-linux-kernel-pwn-modprobe/
[Exploitation] 2021: "Learning Linux Kernel Exploitation"	https://lkmidas.github.io/posts/20210123-linux-kernel-pwn-part-1/
[Exploitation] 2020: "PTMA (Page Table Manipulation Attack): Attacking the core of memory permission"	https://www.slideshare.net/JungseungLee2/page-table-manipulation-attack
[Exploitation] 2020: "Exploiting Kernel Races Through Taming Thread Interleaving"	https://i.blackhat.com/USA-20/Thursday/us-20-Lee-Exploiting-Kernel-Races-Through-Taming-Thread-Interleaving.pdf
[Exploitation] 2020: "Locating the kernel PGD on Android/aarch64" by Vitaly Nikolenko	https://duasynt.com/blog/android-pgd-page-tables
[Exploitation] 2020: "A Systematic Study of Elastic Objects in Kernel Exploitation"	https://zplin.me/papers/ELOISE.pdf
[Exploitation] 2020: "Exploiting Uses of Uninitialized Stack Variables in Linux Kernels to Leak Kernel Pointers"	https://www.usenix.org/system/files/woot20-paper1-slides-cho.pdf
[Exploitation] 2020: "BlindSide: Speculative Probing: Hacking Blind in the Spectre Era"	https://www.vusec.net/projects/blindside/
[Exploitation] 2020: "Linux Kernel Stack Smashing" by Silvio Cesare	https://blog.infosectcbr.com.au/2020/02/linux-kernel-stack-smashing.html?m=1
[Exploitation] 2020: "Structures that can be used in kernel exploits"	https://ptr-yudai.hatenablog.com/entry/2020/03/16/165628
[Exploitation] 2019: "The Route to Root: Container Escape Using Kernel Exploitation" by Nimrod Stoler	https://www.cyberark.com/resources/threat-research-blog/the-route-to-root-container-escape-using-kernel-exploitation
[Exploitation] 2019: "Linux Kernel: the ROP Exploit of Stack Overflow in Android Kernel"	https://medium.com/@knownsec404team/linux-kernel-the-rop-exploit-of-stack-overflow-in-android-kernel-87aa8eda770d
[Exploitation] 2019: "Hands Off and Putting SLAB/SLUB Feng Shui in Blackbox" by Yueqi (Lewis) Chen at Black Hat Europe	https://i.blackhat.com/eu-19/Wednesday/eu-19-Chen-Hands-Off-And-Putting-SLAB-SLUB-Feng-Shui-In-A-Blackbox.pdf
[Exploitation] 2019: "SLAKE: Facilitating Slab Manipulation for Exploiting Vulnerabilities in the Linux Kernel" by Yueqi (Lewis) Chen and Xinyu Xing	http://personal.psu.edu/yxc431/publications/SLAKE_Slides.pdf
[Exploitation] 2019: "Exploiting Race Conditions Using the Scheduler" by Jann Horn at Linux Security Summit EU	https://static.sched.com/hosted_files/lsseu2019/04/LSSEU2019%20-%20Exploiting%20race%20conditions%20on%20Linux.pdf
[Exploitation] 2019: "Kepler: Facilitating Control-flow Hijacking Primitive Evaluation for Linux Kernel Vulnerabilities"	https://www.usenix.org/sites/default/files/conference/protected-files/sec19_slides_wu-wei.pdf
[Exploitation] 2019: "Leak kernel pointer by exploiting uninitialized uses in Linux kernel" by Jinbum Park	https://jinb-park.github.io/leak-kptr.html
[Exploitation] 2019: "Kernel IDT priviledge escalation"	https://github.com/rdomanski/kernel/tree/master/writeups/Kernel-IDT-priviledge-escalation
[Exploitation] 2018: "FUZE: Towards Facilitating Exploit Generation for Kernel Use-After-Free Vulnerabilities"	http://personal.psu.edu/yxc431/publications/FUZE_Slides.pdf
[Exploitation] 2018: "Linux Kernel universal heap spray" by Vitaly Nikolenko	https://cyseclabs.com/blog/linux-kernel-heap-spray
[Exploitation] 2018: "Linux-Kernel-Exploit Stack Smashing"	https://web.archive.org/web/20190421131414/http://tacxingxing.com/2018/02/15/linux-kernel-exploit-stack-smashing/
[Exploitation] 2018: "Entering God Mode - The Kernel Space Mirroring Attack"	https://hackernoon.com/entering-god-mode-the-kernel-space-mirroring-attack-8a86b749545f
[Exploitation] 2018: "Mirror Mirror: Rooting Android 8 with a Kernel Space Mirroring Attack" by Wang Yong at HitB	https://conference.hitb.org/hitbsecconf2018ams/materials/D1T2%20-%20Yong%20Wang%20&%20Yang%20Song%20-%20Rooting%20Android%208%20with%20a%20Kernel%20Space%20Mirroring%20Attack.pdf
[Exploitation] 2018: "KSMA: Breaking Android kernel isolation and Rooting with ARM MMU features" by Wang Yong at BlackHat	https://www.blackhat.com/docs/asia-18/asia-18-WANG-KSMA-Breaking-Android-kernel-isolation-and-Rooting-with-ARM-MMU-features.pdf
[Exploitation] 2018: "Still Hammerable and Exploitable: on the Effectiveness of Software-only Physical Kernel Isolation"	https://arxiv.org/pdf/1802.07060.pdf
[Exploitation] 2018: "linux kernel pwn notes"	https://www.cnblogs.com/hac425/p/9416886.html
[Exploitation] 2018: "Use of timer_list structure in linux kernel exploit"	https://xz.aliyun.com/t/3455
[Exploitation] 2018: "Entering God Mode — The Kernel Space Mirroring Attack"	https://medium.com/hackernoon/entering-god-mode-the-kernel-space-mirroring-attack-8a86b749545f
[Exploitation] 2017: "Escalating Privileges in Linux using Fault Injection" by Niek Timmers and Cristofaro Mune	https://www.riscure.com/uploads/2017/10/escalating-privileges-in-linux-using-fi-presentation-fdtc-2017.pdf
[Exploitation] 2017: "Kernel Driver mmap Handler Exploitation" by Mateusz Fruba	https://labs.withsecure.com/content/dam/labs/docs/mwri-mmap-exploitation-whitepaper-2017-09-18.pdf
[Exploitation] 2017: "Linux kernel addr_limit bug / exploitation" by Vitaly Nikolenko	https://www.youtube.com/watch?v=UFakJa3t8Ls
[Exploitation] 2017: "The Stack Clash" by Qualys Research Team	https://www.qualys.com/2017/06/19/stack-clash/stack-clash.txt
[Exploitation] 2017: "New Reliable Android Kernel Root Exploitation Techniques"	http://powerofcommunity.net/poc2016/x82.pdf
[Exploitation] 2017: "Unleashing Use-Before-Initialization Vulnerabilities in the Linux Kernel Using Targeted Stack Spraying"	https://www-users.cs.umn.edu/~kjlu/papers/tss.pdf
[Exploitation] 2017: "Breaking KASLR with perf" by Lizzie Dixon	https://blog.lizzie.io/kaslr-and-perf.html
[Exploitation] 2017: "Linux kernel exploit cheetsheet"	https://github.com/verctor/MyNotes/blob/master/linux/linux_kernel_exploit_cheetsheet.md
[Exploitation] 2016: "Getting Physical Extreme abuse of Intel based Paging Systems" by Nicolas Economou and Enrique Nissim	https://cansecwest.com/slides/2016/CSW2016_Economou-Nissim_GettingPhysical.pdf
[Exploitation] 2016: "Linux Kernel ROP - Ropping your way to # (Part 1)" by Vitaly Nikolenko	https://www.trustwave.com/Resources/SpiderLabs-Blog/Linux-Kernel-ROP---Ropping-your-way-to---(Part-1
[Exploitation] 2016: "Linux Kernel ROP - Ropping your way to # (Part 2)" by Vitaly Nikolenko	https://www.trustwave.com/Resources/SpiderLabs-Blog/Linux-Kernel-ROP---Ropping-your-way-to---(Part-2
[Exploitation] 2016: "Exploiting COF Vulnerabilities in the Linux kernel" by Vitaly Nikolenko at Ruxcon	https://ruxcon.org.au/assets/2016/slides/ruxcon2016-Vitaly.pdf
[Exploitation] 2016: "Using userfaultfd" by Lizzie Dixon	https://blog.lizzie.io/using-userfaultfd.html
[Exploitation] 2016: "Direct Memory Attack the Kernel" by Ulf Frisk at DEF CON	https://www.youtube.com/watch?v=fXthwl6ShOg
[Exploitation] 2016: "Randomization Can't Stop BPF JIT Spray" by Elena Reshetova at Black Hat	https://www.blackhat.com/docs/eu-16/materials/eu-16-Reshetova-Randomization-Can't-Stop-BPF-JIT-Spray.pdf
[Exploitation] 2015: "Kernel Data Attack is a Realistic Security Threat"	https://www.eecis.udel.edu/~hnw/paper/kerneldata.pdf
[Exploitation] 2015: "From Collision To Exploitation: Unleashing Use-After-Free Vulnerabilities in Linux Kernel"	http://repository.root-me.org/Exploitation%20-%20Syst%C3%A8me/Unix/EN%20-%20From%20collision%20to%20exploitation%3A%20Unleashing%20Use-After-Free%20vulnerabilities%20in%20Linux%20Kernel.pdf
[Exploitation] 2015: "Modern Binary Exploitation: Linux Kernel Exploitation" by Patrick Biernat	https://web.archive.org/web/20150714005950/http://security.cs.rpi.edu/courses/binexp-spring2015/lectures/23/13_lecture.pdf
[Exploitation] 2013: "Hacking like in the Movies: Visualizing Page Tables for Local Exploitation" at Black Hat	https://www.youtube.com/watch?v=Of6DemoMLaA
[Exploitation] 2013: "Exploiting linux kernel heap corruptions" by Mohamed Channam	http://resources.infosecinstitute.com/exploiting-linux-kernel-heap-corruptions-slub-allocator/
[Exploitation] 2012: "Writing kernel exploits" by Keegan McAllister	https://tc.gtisc.gatech.edu/bss/2014/r/kernel-exploits.pdf
[Exploitation] 2012: "Understanding Linux Kernel Vulnerabilities" by Richard Carback	https://www.csee.umbc.edu/courses/undergraduate/421/Spring12/02/slides/ULKV.pdf
[Exploitation] 2012: "A Heap of Trouble: Breaking the Linux Kernel SLOB Allocator" by Dan Rosenberg	https://www.vsecurity.com//download/papers/slob-exploitation.pdf
[Exploitation] 2012: "Attacking hardened Linux systems with kernel JIT spraying" by Keegan McAllister	https://mainisusuallyafunction.blogspot.ru/2012/11/attacking-hardened-linux-systems-with.html
[Exploitation] 2012: "The Linux kernel memory allocators from an exploitation perspective" by Patroklos Argyroudis	https://argp.github.io/2012/01/03/linux-kernel-heap-exploitation/
[Exploitation] 2012: "The Stack is Back" by Jon Oberheide	https://jon.oberheide.org/files/infiltrate12-thestackisback.pdf
[Exploitation] 2012: "Stackjacking" by Jon Oberheide and Dan Rosenberg	https://www.slideshare.net/scovetta/stackjacking
[Exploitation] 2011: "Stackjacking Your Way to grsec/PaX Bypass" by Jon Oberheide	https://jon.oberheide.org/blog/2011/04/20/stackjacking-your-way-to-grsec-pax-bypass/
[Exploitation] 2010: "Much ado about NULL: Exploiting a kernel NULL dereference"	https://web.archive.org/web/20111104035831/http://blogs.oracle.com/ksplice/entry/much_ado_about_null_exploiting1
[Exploitation] 2010: "Exploiting Stack Overflows in the Linux Kernel" by Jon Oberheide	https://jon.oberheide.org/blog/2010/11/29/exploiting-stack-overflows-in-the-linux-kernel/
[Exploitation] 2010: "Linux Kernel Exploitation: Earning Its Pwnie a Vuln at a Time" by Jon Oberheide at SOURCE Boston	https://jon.oberheide.org/files/source10-linuxkernel-jonoberheide.pdf
[Exploitation] 2009: "There's a party at ring0, and you're invited" by Tavis Ormandy and Julien Tinnes at CanSecWest	https://www.cr0.org/paper/to-jt-party-at-ring0.pdf
[Exploitation] 2007: "Kernel-mode exploits primer" by Sylvester Keil and Clemens Kolbitsch	http://old.iseclab.org/projects/vifuzz/docs/exploit.pdf
[Exploitation] 2007: "Attacking the Core : Kernel Exploiting Notes"	http://phrack.org/archives/issues/64/6.txt
[Exploitation] 2007: "The story of exploiting kmalloc() overflows"	http://www.ouah.org/kmallocstory.html
[Exploitation] 2007: "Linux 2.6 Kernel Exploits" by Stephane Duverger	https://airbus-seclab.github.io/kernsploit/kernel_exploit_syscan07.pdf
[Exploitation] 2005: "Large memory management vulnerabilities" by Gael Delalleau at CanSecWest	https://web.archive.org/web/20191112113912/https://cdn.atraining.ru/docs/memory_vulns_delalleau.pdf
[Exploitation] 2005: "The story of exploiting kmalloc() overflows"	https://argp.github.io/public/kmalloc_exploitation.pdf
[Protection Bypasses] 2026: "Revisiting Two-Shot Kernel Shellcode Execution From Control Flow Hijacking" by Jennifer Miller	https://blog.zolutal.io/two-shot-kernel-shellcode/
[Protection Bypasses] 2025: "Defeating KASLR by Doing Nothing at All" by Seth Jenkins	https://googleprojectzero.blogspot.com/2025/11/defeating-kaslr-by-doing-nothing-at-all.html
[Protection Bypasses] 2025: "The Journey of Bypassing Ubuntu’s Unprivileged Namespace Restriction" by Pumpkin Chang	https://u1f383.github.io/linux/2025/06/26/the-journey-of-bypassing-ubuntus-unprivileged-namespace-restriction.html
[Protection Bypasses] 2025: "Exploring Kernel Address Leakage via WARN()" by Pumpkin Chang	https://u1f383.github.io/linux/2025/06/14/exploring-kernel-address-leakage-via-WARN.html
[Protection Bypasses] 2025: "Three bypasses of Ubuntu's unprivileged user namespace restrictions" by Qualys Research Team	https://www.qualys.com/2025/three-bypasses-of-Ubuntu-unprivileged-user-namespace-restrictions.txt
[Protection Bypasses] 2025: "A hole in FineIBT protection" by Jonathan Corbet	https://lwn.net/Articles/1011680/
[Protection Bypasses] 2024: "SELinux bypasses"	https://klecko.github.io/posts/selinux-bypasses/
[Protection Bypasses] 2024: "Page-Oriented Programming: Subverting Control-Flow Integrity of Commodity Operating System Kernels with Non-Writable Code Pages" by Seunghun Han et al.	https://www.usenix.org/system/files/usenixsecurity24-han-seunghun.pdf
[Protection Bypasses] 2024: "Defects-in-Depth: Analyzing the Integration of Effective Defenses against One-Day Exploits in Android Kernels" by Lukas Maar et al.	https://www.usenix.org/system/files/usenixsecurity24-maar-defects.pdf
[Protection Bypasses] 2024: "Leaking Host KASLR from Guest VMs Using Tagged TLB" by Reno Robert	https://pagedout.institute/download/PagedOut_004_beta1.pdf#page=58
[Protection Bypasses] 2024: "TikTag: Breaking ARM's Memory Tagging Extension with Speculative Execution" by Juhee Kim et al.	https://arxiv.org/pdf/2406.08719
[Protection Bypasses] 2023: "A Closer Look At Freelist Hardening" by Matt Yurkewych	https://drive.google.com/file/d/1FnydWAv86tHMB0iuCHSLqXLWpgCZ02c4/view
[Protection Bypasses] 2023: "Leaky Address Masking: Exploiting Unmasked Spectre Gadgets with Noncanonical Address Translation"	https://download.vusec.net/papers/slam_sp24.pdf
[Protection Bypasses] 2023: "MTE As Implemented, Part 3: The Kernel" by Mark Brand	https://googleprojectzero.blogspot.com/2023/08/mte-as-implemented-part-3-kernel.html
[Protection Bypasses] 2023: "Breaking Hardware-Assisted Kernel Control-Flow Integrity with Page-Oriented Programming" by Seunghun Han	https://i.blackhat.com/BH-US-23/Presentations/US-23-Han-Lost-Control-Breaking-Hardware-Assisted-Kernel.pdf
[Protection Bypasses] 2023: "EPF: Evil Packet Filter" by Di Jin et al.	https://cs.brown.edu/~vpk/papers/epf.atc23.pdf
[Protection Bypasses] 2023: "Bypassing SELinux with init_module" by Sean Pesce	https://seanpesce.blogspot.com/2023/05/bypassing-selinux-with-initmodule.html
[Protection Bypasses] 2023: "Finding Gadgets for CPU Side-Channels with Static Analysis Tools" by Jordy Zomer and Alexandra Sandulescu	https://github.com/google/security-research/tree/master/pocs/cpus/spectre-gadgets
[Protection Bypasses] 2023: "Linux Kernel: Spectre-v1 gadgets" by Jordy Zomer and Alexandra Sandulescu	https://github.com/google/security-research/security/advisories/GHSA-m7j5-797w-vmrh
[Protection Bypasses] 2023: "Linux Kernel: Spectre v2 SMT mitigations problem" by Eduardo Vela	https://github.com/google/security-research/security/advisories/GHSA-mj4w-6495-6crx
[Protection Bypasses] 2022: "A Dirty Little History: Bypassing Spectre Hardware Defenses to Leak Kernel Data"	https://i.blackhat.com/USA-22/Thursday/US-22-Frigo-A-Dirty-Little-History.pdf
[Protection Bypasses] 2022: "Tetragone: A Lesson in Security Fundamentals" by Pawel Wieczorkiewicz and Brad Spengler	https://grsecurity.net/tetragone_a_lesson_in_security_fundamentals
[Protection Bypasses] 2021: "Characterizing, Exploiting, and Detecting DMA Code Injection Vulnerabilities in the Presence of an IOMMU"	https://www.cs.tau.ac.il/~mad/publications/eurosys2021-dma.pdf
[Protection Bypasses] 2021: "A General Approach to Bypassing Many Kernel Protections and its Mitigation" by Yueqi Chen	https://i.blackhat.com/asia-21/Friday-Handouts/as-21-Chen-A-General-Approach-To-Bypassing-Many-Kernel-Protections-And-Its-Mitigation.pdf
[Protection Bypasses] 2021: "Attacking Samsung RKP" by Alexandre Adamski	https://blog.impalabs.com/2111_attacking-samsung-rkp.html
[Protection Bypasses] 2020: "Things not to do when using an IOMMU" by Ilja van Sprundel and Joseph Tartaro	https://www.youtube.com/watch?v=p1HUpSkHcZ0
[Protection Bypasses] 2020: "SELinux RKP misconfiguration on Samsung S20 devices" by Vitaly Nikolenko	https://duasynt.com/blog/samsung-s20-rkp-selinux-disable
[Protection Bypasses] 2020: "TagBleed: Breaking KASLR on the Isolated Kernel Address Space using Tagged TLBs"	https://download.vusec.net/papers/tagbleed_eurosp20.pdf
[Protection Bypasses] 2020: "Weaknesses in Linux Kernel Heap Hardening" by Silvio Cesare	https://blog.infosectcbr.com.au/2020/03/weaknesses-in-linux-kernel-heap.html
[Protection Bypasses] 2020: "An Analysis of Linux Kernel Heap Hardening" by Silvio Cesare	https://blog.infosectcbr.com.au/2020/04/an-analysis-of-linux-kernel-heap.html
[Protection Bypasses] 2020: "PAN: Another day, another broken mitigation" by Siguza	https://siguza.github.io/PAN/
[Protection Bypasses] 2019: "KNOX Kernel Mitigation Bypasses" by Dong-Hoon You at PoC	http://powerofcommunity.net/poc2019/x82.pdf
[Protection Bypasses] 2017: "Lifting the (Hyper) Visor: Bypassing Samsung’s Real-Time Kernel Protection" by Gal Beniamini	https://googleprojectzero.blogspot.com/2017/02/lifting-hyper-visor-bypassing-samsungs.html
[Protection Bypasses] 2016: "Linux Kernel x86-64 bypass SMEP - KASLR - kptr_restric"	https://web.archive.org/web/20171029060939/http://www.blackbunny.io/linux-kernel-x86-64-bypass-smep-kaslr-kptr_restric/
[Protection Bypasses] 2016: "Practical SMEP bypass techniques on Linux" by Vitaly Nikolenko at KIWICON	https://cyseclabs.com/slides/smep_bypass.pdf
[Protection Bypasses] 2016: "Micro architecture attacks on KASLR" by Anders Fogh	https://cyber.wtf/2016/10/25/micro-architecture-attacks-on-kasrl/
[Protection Bypasses] 2016: "Jump Over ASLR: Attacking Branch Predictors to Bypass ASLR" by Dmitry Evtyushkin et al.	http://www.cs.ucr.edu/~nael/pubs/micro16.pdf
[Protection Bypasses] 2016: "Prefetch Side-Channel Attacks: Bypassing SMAP and Kernel ASLR" by Daniel Gruss et al. at CCS	https://www.youtube.com/watch?v=TJTQbs3oJx8
[Protection Bypasses] 2016: "Using Undocumented CPU Behavior to See Into Kernel Mode and Break KASLR in the Process" at Black Hat	https://www.youtube.com/watch?v=T3kmq2NLpH4
[Protection Bypasses] 2016: "Breaking KASLR with Intel TSX" Yeongjin Jang, Sangho Lee and Taesoo Kim at Black Hat	https://www.blackhat.com/docs/us-16/materials/us-16-Jang-Breaking-Kernel-Address-Space-Layout-Randomization-KASLR-With-Intel-TSX.pdf
[Protection Bypasses] 2016: "Breaking KASLR with micro architecture" by Anders Fogh	https://dreamsofastone.blogspot.ru/2016/02/breaking-kasrl-with-micro-architecture.html
[Protection Bypasses] 2015: "Effectively bypassing kptr_restrict on Android" by Gal Beniamini	https://bits-please.blogspot.de/2015/08/effectively-bypassing-kptrrestrict-on.html
[Protection Bypasses] 2014: "ret2dir: Deconstructing Kernel Isolation" by Vasileios P. Kemerlis et al. at Black Hat Europe	https://www.blackhat.com/docs/eu-14/materials/eu-14-Kemerlis-Ret2dir-Deconstructing-Kernel-Isolation-wp.pdf
[Protection Bypasses] 2013: "A Linux Memory Trick" by Dan Rosenberg	http://vulnfactory.org/blog/2013/02/06/a-linux-memory-trick/
[Protection Bypasses] 2011: "SMEP: What is It, and How to Beat It on Linux" by Dan Rosenberg	http://vulnfactory.org/blog/2011/06/05/smep-what-is-it-and-how-to-beat-it-on-linux/
[Protection Bypasses] 2009: "Bypassing Linux' NULL pointer dereference exploit prevention (mmap_min_addr)"	http://blog.cr0.org/2009/06/bypassing-linux-null-pointer.html
[Vulnerabilities] Project Zero bug reports	https://project-zero.issues.chromium.org/issues?q=componentid:1638259%20linux%20kernel
[Vulnerabilities] Google kernelCTF writeups and exploits	https://github.com/google/security-research/tree/master/pocs/linux/kernelctf
[Vulnerabilities] Assorted advisories by Gyorgy Miru and kutyacica	https://labs.taszk.io/blog/
[Info-leaks] 2026: "From KernelSnitch to Practical msg_msg/pipe_buffer Heap KASLR Leaks" by Lukas Maar	https://lukasmaar.github.io/posts/heap-kaslr-leak/index.html
[Info-leaks] 2025: "CVE-2023-26083: Kernel Pointer Leakage in Mali GPU's Timeline Stream Message Buffers"	https://www.8ksec.io/cve-2023-26083-kernel-pointer-leakage-in-mali-gpus-timeline-stream-message-buffers/
[Info-leaks] 2025: "Vulnerabilities in the /proc Component of the CAN BCM Protocol in the Linux kernel" by Anderson Nascimento	https://allelesecurity.com/wp-content/uploads/2025/12/Presentation_307.pdf
[Info-leaks] 2025: "Use-after-free in CAN BCM subsystem leading to information disclosure (CVE-2023-52922)"	https://allelesecurity.com/use-after-free-vulnerability-in-can-bcm-subsystem-leading-to-information-disclosure-cve-2023-52922/
[Info-leaks] 2025: "KernelSnitch: Side-Channel Attacks on Kernel Data Structures" by Lukas Maar et al.	https://lukasmaar.github.io/papers/ndss25-kernelsnitch.pdf
[Info-leaks] 2024: "Linux vDSO & VVAR" by Pumpkin Chang	https://u1f383.github.io/linux/2024/12/11/linux-vdso-and-vvar.html
[Info-leaks] 2024: "CPU Speculation Vulnerabilities And Mitigations in the Linux Kernel" by Pumpkin Chang	https://u1f383.github.io/linux/2024/08/09/cpu-speculation-vulnerabilities-and-mitigations-in-the-linux-kernel.html
[Info-leaks] 2024: "Linux Kernel Meltdown Mitigation Analysis" by Pumpkin Chang	https://u1f383.github.io/linux/2024/08/01/linux-kernel-meltdown-mitigation-analysis.html
[Info-leaks] 2024: "Out of the kernel, into the tokens" by Max Ammann and Emilio Lopez	https://blog.trailofbits.com/2024/03/08/out-of-the-kernel-into-the-tokens/
[Info-leaks] 2023: "The code that wasn’t there: Reading memory on an Android device by accident" by Man Yue Mo	https://github.blog/2023-02-23-the-code-that-wasnt-there-reading-memory-on-an-android-device-by-accident/
[Info-leaks] 2023: "EntryBleed: A Universal KASLR Bypass against KPTI on Linux"	https://dl.acm.org/doi/pdf/10.1145/3623652.3623669
[Info-leaks] 2022: "EntryBleed: Breaking KASLR under KPTI with Prefetch (CVE-2022-4543)"	https://www.willsroot.io/2022/12/entrybleed.html
[Info-leaks] 2022: "Yet another bug into Netfilter" by Arthur Mongodin	https://www.randorisec.fr/yet-another-bug-netfilter/
[Info-leaks] 2022: "The AMD Branch (Mis)predictor: Just Set it and Forget it!" by Pawel Wieczorkiewicz	https://grsecurity.net/amd_branch_mispredictor_just_set_it_and_forget_it
[Info-leaks] 2022: "The AMD Branch (Mis)predictor Part 2: Where No CPU has Gone Before (CVE-2021-26341)" by Pawel Wieczorkiewicz	https://grsecurity.net/amd_branch_mispredictor_part_2_where_no_cpu_has_gone_before
[Info-leaks] 2021: "Samsung S10+/S9 kernel 4.14 (Android 10) Kernel Function Address (.text) and Heap Address Information Leak"	https://ssd-disclosure.com/ssd-advisory-samsung-s10-s9-kernel-4-14-android-10-kernel-function-address-text-and-heap-address-information-leak/
[Info-leaks] 2021: "Linux Kernel /proc/pid/syscall information disclosure vulnerability"	https://talosintelligence.com/vulnerability_reports/TALOS-2020-1211
[Info-leaks] 2021: "Spectre exploits in the "wild""	https://dustri.org/b/spectre-exploits-in-the-wild.html
[Info-leaks] 2021: "VDSO As A Potential KASLR Oracle" by Philip Pettersson and Alex Radocea	https://www.longterm.io/vdso_sidechannel.html
[Info-leaks] 2020: "PLATYPUS: Software-based Power Side-Channel Attacks on x86"	https://platypusattack.com/platypus.pdf
[Info-leaks] 2019: "CVE-2018-3639 / CVE-2019-7308 - Analysis of Spectre Attacking Linux Kernel ebpf"	https://xz.aliyun.com/t/4230
[Info-leaks] 2019: "From IP ID to Device ID and KASLR Bypass (Extended Version)"	https://arxiv.org/pdf/1906.10478.pdf
[Info-leaks] 2018: "Kernel Memory disclosure & CANVAS Part 1 - Spectre: tips & tricks"	https://www.immunityinc.com/downloads/Kernel-Memory-Disclosure-and-Canvas_Part_1.pdf
[Info-leaks] 2018: "Kernel Memory disclosure & CANVAS Part 2 - CVE-2017-18344 analysis & exploitation notes"	https://www.immunityinc.com/downloads/Kernel-Memory-Disclosure-and-Canvas_Part_2.pdf
[Info-leaks] 2018: "CVE-2017-18344: Exploiting an arbitrary-read vulnerability in the Linux kernel timer subsystem" by Andrey Konovalov	https://xairy.io/articles/cve-2017-18344
[Info-leaks] 2017: "Linux kernel 2.6.0 to 4.12-rc4 infoleak due to a data race in ALSA timer" by Alexander Potapenko	http://seclists.org/oss-sec/2017/q2/455
[Info-leaks] 2017: "The Infoleak that (Mostly) Wasn't" by Brad Spengler	https://grsecurity.net/the_infoleak_that_mostly_wasnt.php
[Info-leaks] 2016: "Exploiting a Linux Kernel Infoleak to bypass Linux kASLR"	https://marcograss.github.io/security/linux/2016/01/24/exploiting-infoleak-linux-kaslr-bypass.html
[Info-leaks] 2010: "Linux Kernel pktcdvd Memory Disclosure" by Jon Oberheide	https://jon.oberheide.org/blog/2010/10/23/linux-kernel-pktcdvd-memory-disclosure/
[Info-leaks] 2009: "Linux Kernel x86-64 Register Leak" by Jon Oberheide	https://jon.oberheide.org/blog/2009/10/04/linux-kernel-x86-64-register-leak/
[Info-leaks] 2009: "Linux Kernel getname() Stack Memory Disclosures" by Jon Oberheide	https://jon.oberheide.org/blog/2009/08/29/linux-kernel-getname-stack-memory-disclosures/
[LPE] 2026: "Route of Root: Bring a \"DoS only\" bug to LPE and bypass the existing patch to win $10,500 in kernelCTF"	https://nebusec.ai/research/cve-2026-43501-route-of-root/
[LPE] 2026: "SCTPhantom: An 18-Year-Old SCTP ASCONF Transport Use-After-Free"	https://matrix.tencent.com/en/2026/08/06/sctphantom-CVE-2026-64564
[LPE] [exploit	https://gist.github.com/n4sm/71b5f7792d32aa9d508142f7cac4eae7
[LPE] 2026: "Exploiting Mali GPU via the Dirty Pagetable on a Pixel 7 Pro" by Kuzey Arda Bulut	https://kuzey.rs/posts/MaliDF/
[LPE] 2026: "Linux Bridge STP Timer Use-After-Free"	https://ssd-disclosure.com/linux-bridge-stp-timer-use-after-free/
[LPE] 2026: "RefluXFS: Local Privilege Escalation via XFS reflink direct-I/O race (CVE-2026-64600)" by Qualys Research Team	https://cdn2.qualys.com/advisory/2026/07/22/RefluXFS.txt
[LPE] 2026: "Frag Gap" by qwerty	https://blog.qwerty.or.kr/en/posts/cdf3008a-c1a4-4eca-a373-aa3a2bcf1489/
[LPE] 2026: "A Linux Kernel 0-day Journey - From a limited UAF to Physical Memory R/W" by kiks	https://1day.dev/posts/linux-kernel-0day.html
[LPE] 2026: "I handed the epoll UAF to an agent" by Guy Beck	https://guysrd.github.io/epoll-uaf-agent
[LPE] 2026: IonStack part III: Rooting Android 17 with GhostLock	https://nebusec.ai/research/ionstack-part-3/
[LPE] 2026: IonStack part II: GhostLock, a stack-UAF that has existed in ALL Linux distributions for 15 years	https://nebusec.ai/research/ionstack-part-2/
[LPE] 2026: "Dissecting and Exploiting Linux LPE Variant: DirtyClone (CVE-2026-43503)" by Eddy Tsalolikhin and Or Peles	https://research.jfrog.com/post/dissecting-and-exploiting-linux-lpe-variant-dirtyclone-cve-2026-43503/
[LPE] 2026: "19+ Years Hidden, $80,000+ Rewarded: Reporting a Linux Kernel Zero-Day for Google kernelCTF: CVE-2026-43456" by Yuki Koike and Kota Toda	https://gmo-cybersecurity.com/blog/19-years-hidden-80000-rewarded-reporting-a-linux-kernel-zero-day-for-google-kernelctf/
[LPE] 2026: "PACKET_EDIT_MEME.c (CVE-2026-46331): yet another Page Cache Poisoning Nightmare" by Massimiliano Oldani	https://www.linkedin.com/pulse/packeteditmemec-cve-2026-46331-yet-another-page-cache-oldani-lrxcf/
[LPE] 2026: "IPV6_FRAG_ESCAPE: a unprivileged container / jail escape PoC" by Massimiliano Oldani	https://www.linkedin.com/pulse/ipv6fragescape-unprivileged-container-jail-escape-poc-oldani-xbewf/
[LPE] 2026: "PTRACE_MAY_DREAM: CVE-2026-46333, forgotten too soon, full privesc included" by Massimiliano Oldani	https://www.linkedin.com/pulse/ptracemaydream-cve-2026-46333-forgotten-too-soon-full-oldani-i0ghf/
[LPE] 2026: "Analysis and exploitation of CVE-2022-0995" by Felix	https://cavefxa.com/posts/cve-2022-0995/
[LPE] 2026: "Unprivileged root via a use-after-free in DRM GEM change_handle (CVE-2026-46215)" by Stan Shaw	https://cyberstan.co.uk/drm-lpe-linux/
[LPE] 2026: "Unprivileged root via an out-of-bounds write in the FUSE readdir cache (CVE-2026-31694)" by Stan Shaw	https://cyberstan.co.uk/fuse-readdir-oob/
[LPE] 2026: "Bad Epoll: The bug missed by Mythos" by Jaeyoung Chung	https://github.com/J-jaeyoung/bad-epoll
[LPE] 2026: "Exploiting CVE-2024-1065 via the Page Cache" by Kuzey Arda Bulut	https://kuzey.rs/posts/MaliUAF/
[LPE] 2026: "Off By !: Exploiting a Use-after-Free in the Linux Kernel" by Oliver Sieber	https://blog.exodusintel.com/2026/06/08/off-by-exploiting-a-use-after-free-in-the-linux-kernel/
[LPE] 2026: "CIFSwitch: a non-universal Linux local root vulnerability" by Asim Viladi Oglu Manizada	https://heyitsas.im/posts/cifswitch/
[LPE] 2026: "Copy Fail"	https://copy.fail/
[LPE] 2026: "CVE-2026-31431: Copy Fail" by Jorge Buzeti	https://retr0.zip/blog/cve-2026-31431-copy-fail.html
[LPE] 2026: "Copy Fail: A 4-Byte Page-Cache Write LPE" by Axura	https://4xura.com/binex/kernel/copy-fail/
[LPE] 2026: "AF_ALG page-cache cross-container pivot: Part I" by Massimiliano Oldani	https://www.linkedin.com/pulse/afalg-page-cache-cross-container-pivot-part-i-massimiliano-oldani-jgfyf/
[LPE] 2026: "Copy Fail: From Pod to Host." by Juno Im	https://xint.io/blog/copy-fail-pod-to-host
[LPE] 2026: "Dirty Frag" by Hyunwoo Kim	https://github.com/V4bel/dirtyfrag/blob/master/assets/write-up.md
[LPE] 2026: "copy fail 2: electric boogaloo" by SiCk	https://afflicted.sh/blog/posts/copy-fail-2.html
[LPE] 2026: "Discovery and Disclosure of an RxGK Variant in the Linux Kernel Privilege Escalation Vulnerability Family \"Dirty Frag\""	https://ikotaslabs.com/news/2026-05-11?lang=en
[LPE] 2026: "Load-Bearing Assumptions: the rxrpc case (CVE-2026-43500) and the constraint that was never there" by Massimiliano Oldani	https://www.linkedin.com/pulse/load-bearing-assumptions-rxrpc-case-cve-2026-43500-never-oldani-uzyae/
[LPE] 2026: "Fragnesia" by William Bowling	https://github.com/v12-security/pocs/tree/main/fragnesia
[LPE] 2026: "DirtyCBC: When Linux Kernel Decrypt-Before-MAC Turns Authenticated Encryption Into a Page-Cache Write" by Kamil Leoniak	https://delphoslabs.com/blog/36142374-e1fe-80a9-9456-d3c64df81bd5/%20linux-rxgk-decrypt-mac
[LPE] 2026: "PinTheft" by Aaron Esau	https://github.com/v12-security/pocs/tree/main/pintheft
[LPE] 2026: "From Zero To Root: Attacking Qualcomm DSP Driver" by Xiling Gong	https://www.youtube.com/watch?v=TogmH2HEIKM
[LPE] 2026: "Tile-Based Deferred Rooting: When Your GPU Starts Rendering To Kernel Code Space!" by Xingyu Jin and Martijn Bogaard	https://androidoffsec.withgoogle.com/slides/art_imagination_gpu_offensivecon_2026.pdf
[LPE] 2026: "Privilege Escalation via a Page Use-After-Free in Qualcomm's AI Accelerator Linux Kernel Driver" by Lukas Maar	https://lukasmaar.github.io/posts/qaic-page-uaf/index.html
[LPE] 2026: "Damned OOB" by Mohamed Salem Eddah	https://ze3tar.github.io/post-zcrx.html
[LPE] 2026: "Logic bug in the Linux kernel's __ptrace_may_access() function" by Qualys Research Team	https://cdn2.qualys.com/advisory/2026/05/20/cve-2026-46333-ptrace.txt
[LPE] 2026: "CVE-2026-31419: Use-After-Free in the Linux Bonding Driver" by Moe Acherir	https://mohandacherir.github.io/Qdiv7/posts/cve-2026-31419/
[LPE] 2026: "CVE-2024-0582, or Easy Kernel Exploitation" by Moe Acherir	https://mohandacherir.github.io/Qdiv7/posts/n-day-exploit-cve-2024/
[LPE] 2026: "A 0-Click Exploit Chain For The Pixel 10" by Natalie Silvanovich and Seth Jenkins	https://www.youtube.com/watch?v=jpB_b6KGCoA
[LPE] 2026: "This Android kernel exploit is way too simple" by Billy Ellis	https://www.youtube.com/watch?v=121YAFU_sGg
[LPE] 2026: "Exploring Android ROOT via CVE-2025-21479"	https://medium.com/@numencyberlabs/exploring-android-root-via-cve-2025-21479-eca9fb7ca6e9
[LPE] 2026: "Codex Hacked a Samsung TV"	https://blog.calif.io/p/codex-hacked-a-samsung-tv
[LPE] 2026: "From a Netfilter Bug to kernelCTF: Exploiting CVE-2026-23274 in the Linux Kernel and winning a $10500 Bounty"	https://nebusec.io/blog/cve-2026-23274-cos/
[LPE] 2026: "Reproducing CVE-2026-23111: How one character can change everything"	https://fuzzinglabs.com/repro-cve-2026-23111/
[LPE] 2026: "Assessing Claude Mythos Preview's cybersecurity capabilities"	https://red.anthropic.com/2026/mythos-preview/
[LPE] 2026: "kernel alchemy pt. 1: developing exploit primitives with CVE-2025-20741" by hypr	https://blog.coffinsec.com/0day/2026/04/02/kernel-alchemy-pt1.html
[LPE] 2026: "Out-of-Cancel: A Vulnerability Class Rooted in Workqueue Cancellation APIs"	https://v4bel.github.io/linux/2026/03/23/ooc.html
[LPE] 2026: "Linux Kernel CVE-2022-3910 (h0mbre kCTF bug) LPE"	https://www.slop4u.ai/Linux-Kernel-CVE-2022-3910-LPE/
[LPE] 2026: "CrackArmor: Multiple vulnerabilities in AppArmor" by Qualys Research Team	https://cdn2.qualys.com/advisory/2026/03/10/crack-armor.txt
[LPE] 2026: "PageJack in Action: CVE-2022-0995 exploit" by Jean Vincent	https://blog.quarkslab.com/pagejack-in-action-cve-2022-0995-exploit.html
[LPE] 2026: "A Race Within A Race: Exploiting CVE-2025-38617 in Linux Packet Sockets"	https://blog.calif.io/p/a-race-within-a-race-exploiting-cve
[LPE] 2026: "Linux Kernel net/sched CAKE Qdisc Use-After-Free LPE" by Noamr	https://ssd-disclosure.com/linux-kernel-net-sched-cake-qdisc-use-after-free-lpe/
[LPE] 2026: "A 0-click exploit chain for the Pixel 9 Part 2: Cracking the Sandbox with a Big Wave" by Seth Jenkins	https://projectzero.google/2026/01/pixel-0-click-part-2.html
[LPE] 2026: "Translator/Mali Utgard Hacking"	https://luke-m.xyz/translator
[LPE] 2025: "Walkthrough of an N-day Android GPU driver vulnerability" by Angus	https://www.youtube.com/watch?v=G71dB0C4-dY
[LPE] 2025: "A tale of challenging MTE: Rooting Google Pixel with kernel MTE enabled in one shot" by Yong Wang	https://github.com/ThomasKing2014/slides/blob/master/2025/poc2025.pdf
[LPE] 2025: "CVE-2025-38352 (Part 1) - In-the-wild Android Kernel Vulnerability Analysis + PoC" by Faith	https://faith2dxy.xyz/2025-12-22/cve_2025_38352_analysis/
[LPE] 2025: "CVE-2025-38352 (Part 2) - Extending The Race Window Without a Kernel Patch" by Faith	https://faith2dxy.xyz/2025-12-24/cve_2025_38352_analysis_part_2/
[LPE] 2025: "CVE-2025-38352 (Part 3) - Uncovering Chronomaly" by Faith	https://faith2dxy.xyz/2026-01-03/cve_2025_38352_analysis_part_3/
[LPE] 2025: "Dangling pointers, fragile memory—from an undisclosed vulnerability to Pixel 9 Pro privilege escalation"	https://dawnslab.jd.com/Pixel_9_Pro_EoP/
[LPE] 2025: "Dirty Ptrace: Exploiting Undocumented Behaviors in Kernel mmap Handlers" by Xingyu Jin and Martijn Bogaard	https://powerofcommunity.net/2025/slide/x-84592.pdf
[LPE] 2025: "Déjà Vu in Linux io_uring: Breaking Memory Sharing Again After Generations of Fixes" by Pumpkin Chang	https://u1f383.github.io/slides/talks/2025_Hexacon-Deja_Vu_in_Linux_io_uring_Breaking_Memory_Sharing_Again_After_Generations_of_Fixes.pdf
[LPE] 2025: "CUDA de Grâce" by Valentina Palmiotti and Samuel Lovejoy	https://docs.google.com/presentation/d/1FgfURpMyHhnflGWtxeq8ClPPaB5ZDCzT/edit?usp=sharing
[LPE] 2025: "An RbTree Family Drama: Exploiting a Linux Kernel 0-day Through Red-Black Tree Transformations" by Savino Dicanosa and William Liu	https://storage.googleapis.com/static.cor.team/assets/rbtree_family_drama_hexacon_2025.pdf
[LPE] 2025: "Race Condition Symphony: From Tiny Idea to Pwnie" by Hyunwoo Kim and Wongi Lee	https://powerofcommunity.net/2025/slide/h-3938a.pdf
[LPE] 2025: "Exploiting CVE-2025-21479 on a Samsung S23" by XploitBengineer	https://xploitbengineer.github.io/CVE-2025-21479
[LPE] 2025: "LPE via refcount imbalance in the af_unix of Ubuntu's Kernel" by kylebot	https://ssd-disclosure.com/lpe-via-refcount-imbalance-in-the-af_unix-of-ubuntus-kernel/
[LPE] 2025: "Cracking the Pixel 8: Exploiting the Undocumented DSP to Bypass MTE" by Pan Zhenpeng and Jheng Bing Jhong	https://hitcon.org/2025/slides/b7635c13-282e-4673-8297-43ed3550b3d3.pdf
[LPE] 2025: "DirtyPipe-CVE-2022-0847" by Abdul Qadir	https://0xnull007.github.io/posts/dirtypipe-cve-2022-0847
[LPE] 2025: "Oops! It's a kernel stack use-after-free: Exploiting NVIDIA's GPU Linux drivers" by Robin Bastide	https://blog.quarkslab.com/nvidia_gpu_kernel_vmalloc_exploit.html
[LPE] 2025: "ksmbd - Exploiting CVE-2025-37947" by Norbert Szetei	https://blog.doyensec.com/2025/10/08/ksmbd-3.html
[LPE] 2025: "Analysing a 1-day Vulnerability in the Linux Kernel's TLS Subsystem" by Faith	https://faith2dxy.xyz/2025-10-02/kCTF-TLS-nday-analysis/
[LPE] 2025: "Analyze Linux Kernel 1-day 0aeb54ac" by Pumpkin Chang	https://u1f383.github.io/linux/2025/10/03/analyze-linux-kernel-1-day-0aeb54ac.html
[LPE] 2025: "Kernel-hack-drill and a new approach to exploiting CVE-2024-50264 in the Linux kernel" by Alexander Popov	https://a13xp0p0v.github.io/2025/09/02/kernel-hack-drill-and-CVE-2024-50264.html
[LPE] 2025: "A Walk Through Android Physical Memory: CVE-2025-21479 Privilege Escalation"	https://dawnslab.jd.com/android_gpu_attack_cve_2025_21479/
[LPE] 2025: "netfilter: ipset: Missing Range Check LPE"	https://ssd-disclosure.com/linux-kernel-netfilter-ipset-missing-range-check-lpe/
[LPE] 2025: "From Chrome renderer code exec to kernel with MSG_OOB" by Jann Horn	https://googleprojectzero.blogspot.com/2025/08/from-chrome-renderer-code-exec-to-kernel.html
[LPE] 2025: "Linux Kernel Pipapo Set Double Free LPE" by Slavin and Le Premier Homme	https://ssd-disclosure.com/ssd-advisory-linux-kernel-pipapo-set-double-free-lpe/
[LPE] 2025: "The tragedy of Netfilter Tunnel: CVE-2025-22056"	https://dawnslab.jd.com/CVE-2025-22056/
[LPE] 2025: "Solo: A Pixel 6 Pro Story (When one bug is all you need)" by Lin Ze Wei	https://starlabs.sg/blog/2025/06-solo-a-pixel-6-pro-story-when-one-bug-is-all-you-need/
[LPE] 2025: "Bypassing MTE with CVE-2025-0072" by Man Yue Mo	https://github.blog/security/vulnerability-research/bypassing-mte-with-cve-2025-0072/
[LPE] 2025: "Skin in the Game: Survival of GPU IOMMU Irregular Damage" by Fish and Ling Hanqin	https://www.youtube.com/watch?v=e4t_xYPOq9w
[LPE] 2025: "Linux Kernel Exploitation: CVE-2025-21756: Attack of the Vsock" by Michael Hoefler	https://hoefler.dev/articles/vsock.html
[LPE] 2025: "CVE-2025-21692 nday writeup" by volticks	https://volticks.github.io/CVE-2025-21692-nday-writeup/
[LPE] 2025: "Exploiting CVE-2024-0582 via the Dirty Pagetable Method" by Kuzey Arda Bulut	https://kuzey.rs/posts/Dirty_Page_Table/
[LPE] 2025: "Kernel-Hack-Drill: Environment For Developing Linux Kernel Exploits" by Alexander Popov	https://a13xp0p0v.github.io/img/Alexander_Popov-Kernel_Hack_Drill-Zer0Con.pdf
[LPE] 2025: "Linux kernel hfsplus slab-out-of-bounds Write" by Attila Szasz	https://ssd-disclosure.com/ssd-advisory-linux-kernel-hfsplus-slab-out-of-bounds-write/
[LPE] 2025: "CVE-2024-53141: an OOB Write Vulnerability in Netfiler Ipset" by Pumpkin Chang	https://u1f383.github.io/linux/2025/01/07/cve-2024-53141-an-oob-write-vulnerability-in-netfilter-ipset.html
[LPE] 2025: "Patch-Gapping the Google Container-Optimized OS for $0" by h0mbre	https://h0mbre.github.io/Patch_Gapping_Google_COS/
[LPE] 2025: "Mali-cious Intent: Exploiting GPU Vulnerabilities (CVE-2022-22706 / CVE-2021-39793)" by Ng Zhi Yang	https://starlabs.sg/blog/2025/12-mali-cious-intent-exploiting-gpu-vulnerabilities-cve-2022-22706/
[LPE] 2025: "Introduction to Android GPU Vulnerability Attack and Defense"	https://dawnslab.jd.com/android_gpu_attack_defence_introduction/
[LPE] 2024: "The Qualcomm DSP Driver - Unexpectedly Excavating an Exploit" by Seth Jenkins	https://googleprojectzero.blogspot.com/2024/12/qualcomm-dsp-driver-unexpectedly-excavating-exploit.html
[LPE] 2024: "OtterRoot: Netfilter Universal Root 1-day" by Pedro Pinto	https://osec.io/blog/2024-11-25-netfilter-universal-root-1-day
[LPE] 2024: "How I use a novel approach to exploit a limited OOB on Ubuntu at Pwn2Own Vancouver 2024" by Pumpkin Chang	https://u1f383.github.io/slides/talks/2024_POC-How_I_use_a_novel_approach_to_exploit_a_limited_OOB_on_Ubuntu_at_Pwn2Own_Vancouver_2024.pdf
[LPE] 2024: "GPUAF - Two ways of Rooting All Qualcomm based Android phones" by Pan Zhenpeng and Jheng Bing Jhong	https://powerofcommunity.net/poc2024/Pan%20Zhenpeng%20&%20Jheng%20Bing%20Jhong,%20GPUAF%20-%20Two%20ways%20of%20rooting%20All%20Qualcomm%20based%20Android%20phones.pdf
[LPE] 2024: "Breaking through the cage: Get Android universal root by B-PUAF" by Lu Yutao and Ling Hanqin	https://powerofcommunity.net/assets/v0/poc2024/Hanqin%20Ling%20&%20Yutao%20Lu,%20Breaking%20through%20the%20cage%20-%20Get%20Android%20Universal%20Root%20by%20B-PUAF.pdf
[LPE] 2024: "Unleashing a 0day: Pivoting Capabilities and Conquering the Linux Kernel" by Pedro Pinto	https://www.figma.com/deck/GyXCgKKy6rMuY7NVZtInjY/Unleadhing-a-Oday---Osec?node-id=13-225
[LPE] 2024: "Utilizing Cross-CPU Allocation to Exploit Preempt-Disabled Linux Kernel" by Mingi Cho and Wongi Lee	https://www.hexacon.fr/slides/Cho_Lee-Utilizing_Cross-CPU_Allocation_to_Exploit_Preempt-Disabled_Linux_Kernel.pdf
[LPE] 2024: "1day vuln dev: DirtyCOW"	https://www.youtube.com/watch?v=lQOiH-43zOc
[LPE] 2024: "Race conditions in Linux Kernel perf events"	https://binarygecko.com/blog/race-conditions-in-linux-kernel-perf-events/
[LPE] 2024: "CVE-2020-27786 (Race Condition + Use-After-Free)" by ii4gsp	https://ii4gsp.github.io/cve-2020-27786/
[LPE] 2024: "GPUAF Using a general GPU exploit tech to attack Pixel8" by Pan Zhenpeng and Jheng Bing Jhong	https://github.com/star-sg/OBO/blob/main/2024/Day%201/GPUAF%20-%20Using%20a%20general%20GPU%20exploit%20tech%20to%20attack%20Pixel8.pdf
[LPE] 2024: "Linux Kernel taprio OOB"	https://ssd-disclosure.com/ssd-advisory-linux-kernel-taprio-oob/
[LPE] 2024: "CVE-2022-22265 Samsung npu driver" by Javier P Rufo	https://soez.github.io/posts/CVE-2022-22265-Samsung-npu-driver/
[LPE] 2024: "The Way to Android Root: Exploiting Your GPU On Smartphone" by Xiling Gong et al.	https://i.blackhat.com/BH-US-24/Presentations/REVISED02-US24-Gong-The-Way-to-Android-Root-Wednesday.pdf
[LPE] 2024: "Clash, Burn, and Exploit: Manipulate Filters to Pwn kernelCTF" by HexRabbit	https://media.defcon.org/DEF%20CON%2032/DEF%20CON%2032%20presentations/DEF%20CON%2032%20-%20HexRabbit%20Chen%20-%20Clash%2C%20Burn%2C%20and%20Exploit%20-%20Manipulate%20Filters%20to%20Pwn%20kernelCTF.pdf
[LPE] 2024: "A deep dive into CVE-2023-2163: How we found and fixed an eBPF Linux Kernel Vulnerability" by Juan Jose Lopez Jaimez and Meador Inge	https://bughunters.google.com/blog/6303226026131456/a-deep-dive-into-cve-2023-2163-how-we-found-and-fixed-an-ebpf-linux-kernel-vulnerability
[LPE] 2024: "Vulnerability in the eBPF verifier register limit tracking" by Juan Jose Lopez Jaimez	https://github.com/google/security-research/security/advisories/GHSA-hfqc-63c7-rj9f
[LPE] 2024: "Android Binder Attack Matrix" by Utkarsh	https://utkarshcodes.medium.com/android-binder-attack-matrix-introduction-450d31d1d951
[LPE] [part 2	https://utkarshcodes.medium.com/android-binder-attack-matrix-cve-2023-20938-cve-2023-21255-uaf-details-article-1-4cc2eb3919f9
[LPE] [part 3	https://utkarshcodes.medium.com/android-binder-attack-matrix-exploitation-of-cve-2023-20938-article-2-6215160e3373
[LPE] [part 4	https://utkarshcodes.medium.com/android-binder-attack-matrix-fuzzing-binder-with-linux-kernel-library-lkl-article-3-62e931161eb5
[LPE] [part 5	https://utkarshcodes.medium.com/android-binder-attack-matrix-results-conclusion-d7143057408f
[LPE] 2024: "Driving forward in Android drivers" by Seth Jenkins	https://googleprojectzero.blogspot.com/2024/06/driving-forward-in-android-drivers.html
[LPE] 2024: "Attacking Android Binder: Analysis and Exploitation of CVE-2023-20938" by Eugene Rodionov et al.	https://androidoffsec.withgoogle.com/posts/attacking-android-binder-analysis-and-exploitation-of-cve-2023-20938/
[LPE] 2024: "How to Fuzz Your Way to Android Universal Root: Attacking Android Binder" by Eugene Rodionov and Zi Fan Tan	https://androidoffsec.withgoogle.com/posts/attacking-android-binder-analysis-and-exploitation-of-cve-2023-20938/offensivecon_24_binder.pdf
[LPE] 2024: "Linux Kernel nft_validate_register_store Integer Overflow Privilege Escalation"	https://ssd-disclosure.com/ssd-advisory-linux-kernel-nft_validate_register_store-integer-overflow-privilege-escalation/
[LPE] 2024: "Game of Cross Cache: Let's win it in a more effective way!" by Le Wu	https://i.blackhat.com/Asia-24/Presentations/Asia-24-Wu-Game-of-Cross-Cache.pdf
[LPE] 2024: "LinkDoor: A Hidden Attack Surface in the Android Netlink Kernel Modules" by Chao Ma et al.	https://i.blackhat.com/Asia-24/Presentations/Asia-24-Ma-LinkDoor-A-Hidden-Attack.pdf
[LPE] 2024: "Flipping Pages: An analysis of a new Linux vulnerability in nf_tables and hardened exploitation techniques" by notselwyn	https://pwning.tech/nftables/
[LPE] 2024: "64 bytes and a ROP chain – A journey through nftables" by Davide Ornaghi	https://betrusted.it/blog/64-bytes-and-a-rop-chain-part-1/
[LPE] 2024: "Mind the Patch Gap: Exploiting an io_uring Vulnerability in Ubuntu" by Oriol Castejon	https://blog.exodusintel.com/2024/03/27/mind-the-patch-gap-exploiting-an-io_uring-vulnerability-in-ubuntu/
[LPE] 2024: "CVE-2022-2586 Writeup"	https://jmpeax.dev/CVE-2022-2586-writeup.html
[LPE] 2024: "n_gsm_exploit"	https://github.com/fff-vr/n_gsm_exploit
[LPE] 2024: "The tale of a GSM Kernel LPE"	https://jmpeax.dev/The-tale-of-a-GSM-Kernel-LPE.html
[LPE] 2024: "Gaining kernel code execution on an MTE-enabled Pixel 8" by Man Yue Mo	https://github.blog/2024-03-18-gaining-kernel-code-execution-on-an-mte-enabled-pixel-8/
[LPE] 2024: "Mali GPU Kernel LPE: Android 14 kernel exploit for Pixel7/8 Pro" by Mohamed Ghannam	https://github.com/0x36/Pixel_GPU_Exploit
[LPE] 2024: "CVE-2023-5178: exploiting Linux kernel NVMe-oF-TCP driver on Ubuntu 23.10" by rockrid3r	https://rockrid3r.github.io/2024/02/07/CVE-2023-5178.html
[LPE] 2023: "Exploiting null-derefs" by Seth Jenkins	https://powerofcommunity.net/assets/v0/poc2023/SethJenkins.pdf
[LPE] 2023: "Linux Kernel GSM Multiplexing Race Condition Local Privilege Escalation Vulnerability (CVE-2023-6546)" by Nassim Asrir	https://github.com/Nassim-Asrir/ZDI-24-020/
[LPE] 2023: "CVE-2022-27666: My file your memory" by Erin Avllazagaj	https://albocoder.github.io/exploit/2023/03/13/KernelFileExploit.html
[LPE] 2023: "Conquering the memory through io_uring - Analysis of CVE-2023-2598"	https://anatomic.rip/cve-2023-2598/
[LPE] 2023: "Conquering a Use-After-Free in nf_tables: Detailed Analysis and Exploitation of CVE-2022-32250" by Yordan Stoychev	https://anatomic.rip/cve-2022-32250/
[LPE] 2023: "One shot, Triple kill: Pwning all three Google kernelCTF instances with a single 1-day Linux vulnerability"	https://kaist-hacking.github.io/pubs/2023/kim:kernel-ctf-slides.pdf
[LPE] 2023: "Exploiting a bug in the Linux kernel with Zig" by Richard Palethorpe	https://richiejp.com/linux-kernel-exploit-tls_context-uaf
[LPE] 2023: "Escaping the Google kCTF Container with a Data-Only Exploit" by h0mbre	https://h0mbre.github.io/kCTF_Data_Only_Exploit/
[LPE] 2023: "Analyzing a Modern In-the-wild Android Exploit" by Seth Jenkins	https://googleprojectzero.blogspot.com/2023/09/analyzing-modern-in-wild-android-exploit.html
[LPE] 2023: "Old bug, shallow bug: Exploiting Ubuntu at Pwn2Own Vancouver 2023" by Tanguy Dubroca	https://www.synacktiv.com/publications/old-bug-shallow-bug-exploiting-ubuntu-at-pwn2own-vancouver-2023
[LPE] 2023: "Linux Kernel Exploit (CVE-2022-32250) with mqueue"	https://blog.theori.io/linux-kernel-exploit-cve-2022-32250-with-mqueue-a8468f32aab5
[LPE] 2023: "Bad io_uring: A New Era of Rooting for Android" by Zhenpeng Lin	https://i.blackhat.com/BH-US-23/Presentations/US-23-Lin-bad_io_uring.pdf
[LPE] 2023: "CVE-2023-3389 - LinkedPoll" by Querijn Voet	https://qyn.app/posts/CVE-2023-3389/
[LPE] 2023: "GameOver(lay): Easy-to-exploit local privilege escalation vulnerabilities in Ubuntu Linux" by Sagi Tzadik and Shir Tamari	https://www.wiz.io/blog/ubuntu-overlayfs-vulnerability
[LPE] 2023: "StackRot (CVE-2023-3269): Linux kernel privilege escalation vulnerability" by Ruihan Li	https://github.com/lrh2000/StackRot
[LPE] 2023: "No CVE for this. It has never been in the official kernel"	https://soez.github.io/posts/no-cve-for-this.-It-has-never-been-in-the-official-kernel/
[LPE] 2023: "CVE-2020-27786 exploitation userfaultfd + patching file struct etc passwd"	https://soez.github.io/posts/CVE-2020-27786-exploitation-userfaultfd-+-patching-file-struct-etc-passwd/
[LPE] 2023: "Breaking the Code - Exploiting and Examining CVE-2023-1829 in cls_tcindex Classifier Vulnerability" by Vu Thi Lan	https://starlabs.sg/blog/2023/06-breaking-the-code-exploiting-and-examining-cve-2023-1829-in-cls_tcindex-classifier-vulnerability/
[LPE] 2023: "CVE-2023-2008 - Analyzing and exploiting a bug in the udmabuf driver"	https://labs.bluefrostsecurity.de/blog/cve-2023-2008.html
[LPE] 2023: "Rooting with root cause: finding a variant of a Project Zero bug" by Man Yue Mo	https://github.blog/2023-05-25-rooting-with-root-cause-finding-a-variant-of-a-project-zero-bug/
[LPE] 2023: "Racing Against the Lock: Exploiting Spinlock UAF in the Android Kernel" by Moshe Kol	https://0xkol.github.io/assets/files/Racing_Against_the_Lock__Exploiting_Spinlock_UAF_in_the_Android_Kernel.pdf
[LPE] 2023: "Two bugs with one PoC: Roo2ng Pixel 6 from Android 12 to Android 1" by Yong Wang	https://i.blackhat.com/Asia-23/AS-23-WANG-Two-bugs-with-one-PoC-Rooting-Pixel-6-from-Android-12-to-Android-13.pdf
[LPE] 2023: "The OverlayFS vulnerability CVE-2023-0386: Overview, detection, and remediation"	https://securitylabs.datadoghq.com/articles/overlayfs-cve-2023-0386/
[LPE] 2023: "Pwning Pixel 6 with a leftover patch" by Man Yue Mo	https://github.blog/2023-04-06-pwning-pixel-6-with-a-leftover-patch/
[LPE] 2023: "Revisiting CVE-2017-11176" by Nils Ole Timm	https://labs.bluefrostsecurity.de/revisiting-cve-2017-11176
[LPE] 2023: "Rooting the FiiO M6" by Jack Maginnes	https://stigward.github.io/posts/fiio-m6-kernel-bug/
[LPE] 2023: "Exploiting CVE-2021-3490 for Container Escapes" by Karsten Kyonig	https://www.crowdstrike.com/blog/exploiting-cve-2021-3490-for-container-escapes/
[LPE] 2023: "Pwning the all Google phone with a non-Google bug"	https://github.blog/2023-01-23-pwning-the-all-google-phone-with-a-non-google-bug/
[LPE] 2023: "CVE-2023-0386 analysis and exploitation" by chenaotian	https://github.com/chenaotian/CVE-2023-0386
[LPE] 2022: "Escaping containers using the Dirty Pipe vulnerability" by Eric Mountain et al.	https://securitylabs.datadoghq.com/articles/dirty-pipe-container-escape-poc/
[LPE] 2022: "How we use Dirty Pipe to get reverse root shell on Android Emulator and Pixel 6" by LiN and YingMuo	https://hitcon.org/2022/slides/How%20we%20use%20Dirty%20Pipe%20to%20get%20reverse%20root%20shell%20on%20Android%20Emulator%20and%20Pixel%206.pdf
[LPE] 2022: "Linux kernel io_uring module pbuf_ring vulnerability and privilege escalation 0day"	https://dawnslab.jd.com/linux-5.19-rc2_pbuf_ring_0day/
[LPE] 2022: "CVE-2022-1015: A validation flaw in Netfilter leading to Local Privilege Escalation" by Yordan Stoychev	https://anatomic.rip/cve-2022-1015/
[LPE] 2022: "CVE-2022-22265: Samsung NPU device driver double free in Android" by Xingyu Jin	https://googleprojectzero.github.io/0days-in-the-wild/0day-RCAs/2022/CVE-2022-22265.html
[LPE] 2022: "Linux Kernel: Exploiting a Netfilter Use-after-Free in kmalloc-cg" by Sergi Martinez	https://blog.exodusintel.com/2022/12/19/linux-kernel-exploiting-a-netfilter-use-after-free-in-kmalloc-cg/
[LPE] 2022: "Exploiting CVE-2022-42703 - Bringing back the stack attack" by Seth Jenkins	https://googleprojectzero.blogspot.com/2022/12/exploiting-CVE-2022-42703-bringing-back-the-stack-attack.html
[LPE] 2022: "CVE-2022-2602: DirtyCred File Exploitation applied on an io_uring UAF"	https://1day.dev/notes/CVE-2022-2602-DirtyCred-File-Exploitation-applied-on-an-io_uring-UAF/
[LPE] 2022: "DirtyCred Remastered: how to turn an UAF into Privilege Escalation"	https://exploiter.dev/blog/2022/CVE-2022-2602.html
[LPE] 2022: "Exploiting cross table object reference in Linux Netfilter table (NFT) module"	https://docs.google.com/presentation/d/1qcPPz9E_X3z5h_E-Cc7Qmy1ppP4hWjFZQCQ5ZCb9hw8/edit?usp=sharing
[LPE] 2022: "Linux Kernel n-day exploit development"	https://1day.dev/notes/Linux-Kernel-n-day-exploit-development/
[LPE] 2022: "Linux Kernel Exploit Development: 1day case study" by Alessandro Groppo	https://blog.hacktivesecurity.com/index.php/2022/06/13/linux-kernel-exploit-development-1day-case-study/
[LPE] 2022: "A Very Powerful Clipboard: Analysis of a Samsung in-the-wild exploit chain" by Maddie Stone	https://googleprojectzero.blogspot.com/2022/11/a-very-powerful-clipboard-samsung-in-the-wild-exploit-chain.html
[LPE] 2022: "Attacking the Android kernel using the Qualcomm TrustZone" by Tamir Zahavi-Brunner	https://tamirzb.com/attacking-android-kernel-using-qualcomm-trustzone
[LPE] 2022: "SETTLERS OF NETLINK: Exploiting a limited UAF in nf_tables (CVE-2022-32250)"	https://research.nccgroup.com/2022/09/01/settlers-of-netlink-exploiting-a-limited-uaf-in-nf_tables-cve-2022-32250/
[LPE] 2022: "Linux Kernel Exploit (CVE-2022-32250) with mqueue"	https://blog.theori.io/research/CVE-2022-32250-linux-kernel-lpe-2022/
[LPE] 2022: "N-day exploit for CVE-2022-2586: Linux kernel nft_object UAF" by Alejandro Guerrero	https://www.openwall.com/lists/oss-security/2022/08/29/5
[LPE] 2022: "Monitoring Surveillance Vendors: A Deep Dive into In-the-Wild Android Full Chains in 2021"	https://i.blackhat.com/USA-22/Wednesday/US-22-Jin-Monitoring-Surveillance-Vendors.pdf
[LPE] 2022: "CVE-2022-29582: An io_uring vulnerability" by Awarau and David Bouman	https://ruia-ruia.github.io/2022/08/05/CVE-2022-29582-io-uring/
[LPE] 2022: "Corrupting memory without memory corruption" by Man Yue Mo	https://github.blog/2022-07-27-corrupting-memory-without-memory-corruption/
[LPE] [exploit	https://github.com/randorisec/CVE-2022-34918-LPE-PoC
[LPE] 2022: "CVE-2022-34918: netfilter analysis notes"	https://veritas501.github.io/2022_08_02-CVE-2022-34918%20netfilter%20%E5%88%86%E6%9E%90%E7%AC%94%E8%AE%B0/
[LPE] 2022: "Practice of USMA-based Kernel Universal EXP Writing Ideas on CVE-2022-34918"	https://veritas501.github.io/2022_08_11_%E5%9F%BA%E4%BA%8EUSMA%E7%9A%84%E5%86%85%E6%A0%B8%E9%80%9A%E7%94%A8EXP%E7%BC%96%E5%86%99%E6%80%9D%E8%B7%AF%E5%9C%A8%20CVE-2022-34918%20%E4%B8%8A%E7%9A%84%E5%AE%9E%E8%B7%B5/
[LPE] 2022: "The Android kernel mitigations obstacle race" by Man Yue Mo	https://github.blog/2022-06-16-the-android-kernel-mitigations-obstacle-race/
[LPE] 2022: "io_uring - new code, new bugs, and a new exploit technique" by Lam Jun Rong	https://starlabs.sg/blog/2022/06/io_uring-new-code-new-bugs-and-a-new-exploit-technique/
[LPE] 2022: "Exploration of the Dirty Pipe Vulnerability (CVE-2022-0847)" by lolcads	https://lolcads.github.io/posts/2022/06/dirty_pipe_cve_2022_0847/
[LPE] 2022: "DirtyPipe-Android/TECHNICAL-DETAILS.md" by polygraphene	https://github.com/polygraphene/DirtyPipe-Android/blob/master/TECHNICAL-DETAILS.md
[LPE] 2022: "Weaponizing dirtypipe on android" by Giovanni Rocca	https://docs.google.com/presentation/d/1Tq00gy1GtiK0OvNYOy_kCz0er9ZECBXGoy5Lfy5MD3M/edit?usp=sharing
[LPE] 2022: "How The Tables Have Turned: An analysis of two new Linux vulnerabilities in nf_tables" by David Bouman	https://blog.dbouman.nl/2022/04/02/How-The-Tables-Have-Turned-CVE-2022-1015-1016/
[LPE] 2022: "The Discovery and Exploitation of CVE-2022-25636" by Nick Gregory	https://nickgregory.me/linux/security/2022/03/12/cve-2022-25636/
[LPE] 2022: "CVE-2022-27666: Exploit esp6 modules in Linux kernel" by ETenal	https://etenal.me/archives/1825
[LPE] 2022: "Put an io_uring on it: Exploiting the Linux Kernel" by Valentina Palmiotti	https://www.graplsecurity.com/post/iou-ring-exploiting-the-linux-kernel
[LPE] 2022: "The Dirty Pipe Vulnerability" by Max Kellermann	https://dirtypipe.cm4all.com/
[LPE] 2022: "CVE-2022-0185 - Winning a $31337 Bounty after Pwning Ubuntu and Escaping Google's KCTF Containers"	https://www.willsroot.io/2022/01/cve-2022-0185.html
[LPE] 2022: "CVE-2022-0185: Linux kernel slab out-of-bounds write: exploit and writeup" by Alejandro Guerrero	https://www.openwall.com/lists/oss-security/2022/01/25/14
[LPE] 2022: "CVE-2022-0185: A Case Study"	https://www.hackthebox.com/blog/CVE-2022-0185:_A_case_study
[LPE] 2022: "CVE-2022-0185: Analysis and utilization and thinking and practice of new primitives for pipe"	https://veritas501.github.io/2022_03_16-CVE_2022_0185%E5%88%86%E6%9E%90%E5%8F%8A%E5%88%A9%E7%94%A8%E4%B8%8Epipe%E6%96%B0%E5%8E%9F%E8%AF%AD%E6%80%9D%E8%80%83%E4%B8%8E%E5%AE%9E%E8%B7%B5/#%E7%9C%9F%E2%80%A2%E6%AD%A3%E6%96%87-%E6%96%B0%E5%9E%8B%E5%88%A9%E7%94%A8%E5%8E%9F%E8%AF%AD-pipe
[LPE] 2022: "Linux kernel Use-After-Free (CVE-2021-23134) PoC"	https://web.archive.org/web/20220616193522/https://ruia-ruia.github.io/NFC-UAF/
[LPE] 2022: "Exploiting CVE-2021-26708 (Linux kernel) with ssh"	https://hardenedvault.net/2022/03/01/poc-cve-2021-26708.html
[LPE] 2022: "exploiting CVE-2019-2215" by cutesmilee	https://cutesmilee.github.io/kernel/linux/android/2022/02/17/cve-2019-2215_writeup.html
[LPE] 2022: "Linux Kernel PWN | 02 CVE-2009-1897"	https://blog.wohin.me/posts/linux-kernel-pwn-02/
[LPE] 2021: "Typhoon Mangkhut: One-click Remote Universal Root Formed with Two Vulnerabilities"	https://i.blackhat.com/USA21/Wednesday-Handouts/us-21-Typhoon-Mangkhut-One-Click-Remote-Universal-Root-Formed-With-Two-Vulnerabilities.pdf
[LPE] 2021: "Analysis and Exploitation of CVE-2021-28664 for Android Privilege Escalation" by Bernard Lampe	https://www.bernardlampe.com/pub/Grayshift-CVE-2021-28664.pdf
[LPE] 2021: "Your Trash Kernel Bug, My Precious 0-day" by Zhenpeng Lin	https://zplin.me/talks/BHEU21_trash_kernel_bug.pdf
[LPE] 2021: "PWN2OWN Local Escalation of Privilege Category, Ubuntu Desktop Exploit"	https://flatt.tech/assets/reports/210401_pwn2own/whitepaper.pdf
[LPE] 2021: "Reversing and Exploiting Samsung's NPU" by Maxime Peterlin	https://blog.impalabs.com/2103_reversing-samsung-npu.html
[LPE] 2021: "Fall of the machines: Exploiting the Qualcomm NPU (neural processing unit) kernel driver" by Man Yue Mo	https://securitylab.github.com/research/qualcomm_npu/
[LPE] 2021: "Exploiting CVE-2021-43267" by Blasty	https://haxx.in/posts/pwning-tipc/
[LPE] 2021: "How a simple Linux kernel memory corruption bug can lead to complete system compromise" by Jann Horn	https://googleprojectzero.blogspot.com/2021/10/how-simple-linux-kernel-memory.html
[LPE] 2021: "SuDump: Exploiting suid binaries through the kernel" by Itai Greenhut	https://alephsecurity.com/2021/10/20/sudump/
[LPE] 2021: "CVE-2021-34866 Writeup" by HexRabbit	https://blog.hexrabbit.io/2021/11/03/CVE-2021-34866-writeup/
[LPE] 2021: "Kernel Pwning with eBPF: a Love Story" by Valentina Palmiotti	https://www.graplsecurity.com/post/kernel-pwning-with-ebpf-a-love-story
[LPE] 2021: "The Art of Exploiting UAF by Ret2bpf in Android Kernel" by Xingyu Jin and Richard Neal	https://i.blackhat.com/EU-21/Wednesday/EU-21-Jin-The-Art-of-Exploiting-UAF-by-Ret2bpf-in-Android-Kernel-wp.pdf
[LPE] 2021: "Internal of the Android kernel backdoor vulnerability"	https://vul.360.net/archives/263
[LPE] 2021: "Escape from chrome sandbox to root"	https://vul.360.net/archives/217
[LPE] 2021: "CVE-2017-11176" by Maher Azzouzi	https://github.com/MaherAzzouzi/LinuxKernelStudy/tree/main/CVE-2017-11176
[LPE] 2021: "Sequoia: A deep root in Linux's filesystem layer (CVE-2021-33909)" by Qualys Research Team	https://www.qualys.com/2021/07/20/cve-2021-33909/sequoia-local-privilege-escalation-linux.txt
[LPE] 2021: "CVE-2021-22555: Turning \x00\x00 into 10000$" by Andy Nguyen	https://google.github.io/security-research/pocs/linux/cve-2021-22555/writeup.html
[LPE] 2021: "Exploitation of a double free vulnerability in Ubuntu shiftfs driver (CVE-2021-3492)" by Vincent Dehors	https://www.synacktiv.com/publications/exploitation-of-a-double-free-vulnerability-in-ubuntu-shiftfs-driver-cve-2021-3492.html
[LPE] 2021: "CVE-2021-20226 a reference counting bug which leads to local privilege escalation in io_uring"	https://flattsecurity.medium.com/cve-2021-20226-a-reference-counting-bug-which-leads-to-local-privilege-escalation-in-io-uring-e946bd69177a
[LPE] 2021: "CVE-2021-32606: CAN ISOTP local privilege escalation"	https://github.com/nrb547/kernel-exploitation/blob/main/cve-2021-32606/cve-2021-32606.md
[LPE] 2021: "CVE-2021-3609: CAN BCM local privilege escalation"	https://github.com/nrb547/kernel-exploitation/blob/main/cve-2021-3609/cve-2021-3609.md
[LPE] 2021: "Blue Klotski (CVE-2021-3573) and the story for fixing" by f0rm2l1n	https://f0rm2l1n.github.io/2021-07-23-Blue-Klotski/
[LPE] 2021: "ZDI-20-1440: An Incorrect Calculation Bug in the Linux Kernel eBPF Verifier" by Lucas Leong	https://www.zerodayinitiative.com/blog/2021/1/18/zdi-20-1440-an-incorrect-calculation-bug-in-the-linux-kernel-ebpf-verifier
[LPE] 2021: "ZDI-20-1440 Writeup" by HexRabbit	https://blog.hexrabbit.io/2021/02/07/ZDI-20-1440-writeup/
[LPE] 2021: "SSD Advisory – OverlayFS PE"	https://ssd-disclosure.com/ssd-advisory-overlayfs-pe/
[LPE] 2021: "CVE-2021-20226: A Reference-Counting Bug in the Linux Kernel io_uring Subsystem" by Lucas Leong	https://www.zerodayinitiative.com/blog/2021/4/22/cve-2021-20226-a-reference-counting-bug-in-the-linux-kernel-iouring-subsystem
[LPE] 2021: "One day short of a full chain: Part 1 - Android Kernel arbitrary code execution" by Man Yue Mo	https://securitylab.github.com/research/one_day_short_of_a_fullchain_android/
[LPE] 2021: "New Old Bugs in the Linux Kernel"	https://blog.grimm-co.com/2021/03/new-old-bugs-in-linux-kernel.html
[LPE] 2021: "Four Bytes of Power: exploiting CVE-2021-26708 in the Linux kernel"	https://a13xp0p0v.github.io/2021/02/09/CVE-2021-26708.html
[LPE] 2021: "Improving the exploit for CVE-2021-26708 in the Linux kernel to bypass LKRG" by Alexander Popov	https://a13xp0p0v.github.io/2021/08/25/lkrg-bypass.html
[LPE] 2021: "Gaining root access in Linux using the CVE-2021-26708 vulnerability" by Markel Azpeitia Loiti	https://addi.ehu.es/bitstream/handle/10810/53355/GrAL_MAzpeitia.pdf
[LPE] 2021: "The curious case of CVE-2020-14381"	https://blog.frizn.fr/linux-kernel/cve-2020-14381
[LPE] 2021: "Galaxy's Meltdown - Exploiting SVE-2020-18610"	https://github.com/vngkv123/articles/blob/main/Galaxy's%20Meltdown%20-%20Exploiting%20SVE-2020-18610.md
[LPE] 2021: "In-the-Wild Series: Android Exploits" by Mark Brand	https://googleprojectzero.blogspot.com/2021/01/in-wild-series-android-exploits.html
[LPE] 2021: "Exploiting CVE-2014-3153 (Towelroot)" by Elon Gliksberg	https://elongl.github.io/exploitation/2021/01/08/cve-2014-3153.html
[LPE] 2021: "CVE-2014-3153" by Maher Azzouzi	https://github.com/MaherAzzouzi/LinuxKernelStudy/tree/main/CVE-2014-3153
[LPE] 2020: "An iOS hacker tries Android" by Brandon Azad	https://googleprojectzero.blogspot.com/2020/12/an-ios-hacker-tries-android.html
[LPE] 2020: "Exploiting a Single Instruction Race Condition in Binder"	https://blog.longterm.io/cve-2020-0423.html
[LPE] 2020: "Three Dark clouds over the Android kernel" by Jun Yao	https://github.com/2freeman/Slides/blob/main/PoC-2020-Three%20Dark%20clouds%20over%20the%20Android%20kernel.pdf
[LPE] 2020: "Kernel Exploitation With A File System Fuzzer"	https://cyberweek.ae/materials/2020/D1T2%20-%20Kernel%20Exploitation%20with%20a%20File%20System%20Fuzzer.pdf
[LPE] 2020: "Finding and exploiting a bug (LPE) in an old Android phone" by Brandon Falk	https://www.youtube.com/watch?v=g62FXds2pt8
[LPE] 2020: "CVE-2020-14386: Privilege Escalation Vulnerability in the Linux kernel" by Or Cohen	https://unit42.paloaltonetworks.com/cve-2020-14386/
[LPE] 2020: "Attacking the Qualcomm Adreno GPU" by Ben Hawkes	https://googleprojectzero.blogspot.com/2020/09/attacking-qualcomm-adreno-gpu.html
[LPE] 2020: "TiYunZong: An Exploit Chain to Remotely Root Modern Android Devices" by Guang Gong at Black Hat	https://github.com/secmob/TiYunZong-An-Exploit-Chain-to-Remotely-Root-Modern-Android-Devices/blob/master/us-20-Gong-TiYunZong-An-Exploit-Chain-to-Remotely-Root-Modern-Android-Devices.pdf
[LPE] 2020: "Binder - Analysis and exploitation of CVE-2020-0041" by Jean-Baptiste Cayrou	https://www.synacktiv.com/posts/exploit/binder-analysis-and-exploitation-of-cve-2020-0041.html
[LPE] 2020: "Binder IPC and its vulnerabilities" by Jean-Baptiste Cayrou at THCON	https://www.synacktiv.com/ressources/thcon2020_binder.pdf
[LPE] 2020: "Exploiting CVE-2020-0041 - Part 2: Escalating to root" by Eloi Sanfelix and Jordan Gruskovnjak	https://labs.bluefrostsecurity.de/blog/2020/04/08/cve-2020-0041-part-2-escalating-to-root/
[LPE] 2020: "A bug collision tale" by Eloi Sanfelix at OffensiveCon	https://labs.bluefrostsecurity.de/files/OffensiveCon2020_bug_collision_tale.pdf
[LPE] 2020: "CVE-2020-8835: Linux Kernel Privilege Escalation via Improper eBPF Program Verification" by Manfred Paul	https://www.zerodayinitiative.com/blog/2020/4/8/cve-2020-8835-linux-kernel-privilege-escalation-via-improper-ebpf-program-verification
[LPE] 2020: "Mitigations are attack surface, too" by Jann Horn	https://googleprojectzero.blogspot.com/2020/02/mitigations-are-attack-surface-too.html
[LPE] 2020: "CVE-2019-18683: Exploiting a Linux kernel vulnerability in the V4L2 subsystem" by Alexander Popov	https://a13xp0p0v.github.io/2020/02/15/CVE-2019-18683.html
[LPE] 2020: "Multiple Kernel Vulnerabilities Affecting All Qualcomm Devices" by Tamir Zahavi-Brunner	https://blog.zimperium.com/multiple-kernel-vulnerabilities-affecting-all-qualcomm-devices/
[LPE] 2019: "CVE-2017-16995 Analysis - eBPF Sign Extension LPE" by senyuuri	https://blog.senyuuri.info/2019/01/19/kernel-epbf-sign-extension/
[LPE] 2019: "Kernel Research / mmap handler exploitation" by deshal3v	https://deshal3v.github.io/blog/kernel-research/mmap_exploitation
[LPE] 2019: "Bad Binder: Android In-The-Wild Exploit" by Maddie Stone	https://googleprojectzero.blogspot.com/2019/11/bad-binder-android-in-wild-exploit.html
[LPE] 2019: "Analyzing Android's CVE-2019-2215 (/dev/binder UAF)"	https://dayzerosec.com/posts/analyzing-androids-cve-2019-2215-dev-binder-uaf/
[LPE] 2019: "Stream Cut: Android Kernel Exploitation with Binder Use-After-Free (CVE-2019-2215)"	https://www.youtube.com/watch?v=yrLXvmzUQME
[LPE] 2019: "CVE-2019-2215 - Android kernel binder vulnerability analysis"	https://xz.aliyun.com/t/6853
[LPE] 2019: "Deep Analysis of Exploitable Linux Kernel Vulnerabilities" by Tong Lin and Luhai Chen at Linux Security Summit EU	https://www.youtube.com/watch?v=MYEAGmP_id4
[LPE] 2019: "Tailoring CVE-2019-2215 to Achieve Root" by Grant Hernandez	https://hernan.de/blog/2019/10/15/tailoring-cve-2019-2215-to-achieve-root/
[LPE] 2019: "From Zero to Root: Building Universal Android Rooting with a Type Confusion Vulnerability" by Wang Yong	https://github.com/ThomasKing2014/slides/blob/master/Building%20universal%20Android%20rooting%20with%20a%20type%20confusion%20vulnerability.pdf
[LPE] 2019: "KARMA takes a look at offense and defense: WrongZone from exploitation to repair"	https://mp.weixin.qq.com/s?__biz=MzA3NTQ3ODI0NA==&mid=2247485060&idx=1&sn=b3773b0478f7b5ee39fa1a6527b4f3ff
[LPE] 2019: "Android Binder: The Bridge To Root" by Hongli Han and Mingjian Zhou	https://conference.hitb.org/hitbsecconf2019ams/materials/D2T2%20-%20Binder%20-%20The%20Bridge%20to%20Root%20-%20Hongli%20Han%20&%20Mingjian%20Zhou.pdf
[LPE] 2019: "The ‘Waterdrop’ in Android: A Binder Kernel Vulnerability" by Hongli Han	http://blogs.360.cn/post/Binder_Kernel_Vul_EN.html
[LPE] 2019: "An Exercise in Practical Container Escapology" by Nick Freeman	https://capsule8.com/blog/practical-container-escape-exercise/
[LPE] 2019: "Taking a page from the kernel's book: A TLB issue in mremap()" by Jann Horn	https://googleprojectzero.blogspot.com/2019/01/taking-page-from-kernels-book-tlb-issue.html
[LPE] 2019: "CVE-2018-18281 - Analysis of TLB Vulnerabilities in Linux Kernel"	https://xz.aliyun.com/t/4005
[LPE] 2019: "Analysis of Linux xfrm Module Cross-Border Read-Write Escalation Vulnerability (CVE-2017-7184)"	http://p4nda.top/2019/02/16/CVE-2017-7184/
[LPE] 2019: "Analysis of Escalation Vulnerability Caused by Integer Extension of Linux ebpf Module (CVE-2017-16995)"	http://p4nda.top/2019/01/18/CVE-2017-16995/
[LPE] 2019: "Linux kernel 4.20 BPF integer overflow vulnerability analysis"	http://p4nda.top/2019/01/02/kernel-bpf-overflow/
[LPE] 2019: "Attacking DRM subsystem to gain kernel privilege on Chromebooks" by Di Shen	https://speakerdeck.com/retme7/attacking-drm-subsystem-to-gain-kernel-privilege-on-chromebooks
[LPE] 2018: "Linux kernel 4.20 BPF integer overflow-heap overflow vulnerability and its exploitation"	https://www.anquanke.com/post/id/166819
[LPE] 2018: "CVE-2017-11176: A step-by-step Linux Kernel exploitation"	https://blog.lexfo.fr/
[LPE] 2018: "A cache invalidation bug in Linux memory management" by Jann Horn	https://googleprojectzero.blogspot.com/2018/09/a-cache-invalidation-bug-in-linux.html
[LPE] 2018: "Dissecting a 17-year-old kernel bug" by Vitaly Nikolenko at beVX	https://cyseclabs.com/slides/bevx-talk.pdf
[LPE] 2018: "SSD Advisory – IRDA Linux Driver UAF"	https://blogs.securiteam.com/index.php/archives/3759
[LPE] 2018: "Integer overflow in Linux's create_elf_tables()"	https://www.openwall.com/lists/oss-security/2018/09/25/4
[LPE] 2018: "MMap Vulnerabilities – Linux Kernel"	https://research.checkpoint.com/mmap-vulnerabilities-linux-kernel/
[LPE] 2018: "Ubuntu kernel eBPF 0day analysis"	https://security.tencent.com/index.php/blog/msg/124
[LPE] 2018: "eBPF and Analysis of the get-rekt-linux-hardened.c Exploit for CVE-2017-16995"	https://ricklarabee.blogspot.com/2018/07/ebpf-and-analysis-of-get-rekt-linux.html
[LPE] 2017: "Challenge Impossible -- Multiple Exploit On Android" by Hanxiang Wen and Xiaodong Wang	https://hitcon.org/2017/CMT/slide-files/d1_s4_r2.pdf
[LPE] 2017: "CVE-2017-1000112: Exploiting an out-of-bounds bug in the Linux kernel UFO packets" by Andrey Konovalov	https://xairy.io/articles/cve-2017-1000112
[LPE] 2017: "Linux Kernel Vulnerability Can Lead to Privilege Escalation: Analyzing CVE-2017-1000112" by Krishs Patil	https://securingtomorrow.mcafee.com/mcafee-labs/linux-kernel-vulnerability-can-lead-to-privilege-escalation-analyzing-cve-2017-1000112/
[LPE] 2017: "Adapting the POC for CVE-2017-1000112 to Other Kernels"	https://ricklarabee.blogspot.de/2017/12/adapting-poc-for-cve-2017-1000112-to.html
[LPE] 2017: "The Art of Exploiting Unconventional Use-after-free Bugs in Android Kernel" by Di Shen	https://speakerdeck.com/retme7/the-art-of-exploiting-unconventional-use-after-free-bugs-in-android-kernel
[LPE] 2017: "Exploiting CVE-2017-5123 with full protections. SMEP, SMAP, and the Chrome Sandbox!" by Chris Salls	https://salls.github.io/Linux-Kernel-CVE-2017-5123/
[LPE] 2017: "Exploiting CVE-2017-5123" by Federico Bento	https://reverse.put.as/2017/11/07/exploiting-cve-2017-5123/
[LPE] 2017: "Escaping Docker container using waitid() – CVE-2017-5123" by Daniel Shapira	https://www.twistlock.com/2017/12/27/escaping-docker-container-using-waitid-cve-2017-5123/
[LPE] 2017: "LKE v4.13.x - waitid() LPE" by HyeongChan Kim	http://kozistr.tech/sec-res/2017/10/29/LKE-CVE-2017-5123.html
[LPE] 2017: "Exploiting on CVE-2016-6787"	https://hardenedlinux.github.io/system-security/2017/10/16/Exploiting-on-CVE-2016-6787.html
[LPE] 2017: "Race For Root: The Analysis Of The Linux Kernel Race Condition Exploit" by Alexander Popov	https://www.youtube.com/watch?v=g7Qm0NpPAz4
[LPE] 2017: "Race For Root: The Analysis Of The Linux Kernel Race Condition Exploit" by Alexander Popov	https://program.sha2017.org/system/event_attachments/attachments/000/000/111/original/a13xp0p0v_race_for_root_SHA2017.pdf
[LPE] 2017: "CVE-2017-2636: exploit the race condition in the n_hdlc Linux kernel driver bypassing SMEP" by Alexander Popov	https://a13xp0p0v.github.io/2017/03/24/CVE-2017-2636.html
[LPE] 2017: "CVE-2017-2636: local privilege escalation flaw in n_hdlc" by Alexander Popov	http://seclists.org/oss-sec/2017/q1/569
[LPE] 2017: "Dirty COW"	https://dirtycow.ninja/
[LPE] 2017: "Dirty COW and why lying is bad even if you are the Linux kernel"	https://chao-tic.github.io/blog/2017/05/24/dirty-cow
[LPE] 2017: "NDAY-2017-0103: Arbitrary kernel write in sys_oabi_epoll_wait" by Zuk Avraham	https://blog.zimperium.com/nday-2017-0103-arbitrary-kernel-write-in-sys_oabi_epoll_wait/
[LPE] 2017: "NDAY-2017-0106: Elevation of Privilege in NVIDIA nvhost-vic driver" by Zuk Avraham	https://blog.zimperium.com/nday-2017-0106-elevation-of-privilege-in-nvidia-nvhost-vic-driver/
[LPE] 2017: "PWN2OWN 2017 Linux kernel privilege escalation analysis"	https://zhuanlan.zhihu.com/p/26674557
[LPE] 2017: "Exploiting the Linux kernel via packet sockets" by Andrey Konovalov	https://googleprojectzero.blogspot.com/2017/05/exploiting-linux-kernel-via-packet.html
[LPE] 2017: "Solving a post exploitation issue with CVE-2017-7308"	https://www.coresecurity.com/core-labs/articles/solving-post-exploitation-issue-cve-2017-7308
[LPE] 2017: "NDAY-2017-0105: Elevation of Privilege Vulnerability in MSM Thermal Drive" by Zuk Avraham	https://blog.zimperium.com/nday-2017-0105-elevation-of-privilege-vulnerability-in-msm-thermal-driver/
[LPE] 2017: "NDAY-2017-0102: Elevation of Privilege Vulnerability in NVIDIA Video Driver" by Zuk Avraham	https://blog.zimperium.com/nday-2017-0102-elevation-of-privilege-vulnerability-in-nvidia-video-driver/
[LPE] 2017: "CVE-2017-6074: Exploiting a double-free in the Linux kernel DCCP sockets" by Andrey Konovalov	https://xairy.io/articles/cve-2017-6074
[LPE] 2016: "CVE-2016-8655 Linux af_packet.c race condition (local root)" by Philip Pettersson	http://seclists.org/oss-sec/2016/q4/607
[LPE] 2016: "Rooting Every Android From Extension To Exploitation" by Di Shen and James Fang at Black Hat	https://speakerdeck.com/retme7/rooting-every-android-from-extension-to-exploitation
[LPE] 2016: "Talk is Cheap, Show Me the Code" by James Fang et al.	https://speakerdeck.com/retme7/talk-is-cheap-show-me-the-code
[LPE] 2016: "CVE-2016-3873: Arbitrary Kernel Write in Nexus 9" by Sagi Kedmi	https://sagi.io/2016/09/cve-2016-3873-arbitrary-kernel-write-in-nexus-9/
[LPE] 2016: "Exploiting Recursion in the Linux Kernel" by Jann Horn	https://googleprojectzero.blogspot.de/2016/06/exploiting-recursion-in-linux-kernel_20.html
[LPE] 2016: "ANALYSIS AND EXPLOITATION OF A LINUX KERNEL VULNERABILITY (CVE-2016-0728)"`	http://perception-point.io/2016/01/14/analysis-and-exploitation-of-a-linux-kernel-vulnerability-cve-2016-0728/
[LPE] 2016: "CVE20160728 Exploit Code Explained" by Shilong Zhao	http://dreamhack.it/linux/2016/01/25/cve-2016-0728-exploit-code-explained.html
[LPE] 2016: "CVE-2016-0728 vs Android" by Collin Mulliner	https://www.mulliner.org/blog/blosxom.cgi/security/CVE-2016-0728_vs_android.writeback?advanced_search=1
[LPE] 2016: "Notes about CVE-2016-7117" by Lizzie Dixon	https://blog.lizzie.io/notes-about-cve-2016-7117.html
[LPE] 2016: "CVE-2016-2384: exploiting a double-free in the usb-midi linux kernel driver" by Andrey Konovalov	https://xairy.github.io/blog/2016/cve-2016-2384
[LPE] 2016: "CVE-2016-6187: Exploiting Linux kernel heap off-by-one" by Vitaly Nikolenko	https://cyseclabs.com/blog/cve-2016-6187-heap-off-by-one-exploit
[LPE] 2016: "CVE-2014-2851 group_info UAF Exploitation" by Vitaly Nikolenko	https://cyseclabs.com/page?n=02012016
[LPE] 2016: "Perf: From Profiling To Kernel Exploiting" by Wish Wu at HITB Ams	https://conference.hitb.org/hitbsecconf2016ams/wp-content/uploads/2015/11/D2T2-Wish-Wu-Perf-From-Profiling-to-Kernel-Exploiting.pdf
[LPE] 2016: "QUADROOTER: NEW VULNERABILITIES AFFECTING OVER 900 MILLION ANDROID DEVICES"	https://www.blackhat.com/docs/eu-16/materials/eu-16-Donenfeld-Stumping-The-Mobile-Chipset-wp.pdf
[LPE] 2016: "STUMPING THE MOBILE CHIPSET: New 0days from down under" by Adam Donenfeld at DEF CON	https://media.defcon.org/DEF%20CON%2024/DEF%20CON%2024%20presentations/DEF%20CON%2024%20-%20Adam-Donenfeld-Stumping-The-Mobile-Chipset.pdf
[LPE] 2015: "Android linux kernel privilege escalation vulnerability and exploit (CVE-2014-4322)" by Gal Beniamini	https://bits-please.blogspot.de/2015/08/android-linux-kernel-privilege.html
[LPE] 2015: "Exploiting "BadIRET" vulnerability" by Rafal Wojtczuk	https://web.archive.org/web/20171118232027/https://blogs.bromium.com/exploiting-badiret-vulnerability-cve-2014-9322-linux-kernel-privilege-escalation/
[LPE] 2015: "Follow-up on Exploiting "BadIRET" vulnerability (CVE-2014-9322)" by Adam Zabrocki	http://blog.pi3.com.pl/?p=509
[LPE] 2015: "Ah! Universal Android Rooting Is Back" by Wen Xu at Black Hat	https://www.blackhat.com/docs/us-15/materials/us-15-Xu-Ah-Universal-Android-Rooting-Is-Back.pdf
[LPE] 2015: "When is something overflowing" by Keen Team	https://www.slideshare.net/PeterHlavaty/overflow-48573748
[LPE] 2015: "Exploiting the DRAM rowhammer bug to gain kernel privileges" by Mark Seaborn and Thomas Dullien	https://googleprojectzero.blogspot.de/2015/03/exploiting-dram-rowhammer-bug-to-gain.html
[LPE] 2015: "CVE-2014-4943 - PPPoL2TP DoS Analysis" by Vitaly Nikolenko	https://cyseclabs.com/page?n=01102015
[LPE] 2015: "CVE-2015-0568: Use-After-Free Vulnerability in the Camera Driver of Qualcomm MSM 7x30"	http://c0reteam.org/2015/11/18/cve-20150568
[LPE] 2014: "Exploiting CVE-2014-0196 a walk-through of the Linux pty race condition PoC" by Samuel Gross	http://blog.includesecurity.com/2014/06/exploit-walkthrough-cve-2014-0196-pty-kernel-race-condition.html
[LPE] 2014: "CVE-2014-4014: Linux Kernel Local Privilege Escalation "exploitation"" by Vitaly Nikolenko	https://cyseclabs.com/blog/cve-2014-4014-local-privilege-escalation
[LPE] 2014: "CVE-2014-4699: Linux Kernel ptrace/sysret vulnerability analysis" by Vitaly Nikolenko	https://cyseclabs.com/blog/cve-2014-4699-linux-kernel-ptrace-sysret-analysis
[LPE] 2014: "How to exploit the x32 recvmmsg() kernel vulnerability CVE 2014-0038" by Samuel Gross	http://blog.includesecurity.com/2014/03/exploit-CVE-2014-0038-x32-recvmmsg-kernel-vulnerablity.html
[LPE] 2014: "Exploiting the Futex Bug and uncovering Towelroot"	http://tinyhack.com/2014/07/07/exploiting-the-futex-bug-and-uncovering-towelroot/
[LPE] 2014: "CVE-2014-3153 Exploit" by Joel Eriksson	http://www.clevcode.org/cve-2014-3153-exploit/
[LPE] 2013: "Privilege Escalation Kernel Exploit" by Julius Plenz	https://blog.plenz.com/2013-02/privilege-escalation-kernel-exploit.html
[LPE] 2013: "A closer look at a recent privilege escalation bug in Linux (CVE-2013-2094)" by Joe Damato	http://timetobleed.com/a-closer-look-at-a-recent-privilege-escalation-bug-in-linux-cve-2013-2094/
[LPE] 2012: "Linux Local Privilege Escalation via SUID /proc/pid/mem Write" by Jason Donenfeld	https://git.zx2c4.com/CVE-2012-0056/about/
[LPE] 2011: "Kernel Exploitation Via Uninitialized Stack" by Kees Cook at DEF CON	https://www.defcon.org/images/defcon-19/dc-19-presentations/Cook/DEFCON-19-Cook-Kernel-Exploitation.pdf
[LPE] 2010: "CVE-2010-2963 v4l compat exploit" by Kees Cook	https://outflux.net/blog/archives/2010/10/19/cve-2010-2963-v4l-compat-exploit/
[LPE] 2010: "Exploiting large memory management vulnerabilities in Xorg server running on Linux" by Rafal Wojtczuk	http://invisiblethingslab.com/resources/misc-2010/xorg-large-memory-attacks.pdf
[LPE] 2010: "CVE-2007-4573: The Anatomy of a Kernel Exploit" by Nelson Elhage	https://blog.nelhage.com/2010/02/cve-2007-4573-the-anatomy-of-a-kernel-exploit/
[LPE] 2010: "Linux Kernel CAN SLUB Overflow" by Jon Oberheide	https://jon.oberheide.org/blog/2010/09/10/linux-kernel-can-slub-overflow/
[LPE] 2010: "af_can linux kernel overflow" by Ben Hawkes	http://inertiawar.com/af_can/
[LPE] 2010: "linux compat vulns (part 1)" by Ben Hawkes	http://inertiawar.com/compat1/
[LPE] 2010: "linux compat vulns (part 2)" by Ben Hawkes	http://inertiawar.com/compat2/
[LPE] 2010: "Some Notes on CVE-2010-3081 Exploitability"	https://blog.nelhage.com/2010/11/exploiting-cve-2010-3081/
[LPE] 2010: "Anatomy of an exploit: CVE-2010-3081"	https://blogs.oracle.com/ksplice/anatomy-of-an-exploit%3a-cve-2010-3081
[LPE] 2010: "CVE-2010-4258: Turning denial-of-service into privilege escalation" by Nelson Elhage	https://blog.nelhage.com/2010/12/cve-2010-4258-from-dos-to-privesc/
[LPE] 2009: "Linux NULL pointer dereference due to incorrect proto_ops initializations (CVE-2009-2692)"	http://blog.cr0.org/2009/08/linux-null-pointer-dereference-due-to.html
[LPE] 2009: "Even when one byte matters"	https://kernelbof.blogspot.de/2009/07/even-when-one-byte-matters.html
[LPE] 2009: "CVE-2008-0009/CVE-2008-0010: Linux kernel vmsplice(2) Privilege Escalation"	https://xorl.wordpress.com/2009/08/10/cve-2008-0600cve-2008-0010-linux-kernel-vmsplice2-privilege-escalation/
[LPE] 2008: "vmsplice(): the making of a local root exploit" by Jonathan Corbet	https://lwn.net/Articles/268783/
[LPE] 2004: "Linux kernel do_mremap VMA limit local privilege escalation vulnerability"	http://isec.pl/vulnerabilities/isec-0014-mremap-unmap.txt
[RCE] 2026: "From breaking into my ISP router to finding a MediaTek kernel 0day" by Victor Fresco	https://www.hacefresko.com/posts/rce-on-isp-router-and-mediatek-0day
[RCE] 2025: "Eternal-Tux: Crafting a Linux Kernel KSMBD 0-Click RCE Exploit from N-Days" by William Liu	https://www.willsroot.io/2025/09/ksmbd-0-click.html
[RCE] 2024: "Listen Up: Sonos Over-The-Air Remote Kernel Exploitation and Covert Wiretap" by Robert Herrera and Alex Plaskett	https://www.nccgroup.com/media/uzbp3ttw/bhus24_sonos_whitepaper.pdf
[RCE] 2023: "Abusing Linux In-Kernel SMB Server to Gain Kernel Remote Code Execution" by Guillaume Teissier and Quentin Minster	https://www.youtube.com/watch?v=XT6jLBbzwFM
[RCE] 2022: "Writing a Linux Kernel Remote in 2022" by Samuel Page	https://blog.immunityinc.com/p/writing-a-linux-kernel-remote-in-2022/
[RCE] 2022: "Zenith: Pwn2Own TP-Link AC1750 Smart Wi-Fi Router Remote Code Execution Vulnerability" by Axel Souchet	https://github.com/0vercl0k/zenith
[RCE] 2021: "BleedingTooth: Linux Bluetooth Zero-Click Remote Code Execution" by Andy Nguyen	https://google.github.io/security-research/pocs/linux/bleedingtooth/writeup
[RCE] 2017: "Over The Air: Exploiting Broadcom’s Wi-Fi Stack (Part 2)" by Gal Beniamini	https://googleprojectzero.blogspot.com/2017/04/over-air-exploiting-broadcoms-wi-fi_11.html
[RCE] 2017: "BlueBorn: The dangers of Bluetooth implementations: Unveiling zero day vulnerabilities and security flaws in modern Bluetooth stacks"	http://go.armis.com/hubfs/BlueBorne%20Technical%20White%20Paper.pdf?t=1505222709963
[RCE] 2016: "CVE Publication: CVE 2016-8633" by Eyal Itkin	https://eyalitkin.wordpress.com/2016/11/06/cve-publication-cve-2016-8633/
[RCE] 2011: "Owned Over Amateur Radio: Remote Kernel Exploitation in 2011" at DEF CON	http://cs.dartmouth.edu/~sergey/cs258/2012/Dan-Rosenberg-lecture.pdf
[RCE] 2009: "When a "potential D.o.S." means a one-shot remote kernel exploit: the SCTP story"	https://kernelbof.blogspot.de/2009/04/kernel-memory-corruptions-are-not-just.html
[KVM] 2026: "I found a KVM guest-to-host heap corruption bug and someone else got there first" by Himanshu Anand	https://blog.himanshuanand.com/2026/08/i-found-a-kvm-guest-to-host-heap-corruption-bug-and-someone-else-got-there-first/
[KVM] 2026: "Zapscape: Guest-to-Host Escape in KVM/x86" by Hyunwoo Kim	https://github.com/V4bel/Zapscape
[KVM] 2026: "Januscape: Guest-to-Host Escape in KVM/x86" by Hyunwoo Kim	https://github.com/V4bel/Januscape
[KVM] 2026: "Bounding against the wrong buffer: an OOB read/write in KVM SEV-SNP (CVE-2026-53360)" by Stan Shaw	https://cyberstan.co.uk/sev-snp-oob/
[KVM] 2026: "ITScape: Guest-to-Host Escape in KVM/arm64" by Hyunwoo Kim	https://github.com/V4bel/ITScape
[KVM] 2026: "When the bug is real but the path isn't: ITScape (CVE-2026-46316) and the case for minimal runtimes" by Anastassios Nanos	https://www.nofire.ai/blog/ITS-arm64-escape
[KVM] 2021: "An EPYC escape: Case-study of a KVM breakout" by Felix Wilhelm	https://googleprojectzero.blogspot.com/2021/06/an-epyc-escape-case-study-of-kvm.html
[Other] 2026: "Gone in 60 Frames - USB Video Exploitation" by Alex Plaskett and Robert Herrera	https://media.defcon.org/DEF%20CON%2034/DEF%20CON%2034%20presentations/DEF%20CON%2034%20-%20Alex%20Plaskett%2C%20Robert%20Herrera%20-%20Gone%20in%2060%20Frames%20-%20USB%20Video%20Exploitation%20-%20In60%20Whitepaper%20v1.pdf
[Other] 2026: "Tesla IVI with Raspberry Pi Devices to bypass KASLR" by Alex Plaskett and Robert Herrera	https://www.nccgroup.com/media/xvinlas5/exploiting-usb-insomnihack-2026-1.pdf
[Other] 2026: "I discovered a vulnerability in the Linux Kernel USB Stack" by Danilo Erazo	https://www.youtube.com/watch?v=r2ZVCSFJXBA
[Other] 2026: "rtl8723bs — WiFi Heap Overflow in the Linux Kernel" by Alexandru Hossu	https://ahossu.ro/blog/rtl8723bs-wifi-overflow
[Other] 2026: "futex: remove_waiter stack uaf" by Guy Beck	https://guysrd.github.io/rtmutex
[Other] 2026: "The futex READ_ONCE" by Guy Beck	https://guysrd.github.io/futex-read-once
[Other] 2026: "The epoll uaf" by Guy Beck	https://guysrd.github.io/epoll-uaf
[Other] 2026: "Unix GC Remastered" by Moe Acherir	https://mohandacherir.github.io/Qdiv7/posts/unix_new_gc/
[Other] 2026: "Discovery & Validation in the Linux Kernel (Part 1): CAN Use-After-Free Race" by Samuel Page	https://bynar.io/blog/discovery-validation-in-the-linux-kernel-part-1-can-use-after-free-race
[Other] 2026: "Discovery & Validation in the Linux Kernel (Part 2): FUSE Page Cache Overflow" by Samuel Page	https://bynar.io/blog/discovery-validation-in-the-linux-kernel-part-2-fuse-page-cache-overflow
[Other] 2026: "My First CVE - CVE-2026-23275 - io uring resize and taskrun race condition"	https://naup.mygo.tw/2026/03/23/My-First-CVE-CVE-2026-23275/
[Other] 2026: "TTLM Parsing in WiFi/mac8021 one-byte look past (over-the-air)" by Ruikai Peng	https://bugs.pwno.io/0032
[Other] 2025: "Glitching Google's TV Streamer From Adb To Root" by Niek Timmers	https://hardwear.io/netherlands-2025/presentation/Glitching-Googles-TV-Streamer-from-adb-to-root.pdf
[Other] 2025: "mediatek? more like media-rekt, amirite." by hypr	https://blog.coffinsec.com/0days/2025/12/15/more-like-mediarekt-amirite.html
[Other] 2025: "Dissecting a 1-Day Vulnerability in Linux's XFRM Subsystem" by Shreyas Penkar	https://streypaws.github.io/posts/Dissecting-a-1-Day-Vulnerability-in-Linux-XFRM-Subsystem/
[Other] 2025: "A Quick Note on CVE-2025-38617" by Pumpkin Chang	https://u1f383.github.io/linux/2025/08/27/a-quick-note-on-CVE-2025-38617.html
[Other] 2025: "Fast & Faulty - A Use After Free in KGSL Fault Handling" by Shreyas Penkar	https://streypaws.github.io/posts/Fast-and-Faulty-A-Use-After-Free-in-KGSL-Fault-Handling/
[Other] 2025: "Race Against Time in the Kernel’s Clockwork" by Shreyas Penkar	https://streypaws.github.io/posts/Race-Against-Time-in-the-Kernel-Clockwork/
[Other] 2025: "Analysis of CVE-2025-37756, an UAF Vulnerability in Linux KTLS" by Pumpkin Chang	https://u1f383.github.io/linux/2025/09/03/analysis-of-CVE-2025-37756-an-uaf-vulnerability-in-linux-ktls.html
[Other] 2025: "ZDI-25-310: Remote NULL Deref in Linux KSMBD" by Slava Moskvin	https://slavamoskvin.com/zdi-25-310-remote-null-deref-in-linux-ksmbd/
[Other] 2025: "CVE-2024-36904 - Use-after-free vulnerability in the TCP subsystem of the Linux kernel"	https://github.com/alleleintel/research/tree/master/CVE-2024-36904/
[Other] 2025: "Simply Analyzing Two N_GSM Vulnerabilities" by Pumpkin Chang	https://u1f383.github.io/linux/2025/03/31/simply-analyzing-two-n_gsm-vulnerabilities.html
[Other] 2025: "A Quick Note On Two mempolicy Vulnerabilities" by Pumpkin Chang	https://u1f383.github.io/linux/2025/03/30/a-quick-note-on-two-mempolicy-vulnerabilites.html
[Other] 2025: "The Evolution of Dirty COW" by Pumpkin Chang	https://u1f383.github.io/linux/2025/03/27/the-evolution-of-COW-1.html
[Other] 2025: "A Quick Note on CVE-2024-53104" by Pumpkin Chang	https://u1f383.github.io/linux/2025/03/23/a-quick-note-on-CVE-2024-53104.html
[Other] 2025: "A Series of io_uring pbuf Vulnerabilities" by Pumpkin Chang	https://u1f383.github.io/linux/2025/03/02/a-series-of-io_uring-pbuf-vulnerabilities.html
[Other] 2025: The io_uring Promotion in kernelCTF And Two Vulnerabilities Analysis	https://u1f383.github.io/linux/2025/02/28/the-io_uring-promotion-in-kernelCTF-and-two-vulnerabilities-analysis.html
[Other] 2025: "Linux Kernel Some Vsock Vulnerabilities Analysis" by Pumpkin Chang	https://u1f383.github.io/linux/2025/02/24/linux-kernel-some-vsock-vulnerabilities-analysis.html
[Other] 2025: "From Zero to Emo – My Journey of Many Failures in kernelCTF" by Pumpkin Chang	https://u1f383.github.io/linux/2025/02/21/from-zero-to-emo-my-journey-of-many-failures-in-kernelCTF.html
[Other] 2025: "A 1-day a Day in the Lunar New Year" by Pumpkin Chang	https://u1f383.github.io/linux/2025/01/27/a-1-day-a-day-in-the-lunar-new-year.html
[Other] 2025: "Memory-related CVEs Exploited in kernelCTF" by Pumpkin Chang	https://u1f383.github.io/linux/2025/01/12/memory-related-cves-exploited-in-kernelctf.html
[Other] 2025: "Two Network-related vunlnerabilities Analysis" by Pumpkin Chang	https://u1f383.github.io/linux/2025/01/08/two-network-related-vulnerabilities-analysis.html
[Other] 2025: "Cellebrite zero-day exploit used to target phone of Serbian student activist"	https://securitylab.amnesty.org/latest/2025/02/cellebrite-zero-day-exploit-used-to-target-phone-of-serbian-student-activist/
[Other] 2025: "Accidentally uncovering a seven years old vulnerability in the Linux kernel" by Anderson Nascimento	https://allelesecurity.com/accidentally-uncovering-a-seven-years-old-vulnerability-in-the-linux-kernel/
[Other] 2025: "Linux Kernel: Out of bounds Write in ksmbd_vfs_stream_write" by Jordy Zomer	https://github.com/google/security-research/security/advisories/GHSA-qmm2-xfcw-4r29
[Other] 2025: "Linux Kernel: Out of bounds Read in ksmbd_vfs_stream_read" by Jordy Zomer	https://github.com/google/security-research/security/advisories/GHSA-gqrv-6fcf-hvv8
[Other] 2025: "Linux Kernel: Integer Overflow in eBPF XSK map_delete_elem Leads to Out-of-Bounds" by Jordy Zomer	https://github.com/google/security-research/security/advisories/GHSA-cqc2-6j63-6qrx
[Other] 2025: "Integer Overflow in eBPF DEVMAP map_delete_elem Leads to Out-of-Bounds" by Jordy Zomer	https://github.com/google/security-research/security/advisories/GHSA-fphp-6498-x998
[Other] 2025: "Some Casual Notes for CVE-2024-26921" by Pumpkin Chang	https://u1f383.github.io/linux/2025/01/04/some-casual-notes-for-cve-2024-26921.html
[Other] 2024: "Linux Kernel ICMPv6 & CVE-2023-6200" by Pumpkin Chang	https://u1f383.github.io/linux/2024/12/04/linux-kernel-icmpv6-and-cve-2023-6200.html
[Other] 2024: "Linux Kernel Perf CVE-2023-5717 Quick Analysis" by Pumpkin Chang	https://u1f383.github.io/linux/2024/11/17/linux-kernel-perf-cve-2023-5717-quick-analysis.html
[Other] 2024: "A Quick Note for Perf CVE-2024-46713" by Pumpkin Chang	https://u1f383.github.io/linux/2024/11/15/a-quick-note-for-perf-cve-2024-46713.html
[Other] 2024: "Linux Kernel Perf CVE-2023-6931 Analysis" by Pumpkin Chang	https://u1f383.github.io/linux/2024/11/14/linux-kernel-perf-cve-2023-6931-analysis.html
[Other] 2024: "Linux Kernel Vsock 1-day Analysis" by Pumpkin Chang	https://u1f383.github.io/linux/2024/11/12/linux-kernel-vsock-1-day-analysis.html
[Other] 2024: "Three Linux net/sched 1-day Analysis" by Pumpkin Chang	https://u1f383.github.io/linux/2024/09/05/three-linux-net_sched-1-day-analysis.html
[Other] 2024: "Two Linux net/sched 1-day Analysis" by Pumpkin Chang	https://u1f383.github.io/linux/2024/08/31/two-linux-net_sched-1-day-analysis.html
[Other] 2024: "CVE-2024-41010 - Linux net/sched UAF 1-day Analysis" by Pumpkin Chang	https://u1f383.github.io/linux/2024/07/29/cve-2024-41010-linux-net_sched-uaf-1-day-analysis.html
[Other] 2024: "Linux eBPF Design and Vulnerability Case Study" by Pumpkin Chang	https://u1f383.github.io/linux/2024/07/12/linux-eBPF-design-and-vulnerability-case-study-part-1.html
[Other] 2024: "Linux Kernel: TOCTOU in Exec System" by Marco Vanotti	https://github.com/google/security-research/security/advisories/GHSA-c45w-xwww-rfgg
[Other] 2024: "CVE-2024-26926 Analysis" by Maher Azzouzi	https://github.com/MaherAzzouzi/LinuxKernel-nday/blob/main/CVE-2024-26926/CVE_2024_26926_Analysis.pdf
[Other] 2024: "CVE-2024-44068: Samsung m2m1shot_scaler0 device driver page use-after-free in Android"	https://googleprojectzero.github.io/0days-in-the-wild//0day-RCAs/2024/CVE-2024-44068.html
[Other] 2024: "Deep Dive into RCU Race Condition: Analysis of TCP-AO UAF (CVE-2024-27394)"	https://blog.theori.io/deep-dive-into-rcu-race-condition-analysis-of-tcp-ao-uaf-cve-2024-27394-f40508b84c42
[Other] 2024: "ZDI-24-821: A Remote UAF in The Kernel's net/tipc" by Sam Page	https://sam4k.com/zdi-24-821-a-remote-use-after-free-in-the-kernels-net-tipc/
[Other] 2024: "Race condition in 9p file system"	https://r00tkitsmm.github.io/fuzzing/2024/05/29/Race-into-9p.html
[Other] 2024: "Notes about ZDI-24-195 in ksmbd"	https://twitter.com/Shiftreduce/status/1773385937893896206
[Other] 2024: "PowerVR GPU - GPU Firmware may overwrite arbitrary kernel pages by RGXCreateFreeList"	https://bugs.chromium.org/p/apvi/issues/detail?id=140
[Other] 2024: "PowerVR GPU - UAF race conditon by DevmemIntPFNotify and DevmemIntCtxRelease"	https://bugs.chromium.org/p/apvi/issues/detail?id=141
[Other] 2023: "Ubuntu Shiftfs: Unbalanced Unlock Exploitation Attempt" by Jean-Baptiste Cayrou	https://www.synacktiv.com/sites/default/files/2023-11/ubuntu_shiftfs.pdf
[Other] 2023: "Attacking NPUs of Multiple Platforms"	https://i.blackhat.com/EU-23/Presentations/EU-23-Zhang-Attacking-NPUs-of-Multiple-Platforms.pdf
[Other] 2023: "Deep Dive: Qualcomm MSM Linux Kernel & ARM Mali GPU 0-day Exploit Attacks of October 2023" by Alisa Esage	https://zerodayengineering.com/insights/qualcomm-msm-arm-mali-0days.html
[Other] 2023: "Unleashing ksmbd: remote exploitation of the Linux kernel (ZDI-23-979, ZDI-23-980)" by notselwyn	https://pwning.tech/ksmbd/
[Other] 2023: "CVE-2023-4273: a vulnerability in the Linux exFAT driver" by Maxim Suhanov	https://dfir.ru/2023/08/23/cve-2023-4273-a-vulnerability-in-the-linux-exfat-driver/
[Other] 2023: "Linux IPv6 'Route of Death' 0day" by Max VA	https://www.interruptlabs.co.uk/articles/linux-ipv6-route-of-death
[Other] 2022: "Linux Kernel: Infoleak in Bluetooth L2CAP Handling"	https://github.com/google/security-research/security/advisories/GHSA-vccx-8h74-2357
[Other] 2022: "Linux Kernel: UAF in Bluetooth L2CAP Handshake"	https://github.com/google/security-research/security/advisories/GHSA-pf87-6c9q-jvm4
[Other] 2022: "Vulnerability Details for CVE-2022-41218"	https://github.com/V4bel/CVE-2022-41218
[Other] 2022: "Racing Cats to the Exit: A Boring Linux Kernel Use-After-Free"	https://accessvector.net/2022/linux-itimers-uaf
[Other] 2022: "Android Universal Root: Exploiting xPU Drivers"	https://i.blackhat.com/USA-22/Wednesday/US-22-Jin-Android-Universal-Root.pdf
[Other] 2022: "The quantum state of Linux kernel garbage collection CVE-2021-0920 (Part I)" by Xingyu Jin	https://googleprojectzero.blogspot.com/2022/08/the-quantum-state-of-linux-kernel.html
[Other] 2022: "Finding bugs in the Linux Kernel Bluetooth Subsystem" by Itay Iellin	https://itayie.me/linux/2022/07/29/finding-bugs-in-the-linux-kernel-bt-subsystem-part-1.html
[Other] 2022: "CVE-2022-0435: A Remote Stack Overflow in The Linux" by Samuel Page	https://blog.immunityinc.com/p/a-remote-stack-overflow-in-the-linux-kernel/
[Other] 2022: "CVE-2021-45608 | NetUSB RCE Flaw in Millions of End User Routers" by Max Van Amernngen	https://www.sentinelone.com/labs/cve-2021-45608-netusb-rce-flaw-in-millions-of-end-user-routers/
[Other] 2021: "CVE-2021-1048: refcount increment on mid-destruction file" by Jann Horn	https://googleprojectzero.github.io/0days-in-the-wild/0day-RCAs/2021/CVE-2021-1048.html
[Other] 2021: "Achieving Linux Kernel Code Execution Through a Malicious USB Device" by Martijn Bogaard and Dana Geist	https://i.blackhat.com/EU-21/Thursday/EU-21-Bogaard-Geist-Achieving-Linux-Kernel-Code-Execution-Through-A-Malicious-USB-Device.pdf
[Other] 2021: "SLUB overflow CVE-2021-42327"	https://docfate111.github.io/blog/securityresearch/2021/11/08/SLUBoverflow.html
[Other] 2021: "CVE-2021-44733: Fuzzing and exploitation of a use-after-free in the Linux kernel TEE subsystem" by pjlantz	https://github.com/pjlantz/optee-qemu
[Other] 2021: "CVE-2021-43267: Remote Linux Kernel Heap Overflow | TIPC Module Allows Arbitrary Code Execution" by Max Van Amerongen	https://www.sentinelone.com/labs/tipc-remote-linux-kernel-heap-overflow-allows-arbitrary-code-execution/
[Other] 2021: "CVE-2021-1905: Qualcomm Adreno GPU memory mapping use-after-free" by Ben Hawkes	https://googleprojectzero.github.io/0days-in-the-wild/0day-RCAs/2021/CVE-2021-1905.html
[Other] 2021: "A foray into Linux kernel exploitation on Android" by Ayaz Mammadov	https://mcyoloswagham.github.io/linux/
[Other] 2020: "CVE-2020-16119"	https://github.com/HadarManor/Public-Vulnerabilities/blob/master/CVE-2020-16119/CVE-2020-16119.md
[Other] 2020: "The short story of 1 Linux Kernel Use-After-Free bug and 2 CVEs (CVE-2020-14356 and CVE-2020-25220)" by Adam Zabrocki	http://blog.pi3.com.pl/?p=720
[Other] 2020: "Curiosity around 'exec_id' and some problems associated with it" by Adam Zabrocki	https://www.openwall.com/lists/kernel-hardening/2020/03/25/1
[Other] 2020: "The never ending problems of local ASLR holes in Linux"	https://blog.blazeinfosec.com/the-never-ending-problems-of-local-aslr-holes-in-linux/
[Other] 2019: "Binder Secctx Patch Analysis" by Jean-Baptiste Cayrou	https://www.synacktiv.com/publications/binder-secctx-patch-analysis.html
[Other] 2019: "Reverse-engineering Broadcom wireless chipsets" by Hugues Anguelkov	https://blog.quarkslab.com/reverse-engineering-broadcom-wireless-chipsets.html
[Other] 2019: "CVE-2019-2000 - Android kernel binder vulnerability analysis"	https://xz.aliyun.com/t/4494
[Other] 2019: "Linux: virtual address 0 is mappable via privileged write() to /proc/\*/mem"	https://bugs.chromium.org/p/project-zero/issues/detail?id=1792&desc=2
[Other] 2019: "CVE-2019-9213 - Analysis of Linux Kernel User Space 0 Virtual Address Mapping Vulnerability"	https://cert.360.cn/report/detail?id=58e8387ec4c79693354d4797871536ea
[Other] 2018: "IOMMU-resistant DMA attacks" by Gil Kupfer	http://www.cs.technion.ac.il/users/wwwb/cgi-bin/tr-get.cgi/2018/MSC/MSC-2018-21.pdf
[Other] 2017: "initroot: Bypassing Nexus 6 Secure Boot through Kernel Command-line Injection"	https://alephsecurity.com/2017/05/23/nexus6-initroot/#anecdote-a-linux-kernel-out-of-bounds-write-cve-2017-1000363
[Other] 2016: "Motorola Android Bootloader Kernel Cmdline Injection Secure Boot Bypass"	https://alephsecurity.com/vulns/aleph-2017011
[Other] 2015: "Vulnerability in the Linux Crypto API that allows unprivileged users to load arbitrary kernel modules" by Mathias Krause	https://plus.google.com/+MathiasKrause/posts/PqFCo4bfrWu
[Finding Bugs] 2026: "Concurrency Fuzzing of the Linux Kernel with eBPF" by Jiacheng Xu et al.	https://www.usenix.org/system/files/usenixsecurity26-xu-jiacheng.pdf
[Finding Bugs] 2026: "Fuzzing under the cave: hunting bugs in batman-adv" by Alexis and Lyes	https://fuzzinglabs.com/fuzzing-batman-adv/
[Finding Bugs] 2026: "Testing race conditions with memory access tracing and stack-based delay injection" by Jann Horn	https://projectzero.google/2026/09/maccconc-race-condition.html
[Finding Bugs] 2026: "Fuzzing the NVIDIA GPU Drivers" by Chiara K	https://www.interruptlabs.co.uk/articles/fuzzing-the-nvidia-gpu-drivers
[Finding Bugs] 2026: "Static Detection of TOCTOU Bugs Caused by Kernel Races" by Gui-Dong Han et al.	https://www.usenix.org/system/files/conference/usenixsecurity26/sec26_prepub_han.pdf
[Finding Bugs] 2026: "Go Big or Go Home: Scaling Automatic Triaging to the Linux Kernel"	https://www.artiphishell.com/blog/vtriage_on_linux_kernel/
[Finding Bugs] 2026: "Getting LLMs Drunk to Find Remote Linux Kernel OOB Writes (and More)" by Asim Viladi Oglu Manizada	https://heyitsas.im/posts/drinking-llms/
[Finding Bugs] 2026: "StepStone: LLM-Based GPU Kernel Driver Fuzzing via User-Space Libraries" by Xiaochen Zou et al.	https://www.cs.ucr.edu/%7Ezhiyunq/pub/oakland26_gpu_fuzzing.pdf
[Finding Bugs] 2026: "Discovery & Validation in the Linux Kernel (Part 3): Local vs Frontier Models" by Samuel Page	https://bynar.io/blog/discovery-validation-in-the-linux-kernel-part-3-local-vs-frontier-models/
[Finding Bugs] 2026: "Memory Safety in Linux Device Drivers: Enhancing Security with Formal Verification" by Janislley O. Sousa et al.	https://ssvlab.github.io/lucasccordeiro/papers/icce2026.pdf
[Finding Bugs] 2026: "Reproducing a syzbot Bug in 5 Minutes — Now with virtme-ng!" by Roman Storozhenko	https://fosdem.org/2026/events/attachments/99ULYW-repro-linux-kernel-bug-5-min-virtme-ng/slides/267615/syzboot_flzqxsg.pdf
[Finding Bugs] 2025: "Head First Reporting of Linux Kernel CVEs: Practical Use of the Kernel Fuzzer" by Yunseong Kim	https://static.sched.com/hosted_files/sosscdjapan2024/7a/Head%20First%20Reporting%20of%20Linux%20Kernel%20CVEs%20-%20sosscj24.pdf
[Finding Bugs] 2025: "Build a Fake Phone, Find Real Bugs" by Romain Malmain	https://media.ccc.de/v/39c3-build-a-fake-phone-find-real-bugs-qualcomm-gpu-emulation-and-fuzzing-with-libafl-qemu
[Finding Bugs] 2025: "A Modular Approach To Power Management Fuzzing"	https://lpc.events/event/19/contributions/2087/attachments/1897/4063/PM_USB_LPC_25.pdf
[Finding Bugs] 2025: "KFuzzTest: Targeted Fuzzing of Internal Kernel Functions" by Ethan Graham	https://lpc.events/event/19/contributions/2196/attachments/1929/4123/KFuzzTest%20LPC%2012.12.2025.pdf
[Finding Bugs] 2025: "SYZOS: Practical KVM fuzzing" by Alexander Potapenko	https://lpc.events/event/19/contributions/2217/attachments/1889/4069/SYZOS%20for%20LPC%202025.pdf
[Finding Bugs] 2025: "DNAFuzz: Descriptor-Aware Fuzzing for USB Drivers"	http://www.wingtecher.com/themes/WingTecherResearch/assets/papers/DNAFuzz_Camera_Ready.pdf
[Finding Bugs] 2025: "Slice: SAST + LLM Interprocedural Context Extractor" by Caleb Gross	https://noperator.dev/posts/slice/
[Finding Bugs] 2025: "KNighter: Transforming Static Analysis with LLM-Synthesized Checkers"	https://arxiv.org/pdf/2503.09002
[Finding Bugs] 2025: "SyzSpec: Specification Generation for Linux Kernel Fuzzing via Under-Constrained Symbolic Execution"	https://www.cs.ucr.edu/~zhiyunq/pub/ccs25_syzspec.pdf
[Finding Bugs] 2025: "Lucid Dreams I: Lucid's First Time Fuzzing" by h0mbre	https://h0mbre.github.io/Lucid_Dreams_1/
[Finding Bugs] 2025: "A Syzkaller Summer: Fixing False Positive Soft Lockups in net/sched Fuzzing" by William Liu	https://www.willsroot.io/2025/09/syz-summer-2025.html
[Finding Bugs] 2025: "MCP AI agents for the Linux kernel development" by Sabyrzhan Tasbolatov	https://docs.google.com/presentation/d/e/2PACX-1vRb56kZ4L81aixA416A7SWYr7zSK694RxM5L57hAV1g6IPEiYv9Y8ciQtLYkrEujoUxkp3jEtbT0NVW/pub?start=false&loop=false&delayms=3000&slide=id.p
[Finding Bugs] 2025: "Bypassing Kernel Barriers: Fuzzing Linux Kernel in Userspace with LKL" by Eugene Rodionov and Xuan Xing	https://static.sched.com/hosted_files/lssna2025/01/Bypass%20Kernel%20Barriers_%20Fuzzing%20Linux%20Kernel%20in%20Userspace%20with%20LKL.pdf
[Finding Bugs] 2025: "Fuzzing Linux Kernel Modules" by Slava Moskvin	https://www.youtube.com/live/uCcsZrXyLyE
[Finding Bugs] 2025: "How I used o3 to find CVE-2025-37899, a remote zeroday vulnerability in the Linux kernel’s SMB implementation" by Sean Heelan	https://sean.heelan.io/2025/05/22/how-i-used-o3-to-find-cve-2025-37899-a-remote-zeroday-vulnerability-in-the-linux-kernels-smb-implementation/
[Finding Bugs] 2025: "Statically Discover Cross-Entry Use-After-Free Vulnerabilities in the Linux Kernel" by Hang Zhang et al.	https://www.ndss-symposium.org/wp-content/uploads/2025-559-paper.pdf
[Finding Bugs] 2025: "Unlocking Low Frequency Syscalls in Kernel Fuzzing with Dependency-Based RAG"	https://dl.acm.org/doi/pdf/10.1145/3728913
[Finding Bugs] 2025: "External fuzzing of Linux kernel USB drivers with syzkaller" by Andrey Konovalov	https://docs.google.com/presentation/d/1ba7Au3Gt6dEQAsfZmjUdzjVWHKxE_EdaJGU9WOSF-Ts/edit?usp=sharing
[Finding Bugs] 2025: "A Little Goes a Long Way: Tuning Configuration Selection for Continuous Kernel Fuzzing" by Sanan Hasanov et al.	https://paulgazzillo.com/papers/icse25.pdf
[Finding Bugs] 2025: "A Survey of Fuzzing Open-Source Operating Systems"	https://arxiv.org/pdf/2502.13163
[Finding Bugs] 2025: "SoK: Unraveling the Veil of OS Kernel Fuzzing"	https://arxiv.org/pdf/2501.16165
[Finding Bugs] 2025: "SyzParam: Incorporating Runtime Parameters into Kernel Driver Fuzzing"	https://arxiv.org/pdf/2501.10002
[Finding Bugs] 2025: "ksmbd vulnerability research" by Norbert Szetei	https://blog.doyensec.com/2025/01/07/ksmbd-1.html
[Finding Bugs] 2025: "ksmbd - Fuzzing Improvements and Vulnerability Discovery (2/3)" by Norbert Szetei	https://blog.doyensec.com/2025/09/02/ksmbd-2.html
[Finding Bugs] 2025: "Uncovering New Classes of Kernel Vulnerabilities" by Jakob Koschel	https://research.vu.nl/ws/portalfiles/portal/380101013/thesis%20-%20674c5b8426eb2.pdf
[Finding Bugs] 2024: "CountDown: Refcount-guided Fuzzing for Exposing Temporal Memory Errors in Linux Kernel" by Shuangpeng Bai et al.	https://huhong789.github.io/papers/bai:countdown.pdf
[Finding Bugs] 2024: "Hunting Bugs in Linux Kernel With KASAN: How to Use it & What's the Benefit?" by Slava Moskvin	https://slavamoskvin.com/hunting-bugs-in-linux-kernel-with-kasan-how-to-use-it-whats-the-benefit/
[Finding Bugs] 2024: "Finding Bugs in Kernel" by Slava Moskvin	https://slavamoskvin.com/finding-bugs-in-kernel.-part-1-crashing-a-vulnerable-driver-with-syzkaller/
[Finding Bugs] 2024: "OZZ: Identifying Kernel Out-of-Order Concurrency Bugs with In-Vivo Memory Access Reordering" by Dae R. Jeong et al.	https://dl.acm.org/doi/pdf/10.1145/3694715.3695944
[Finding Bugs] 2024: "Fuzzing the EBPF Subsystem" by Zac Ecob	https://www.youtube.com/watch?v=bww1HkBiYpA
[Finding Bugs] 2024: "Finding Bugs in Kernel. Part 1: Crashing a Vulnerable Driver with Syzkaller" by Vyacheslav Moskvin	https://www.linkedin.com/pulse/finding-bugs-kernel-part-1-crashing-vulnerable-driver-moskvin-4vwje/
[Finding Bugs] 2024: "Lessons from the buzz" by Juan Jose Lopez Jaimez	https://lpc.events/event/18/contributions/1946/attachments/1473/3119/Lessons%20from%20the%20buzz%20-%20LPC.pdf
[Finding Bugs] 2024: "The State of eBPF Fuzzing" by Paul Chaignon	https://pchaigno.github.io/assets/Linux%20Plumbers%202024%20Fuzzing%20eBPF.pdf
[Finding Bugs] 2024: "CARDSHARK: Understanding and Stablizing Linux Kernel Concurrency Bugs Against the Odds"	https://www.usenix.org/system/files/usenixsecurity24-han-tianshuo.pdf
[Finding Bugs] 2024: "LR-Miner: Static Race Detection in OS Kernels by Mining Locking Rules" by Tuo Li et al.	https://www.usenix.org/system/files/usenixsecurity24-li-tuo.pdf
[Finding Bugs] 2024: "Detecting Kernel Memory Bugs through Inconsistent Memory Management Intention Inferences"	https://www.usenix.org/system/files/usenixsecurity24-liu-dinghao-detecting.pdf
[Finding Bugs] 2024: "MOCK: Optimizing Kernel Fuzzing Mutation with Context-aware Dependency"	https://www.ndss-symposium.org/wp-content/uploads/2024-131-paper.pdf
[Finding Bugs] 2024: "SyzGen++: Dependency Inference for Augmenting Kernel Driver Fuzzing"	https://www.cs.ucr.edu/~zhiyunq/pub/oakland24_syzgenplusplus.pdf
[Finding Bugs] 2024: "StateFuzz: System Call-Based State-Aware Linux Driver Fuzzing" by Bodong Zhao et al.	https://github.com/vul337/StateFuzz/blob/main/statefuzz.pdf
[Finding Bugs] 2024: "BRF: eBPF Runtime Fuzzer" by Hsin-Wei Hung and Ardalan Amiri Sani	https://arxiv.org/pdf/2305.08782
[Finding Bugs] 2024: "So You Wanna Find Bugs In The Linux Kernel?" by Sam Page	https://github.com/sam4k/talk-slides/blob/main/so_you_wanna_find_bugs_in_the_linux_kernel.pdf
[Finding Bugs] 2024: "A bug hunter's reflections on fuzzing" by Alexander Popov	https://a13xp0p0v.github.io/img/Alexander_Popov-Reflections_on_Fuzzing.pdf
[Finding Bugs] 2024: "To Boldly Go Where No Fuzzer Has Gone Before: Finding Bugs in Linux’ Wireless Stacks through VirtIO Devices" by Sonke Huster et al.	https://www.uni-goettingen.de/de/document/download/6b0d1e9d8e2fb7f57cc1a2fab1b071e7.pdf/huster_S&P24.pdf
[Finding Bugs] 2024: "Your NVMe Had Been Syz’ed: Fuzzing NVMe-oF/TCP Driver for Linux with Syzkaller" by Alon Zavahi	https://www.cyberark.com/resources/threat-research-blog/your-nvme-had-been-syzed-fuzzing-nvme-of-tcp-driver-for-linux-with-syzkaller
[Finding Bugs] 2024: "Structure-Aware linux kernel Fuzzing with libFuzzer"	https://r00tkitsmm.github.io/fuzzing/2024/03/27/libffuzzerkernel.html
[Finding Bugs] 2024: "Enhancing Kernel Bug Discovery with Large Language Models" by Zahra Tarkhani	https://static.sched.com/hosted_files/lssna24/ed/LSSNA-Enhancing%20Kernel%20Bug%20Discovery%20with%20Large%20Language%20Models%20%E2%80%8B.pdf
[Finding Bugs] 2024: "SyzRisk: A Change-Pattern-Based Continuous Kernel Regression Fuzzer"	https://nebelwelt.net/files/24AsiaCCS.pdf
[Finding Bugs] 2024: "SyzBridge: Bridging the Gap in Exploitability Assessment of Linux Kernel Bugs in the Linux Ecosystem"	https://zhyfeng.github.io/files/2024-NDSS-SyzBridge.pdf
[Finding Bugs] 2024: "SyzRetrospector: A Large-Scale Retrospective Study of Syzbot"	https://arxiv.org/pdf/2401.11642.pdf
[Finding Bugs] 2023: "ReUSB: Replay-Guided USB Driver Fuzzing" by Jisoo Jang et al.	https://www.usenix.org/system/files/usenixsecurity23-jang.pdf
[Finding Bugs] 2023: "SyzGPT: When the fuzzer meets the LLM" by Erin Avllazagaj	https://albocoder.github.io/fuzzing/exploitation/linux%20kernel/hacking/ai/gpt/llm/2023/11/27/GPT-syzkaller.html
[Finding Bugs] 2023: "KernelGPT: Enhanced Kernel Fuzzing via Large Language Models"	https://arxiv.org/pdf/2401.00563.pdf
[Finding Bugs] 2023: "SyzDirect: Directed Greybox Fuzzing for Linux Kernel"	https://yuanxzhang.github.io/paper/syzdirect-ccs23.pdf
[Finding Bugs] 2023: "Using ASAN and KASAN and then Interpreting their shadow memory reports" by Kaiwan N Billimoria	https://kernelmeetup.files.wordpress.com/2023/11/lt_1_using_asan_and_kasan_and_then_interpreting_their_shadow_memory_repo.pdf
[Finding Bugs] 2023: "GWP-ASan: Sampling-Based Detection of Memory-Safety Bugs in Production"	https://arxiv.org/pdf/2311.09394.pdf
[Finding Bugs] 2023: "Tickling ksmbd: fuzzing SMB in the Linux kernel" by notselwyn	https://pwning.tech/ksmbd-syzkaller/
[Finding Bugs] 2023: "DDRace: Finding Concurrency UAF Vulnerabilities in Linux Drivers with Directed Fuzzing"	https://www.usenix.org/system/files/usenixsecurity23-yuan-ming.pdf
[Finding Bugs] 2023: "BoKASAN: Binary-only Kernel Address Sanitizer for Effective Kernel Fuzzing"	https://www.usenix.org/system/files/usenixsecurity23-cho.pdf
[Finding Bugs] 2023: "FirmSolo: Enabling dynamic analysis of binary Linux-based IoT kernel modules"	https://www.usenix.org/system/files/usenixsecurity23-angelakopoulos.pdf
[Finding Bugs] 2023: "ACTOR: Action-Guided Kernel Fuzzing"	https://www.usenix.org/system/files/usenixsecurity23-fleischer.pdf
[Finding Bugs] 2023: "UNCONTAINED: Uncovering Container Confusion in the Linux Kernel" by Jakob Koschel et al.	https://download.vusec.net/papers/uncontained_sec23.pdf
[Finding Bugs] 2023: "KIT: Testing OS-Level Virtualization for Functional Interference Bugs"	https://dl.acm.org/doi/pdf/10.1145/3575693.3575731
[Finding Bugs] 2023: "SyzDescribe: Principled, Automated, Static Generation of Syscall Descriptions for Kernel Drivers"	https://www.cs.ucr.edu/~zhiyunq/pub/oakland23_syzdescribe.pdf
[Finding Bugs] 2023: "Precise Detection of Kernel Data Races with Probabilistic Lockset Analysis"	https://www.cs.columbia.edu/~gabe/files/oakland2023_pla.pdf
[Finding Bugs] 2023: "No Grammar, No Problem: Towards Fuzzing the Linux Kernel without System-Call Descriptions"	https://www.ndss-symposium.org/wp-content/uploads/2023/02/ndss2023_f688_paper.pdf
[Finding Bugs] 2023: "FirmSolo: Enabling dynamic analysis of binary Linux-based IoT kernel modules"	https://www.usenix.org/system/files/sec23summer_190-angelakopoulos-prepub.pdf
[Finding Bugs] 2022: "Event-based Fuzzing, Patch-based Research, and Comment Police: Finding Bugs Through a Bug"	https://i.blackhat.com/EU-22/Thursday-Briefings/EU-22-LiYang-Event-based-Fuzzing-Patch-based.pdf
[Finding Bugs] 2022: "Breaking the Glass Sandbox - Find Linux Kernel Bugs and Escape" by Valentina Palmiotti at REcon	https://cfp.recon.cx/media/2022/submissions/EVBN3B/resources/recon_7TKNBIm.pdf
[Finding Bugs] 2022: "Sanitizing the Linux kernel: On KASAN and other Dynamic Bug-finding Tools" by Andrey Konovalov	https://docs.google.com/presentation/d/1qA8fqRDHKX_WM_ZdDN37EQQZwSTNJ4FFws82tbUSKxY/edit?usp=sharing
[Finding Bugs] 2022: "PrIntFuzz: Fuzzing Linux Drivers via Automated Virtual Device Simulation"	https://dl.acm.org/doi/pdf/10.1145/3533767.3534226
[Finding Bugs] 2022: "KSG: Augmenting Kernel Fuzzing with System Call Specification Generation"	http://www.wingtecher.com/themes/WingTecherResearch/assets/papers/atc22.pdf
[Finding Bugs] 2022: "Demystifying the Dependency Challenge in Kernel Fuzzing"	https://github.com/ZHYfeng/Dependency/blob/master/Paper.pdf
[Finding Bugs] 2022: "Hunting for Linux kernel public vulnerabilities"	https://1day.dev/notes/Hunting-for-Linux-kernel-public-vulnerabilities/
[Finding Bugs] 2022: "DangZero: Efficient Use-After-Free Detection via Direct Page Table Access"	https://download.vusec.net/papers/dangzero_ccs22.pdf
[Finding Bugs] 2022: "How I started chasing speculative type confusion bugs in the kernel and ended up with 'real' ones" by Jakob Koschel	https://lpc.events/event/16/contributions/1211/attachments/979/1981/LPC2022_slides_Jakob_Koschel.pdf
[Finding Bugs] 2022: "Technical analysis of syzkaller based fuzzers: It's not about VaultFuzzer!"	https://hardenedvault.net/blog/2022-08-07-state-based-fuzzer-update/
[Finding Bugs] 2022: "GREBE: Unveiling Exploitation Potential for Linux Kernel Bugs"	https://zplin.me/papers/GREBE.pdf
[Finding Bugs] 2022: "An In-depth Analysis of Duplicated Linux Kernel Bug Reports"	https://zplin.me/papers/bug_analysis.pdf
[Finding Bugs] 2022: "Looking for Remote Code Execution bugs in the Linux kernel" by Andrey Konovalov	https://xairy.io/articles/syzkaller-external-network
[Finding Bugs] 2022: "Progressive Scrutiny: Incremental Detection of UBI bugs in the Linux Kernel"	https://www.ndss-symposium.org/wp-content/uploads/2022-380-paper.pdf
[Finding Bugs] 2022: "Syzkaller diving 01: Learn basic KCOV and how fuzzer adopts it" by f0rm2l1n	https://f0rm2l1n.github.io/2021-02-02-syzkaller-diving-01/
[Finding Bugs] 2022: "Syzkaller diving 02: How syzkaller describe syscalls" by f0rm2l1n	https://f0rm2l1n.github.io/2021-02-04-syzkaller-diving-02/
[Finding Bugs] 2022: "Syzkaller diving 03: What is the remote KCOV?" by f0rm2l1n	https://f0rm2l1n.github.io/2021-02-10-syzkaller-diving-03/
[Finding Bugs] 2022: "Case Studies of Fuzzing with Xen" by Tamas K Lengyel at OffensiveCon	https://www.slideshare.net/tklengyel/offensivecon2022-case-studies-of-fuzzing-with-xen
[Finding Bugs] 2021: "Rtkaller: State-aware Task Generation for RTOS Fuzzing"	http://www.wingtecher.com/themes/WingTecherResearch/assets/papers/emsoft21.pdf
[Finding Bugs] 2021: "BSOD: Binary-only Scalable fuzzing Of device Drivers" by Fabian Toepfer and Dominik Maier	https://dmnk.co/raid21-bsod.pdf
[Finding Bugs] 2021: "LinKRID: Vetting Imbalance Reference Counting in Linux kernel with Symbolic Execution" at USENIX	https://www.usenix.org/system/files/sec22summer_liu-jian.pdf
[Finding Bugs] 2021: "An Analysis of Speculative Type Confusion Vulnerabilities in the Wild" at USENIX	https://www.usenix.org/system/files/sec21-kirzner.pdf
[Finding Bugs] 2021: "SyzVegas: Beating Kernel Fuzzing Odds with Reinforcement Learning" at USENIX	https://www.usenix.org/system/files/sec21-wang-daimeng.pdf
[Finding Bugs] 2021: "Detecting Kernel Refcount Bugs with Two-Dimensional Consistency Checking" at USENIX	https://www.usenix.org/system/files/sec21-tan.pdf
[Finding Bugs] 2021: "Ruffling the penguin! How to fuzz the Linux kernel" by Andrey Konovalov and xakep.ru	https://hackmag.com/security/linux-fuzzing/
[Finding Bugs] 2021: "CoLaFUZE: Coverage-Guided and Layout-Aware Fuzzing for Android Drivers"	https://www.jstage.jst.go.jp/article/transinf/E104.D/11/E104.D_2021NGP0005/_pdf
[Finding Bugs] 2021: "CVEHound: Audit Kernel Sources for Missing CVE Fixes" by Denis Efremov	https://speakerdeck.com/efremov/cvehound-audit-kernel-sources-for-missing-cve-fixes
[Finding Bugs] 2021: "Finding Multiple Bug Effects for More Precise Exploitability Estimation" by Zhenpeng Lin and Yueqi Chen	https://static.sched.com/hosted_files/lssna2021/5a/LSS_2021_Multiple_Error_Behavior.pdf
[Finding Bugs] 2021: "Triaging Kernel Out-Of-Bounds Write Vulnerabilities" by Weiteng Chen	https://static.sched.com/hosted_files/lssna2021/07/koobe-LSS.pdf
[Finding Bugs] 2021: "SyzScope: Revealing High-Risk Security Impacts of Fuzzer-Exposed Bugs" by Xiaochen Zou	https://etenal.me/wp-content/uploads/2021/10/SyzScope-final.pdf
[Finding Bugs] 2021: "HEALER: Relation Learning Guided Kernel Fuzzing"	http://www.wingtecher.com/themes/WingTecherResearch/assets/papers/healer-sosp21.pdf
[Finding Bugs] 2021: "Snowboard: Finding Kernel Concurrency Bugs through Systematic Inter-thread Communication Analysis"	https://dl.acm.org/doi/pdf/10.1145/3477132.3483549
[Finding Bugs] 2021: "Detecting semantic bugs using differential fuzzing" by Mara Mihali	https://linuxplumbersconf.org/event/11/contributions/1033/attachments/742/1621/syz-verifier%20-%20Linux%20Plumbers%202021.pdf
[Finding Bugs] 2021: "Fuzzing Linux with Xen" by Tamas K Lengyel	https://media.defcon.org/DEF%20CON%2029/DEF%20CON%2029%20presentations/Tamas%20K%20Lengyel%20-%20Fuzzing%20Linux%20with%20Xen.pdf
[Finding Bugs] 2021: "Variant analysis of the ‘Sequoia’ bug" by Jordy Zomer	https://pwning.systems/posts/sequoia-variant-analysis/
[Finding Bugs] 2021: "KMSAN, a look under the hood" by Alexander Potapenko	https://github.com/ramosian-glider/talks-and-presentations/blob/master/2021/KernelMemorySanitizer_a_look_under_the_hood.pdf
[Finding Bugs] 2021: "Detecting Kernel Memory Leaks in Specialized Modules with Ownership Reasoning"	https://github.com/QiushiWu/QiushiWu.github.io/blob/main/papers/k-meld.pdf
[Finding Bugs] 2021: "Understanding and Detecting Disordered Error Handling with Precise Function Pairing"	https://www.usenix.org/system/files/sec21summer_wu-qiushi.pdf
[Finding Bugs] 2021: "KFENCE - Detecting memory bugs in production kernels"	https://thomasw.dev/post/kfence/
[Finding Bugs] 2021: "Fuzzing the Linux Kernel" by Andrey Konovalov	https://linuxfoundation.org/wp-content/uploads/2021-Linux-Foundation-Mentorship-Series_-Fuzzing-the-Linux-Kernel.pdf
[Finding Bugs] 2021: "Dynamic program analysis for fun and profit" by Dmitry Vyukov	https://linuxfoundation.org/wp-content/uploads/Dynamic-program-analysis_-LF-Mentorship.pdf
[Finding Bugs] 2020: "UBITect: A Precise and Scalable Method to Detect Use-before-Initialization Bugs in Linux Kernel"	https://dl.acm.org/doi/pdf/10.1145/3368089.3409686
[Finding Bugs] 2020: "RetroWrite: Statically Instrumenting COTS Binaries for Fuzzing and Sanitization"	https://nebelwelt.net/files/20Oakland.pdf
[Finding Bugs] 2020: "Fuzzing a Pixel 3a Kernel with Syzkaller" by senyuuri	https://blog.senyuuri.info/2020/04/16/fuzzing-a-pixel-3a-kernel-with-syzkaller/
[Finding Bugs] 2020: "Fuzzing the Berkeley Packet Filter" by Benjamin Curt Nilsen	https://search.proquest.com/openview/feeeac2f4c7f767740986bdbf9d51785/1?pq-origsite=gscholar&cbl=44156
[Finding Bugs] 2020: "syzkaller: Adventures in Continuous Coverage-guided Kernel Fuzzing" by Dmitry Vyukov at BlueHat IL	https://docs.google.com/presentation/d/e/2PACX-1vRWjOOL45BclKsCPMzdWmvH12hu-Ld1cU5MbB1tqcBhjVIr1M_qxZRE-ObKcVmqpCyqRAO62Sxm0_aW/pub?start=false&loop=false&delayms=3000&slide=id.p
[Finding Bugs] 2020: "syzkaller / sanitizers: status update" by Dmitry Vyukov at Linux Plumbers	https://linuxplumbersconf.org/event/7/contributions/716/attachments/645/1181/syzkaller_LPC2020.pdf
[Finding Bugs] 2020: "Fuzzing for eBPF JIT bugs in the Linux kernel" by Simon Scannell	https://scannell.io/posts/ebpf-fuzzing/
[Finding Bugs] 2020: "Specification and verification in the field: Applying formal methods to BPF just-in-time compilers in the Linux kernel"	https://unsat.cs.washington.edu/papers/nelson-jitterbug.pdf
[Finding Bugs] 2020: "Eliminating bugs in BPF JITs using automated formal verification" by Luke Nelson	https://homes.cs.washington.edu/~lukenels/slides/2020-08-28-lpc.pdf
[Finding Bugs] 2020: "Fuzzing the Linux kernel (x86) entry code, Part 1 of 3" by Vegard Nossum	https://blogs.oracle.com/linux/fuzzing-the-linux-kernel-x86-entry-code%2c-part-1-of-3
[Finding Bugs] 2020: "Fuzzing the Linux kernel (x86) entry code, Part 2 of 3" by Vegard Nossum	https://blogs.oracle.com/linux/fuzzing-the-linux-kernel-x86-entry-code%2c-part-2-of-3
[Finding Bugs] 2020: "Fuzzing the Linux kernel (x86) entry code, Part 3 of 3" by Vegard Nossum	https://blogs.oracle.com/linux/fuzzing-the-linux-kernel-x86-entry-code%2c-part-3-of-3
[Finding Bugs] 2020: "Data-race detection in the Linux kernel" by Marco Elver at Linux Plumbers	https://linuxplumbersconf.org/event/7/contributions/647/attachments/549/972/LPC2020-KCSAN.pdf
[Finding Bugs] 2020: "harbian-qa: State-based target directed fuzzer based on syzkaller"	https://github.com/hardenedlinux/harbian-qa/blob/master/syzkaller/design_inplementation_intro.md
[Finding Bugs] 2020: "Agamotto: Accelerating Kernel Driver Fuzzing with Lightweight Virtual Machine Checkpoints"	https://www.usenix.org/system/files/sec20-song.pdf
[Finding Bugs] 2020: "Using syzkaller, part 1: Fuzzing the Linux kernel" by Andre Almeida	https://www.collabora.com/news-and-blog/blog/2020/03/26/syzkaller-fuzzing-the-kernel/
[Finding Bugs] 2020: "Using syzkaller, part 2: Detecting programming bugs in the Linux kernel" by Andre Almeida	https://www.collabora.com/news-and-blog/blog/2020/04/17/using-syzkaller-to-detect-programming-bugs-in-linux/
[Finding Bugs] 2020: "Using syzkaller, part 3: Fuzzing your changes" by Andre Almeida	https://www.collabora.com/news-and-blog/blog/2020/05/12/using-syzkaller-fuzzing-your-changes/
[Finding Bugs] 2020: "Using syzkaller, part 4: Driver fuzzing" by Andre Almeida	https://www.collabora.com/news-and-blog/blog/2020/06/26/using-syzkaller-part-4-driver-fuzzing/
[Finding Bugs] 2020: "Effective Detection of Sleep-in-atomic-context Bugs in the Linux Kernel"	https://dl.acm.org/doi/pdf/10.1145/3381990
[Finding Bugs] 2020: "KRACE: Data Race Fuzzing for Kernel File Systems"	https://www.cc.gatech.edu/~mxu80/pubs/xu:krace.pdf
[Finding Bugs] 2020: "USBFuzz: A Framework for Fuzzing USB Drivers by Device Emulation" by Hui Peng and Mathias Payer	https://nebelwelt.net/publications/files/20SEC3.pdf
[Finding Bugs] 2020: "HFL: Hybrid Fuzzing on the Linux Kernel"	https://www.ndss-symposium.org/wp-content/uploads/2020/02/24018.pdf
[Finding Bugs] 2020: "KOOBE: Towards Facilitating Exploit Generation of Kernel Out-Of-Bounds Write Vulnerabilities"	https://www.usenix.org/system/files/sec20summer_chen-weiteng_prepub.pdf
[Finding Bugs] 2020: "Analyzing the Linux Kernel in Userland with AFL and KLEE"	https://blog.grimm-co.com/post/analyzing-the-linux-kernel-in-userland-with-afl-and-klee/
[Finding Bugs] 2020: "Precisely Characterizing Security Impact in a Flood of Patches via Symbolic Rule Comparison"	https://www.ndss-symposium.org/wp-content/uploads/2020/02/24419-paper.pdf
[Finding Bugs] 2020: "Finding Race Conditions in Kernels: from Fuzzing to Symbolic Execution" by Meng Xu	https://gts3.org/assets/papers/2020/xu:thesis.pdf
[Finding Bugs] 2020: "A Hybrid Interface Recovery Method for Android Kernels Fuzzing"	https://qrs20.techconf.org/QRS2020_FULL/pdfs/QRS2020-4LGdOos7NAbR8M2s6S6ezE/891300a335/891300a335.pdf
[Finding Bugs] 2019: "perf fuzzer: Exposing Kernel Bugs by Detailed Fuzzing of a Specific System Call (2019 Update)" by Vincent M. Weaver and Dave Jones	http://web.eece.maine.edu/~vweaver/projects/perf_events/fuzzer/2019_perf_fuzzer_tr.pdf
[Finding Bugs] 2019: "Industry Practice of Coverage-Guided Enterprise Linux Kernel Fuzzing"	http://wingtecher.com/themes/WingTecherResearch/assets/papers/fse19-linux-kernel.pdf
[Finding Bugs] 2019: "Effective Static Analysis of Concurrency Use-After-Free Bugs in Linux Device Drivers"	https://hal.inria.fr/hal-02182516/document
[Finding Bugs] 2019: "A gentle introduction to Linux Kernel fuzzing" by Marek Majkowski	https://blog.cloudflare.com/a-gentle-introduction-to-linux-kernel-fuzzing/
[Finding Bugs] 2019: "Unicorefuzz: On the Viability of Emulation for Kernelspace Fuzzing"	https://www.usenix.org/system/files/woot19-paper_maier.pdf
[Finding Bugs] 2019: "Case study: Searching for a vulnerability pattern in the Linux kernel" by Alexander Popov	https://a13xp0p0v.github.io/2019/08/10/cfu.html
[Finding Bugs] 2019: "Razzer: Finding Kernel Race Bugs through Fuzzing"	https://www.youtube.com/watch?v=9UszCIxc0r0
[Finding Bugs] 2019: "Fuzzing File Systems via Two-Dimensional Input Space Exploration"	https://taesoo.kim/pubs/2019/xu:janus.pdf
[Finding Bugs] 2019: "PeriScope: An Effective Probing and Fuzzing Framework for the Hardware-OS Boundary"	https://www.ndss-symposium.org/wp-content/uploads/2019/02/ndss2019_04A-1_Song_paper.pdf
[Finding Bugs] 2019: "Hourglass Fuzz: A Quick Bug Hunting Method"	https://conference.hitb.org/hitbsecconf2019ams/materials/D1T2%20-%20Hourglass%20Fuzz%20-%20A%20Quick%20Bug%20Hunting%20Method%20-%20Moony%20Li,%20Todd%20Han,%20Lance%20Jiang%20&%20Lilang%20Wu.pdf
[Finding Bugs] 2019: "Detecting Missing-Check Bugs via Semantic- and Context-Aware Criticalness and Constraints Inferences"	https://www.usenix.org/system/files/sec19-lu.pdf
[Finding Bugs] 2019: "Automatically Identifying Security Checks for Detecting Kernel Semantic Bugs"	https://github.com/QiushiWu/QiushiWu.github.io/blob/main/papers/cheq.pdf
[Finding Bugs] 2018: "FastSyzkaller: Improving Fuzz Efficiency for Linux Kernel Fuzzing"	https://iopscience.iop.org/article/10.1088/1742-6596/1176/2/022013/pdf
[Finding Bugs] 2018: "Writing the worlds worst Android fuzzer, and then improving it" by Brandon Falk	https://gamozolabs.github.io/fuzzing/2018/10/18/terrible_android_fuzzer.html
[Finding Bugs] 2018: "From Thousands of Hours to a Couple of Minutes: Towards Automating Exploit Generation for Arbitrary Types of Kernel Vulnerabilities"	http://i.blackhat.com/us-18/Thu-August-9/us-18-Wu-Towards-Automating-Exploit-Generation-For-Arbitrary-Types-of-Kernel-Vulnerabilities.pdf
[Finding Bugs] 2018: "MoonShine: Optimizing OS Fuzzer Seed Selection with Trace Distillation"	http://www.cs.columbia.edu/~suman/docs/moonshine.pdf
[Finding Bugs] 2018: "Detecting Kernel Memory Disclosure with x86 Emulation and Taint Tracking" by Mateusz Jurczyk	https://j00ru.vexillium.org/papers/2018/bochspwn_reloaded.pdf
[Finding Bugs] 2018: "New Compat Vulnerabilities In Linux Device Drivers" at BlackHat	https://www.blackhat.com/docs/asia-18/asia-18-Ding-New-Compat-Vulnerabilities-In-Linux-Device-Drivers.pdf
[Finding Bugs] 2018: "Precise and Scalable Detection of Double-Fetch Bugs in OS Kernels"	http://www-users.cs.umn.edu/~kjlu/papers/deadline.pdf
[Finding Bugs] 2018: "Concolic Testing for Kernel Fuzzing and Vulnerability Discovery" by Vitaly Nikolenko at OffensiveCon	https://www.youtube.com/watch?v=mpfKN1URqdQ
[Finding Bugs] 2018: "K-Miner: Uncovering Memory Corruption in Linux"	http://lib.21h.io/library/XHEQU6AX/download/SLDEJFQG/2018_K-Miner_-_Uncovering_Memory_Corruption_in_Linux_Internet_Society.pdf
[Finding Bugs] 2017: "KernelMemorySanitizer (KMSAN)" by Alexander Potapenko	https://blog.linuxplumbersconf.org/2017/ocw/system/presentations/4825/original/KMSAN%20presentation%20for%20LPC%202017.pdf
[Finding Bugs] 2017: "The android vulnerability discovery in SoC" by Yu Pan and Yang Dai	http://powerofcommunity.net/poc2017/yu.pdf
[Finding Bugs] 2017: "Evolutionary Kernel Fuzzing" by Richard Johnson at Black Hat USA	https://moflow.org/Presentations/Evolutionary%20Kernel%20Fuzzing-BH2017-rjohnson-FINAL.pdf
[Finding Bugs] 2017: "DIFUZE: Interface Aware Fuzzing for Kernel Drivers"	https://www.blackhat.com/docs/eu-17/materials/eu-17-Corina-Difuzzing-Android-Kernel-Drivers.pdf
[Finding Bugs] 2017: "SemFuzz: Semantics-based Automatic Generation of Proof-of-Concept Exploits" at CCS	https://acmccs.github.io/papers/p2139-youA.pdf
[Finding Bugs] 2017: "kAFL: Hardware-Assisted Feedback Fuzzing for OS Kernels" at USENIX	https://www.usenix.org/system/files/conference/usenixsecurity17/sec17-schumilo.pdf
[Finding Bugs] 2017: "How Double-Fetch Situations turn into DoubleFetch Vulnerabilities: A Study of Double Fetches in the Linux Kernel" at USENIX	https://www.usenix.org/system/files/conference/usenixsecurity17/sec17-wang.pdf
[Finding Bugs] 2017: "DR. CHECKER: A Soundy Analysis for Linux Kernel Drivers" at USENIX	https://www.usenix.org/system/files/conference/usenixsecurity17/sec17-machiry.pdf
[Finding Bugs] 2016: "Using Static Checking To Find Security Vulnerabilities In The Linux Kernel" by Vaishali Thakkar	http://events17.linuxfoundation.org/sites/events/files/slides/Using%20static%20checking%20to%20find%20security%20vulnerabilities%20in%20the%20Linux%20Kernel.pdf
[Finding Bugs] 2016: "UniSan: Proactive Kernel Memory Initialization to Eliminate Data Leakages"	https://gts3.org/assets/papers/2016/lu:unisan.pdf
[Finding Bugs] 2016: "An Analysis on the Impact and Detection of Kernel Stack Infoleaks"	https://www.researchgate.net/publication/298313650_An_Analysis_on_the_Impact_and_Detection_of_Kernel_Stack_Infoleaks
[Finding Bugs] 2016: "Syzkaller, Future Developement" by Dmitry Vyukov at Linux Plumbers	https://docs.google.com/presentation/d/1iAuTvzt_xvDzS2misXwlYko_VDvpvCmDevMOq2rXIcA/edit#slide=id.p
[Finding Bugs] 2016: "Coverage-guided kernel fuzzing with syzkaller"	https://lwn.net/Articles/677764/
[Finding Bugs] 2016: "Filesystem Fuzzing with American Fuzzy Lop" by Vegard Nossum and Quentin Casasnovas	https://events.linuxfoundation.org/sites/events/files/slides/AFL%20filesystem%20fuzzing%2C%20Vault%202016_0.pdf
[Finding Bugs] 2016: "Project Triforce: AFL + QEMU + kernel = CVEs! (or) How to use AFL to fuzz arbitrary VMs" at ToorCon	https://github.com/nccgroup/TriforceAFL/blob/master/slides/ToorCon16_TriforceAFL.pdf
[Finding Bugs] 2015: "KernelAddressSanitizer (KASan): a fast memory error detector for the Linux kernel" by Andrey Konovalov at LinuxCon North America	http://events.linuxfoundation.org/sites/events/files/slides/LinuxCon%20North%20America%202015%20KernelAddressSanitizer.pdf
[Finding Bugs] 2015: "Introduction to USB and Fuzzing" by Matt DuHarte at DEF CON	https://www.youtube.com/watch?v=KWOTXypBt4E
[Finding Bugs] 2015: "Don't Trust Your USB! How to Find Bugs in USB Device Drivers" by Sergej Schumilo et al. at Black Hat	https://www.youtube.com/watch?v=OAbzN8k6Am4
[Finding Bugs] 2012: "Comprehensive Kernel Instrumentation via Dynamic Binary Translation"	http://www.cs.toronto.edu/~peter/feiner_asplos_2012.pdf
[Finding Bugs] 2010: "Automatic Bug-finding Techniques for Linux Kernel" by Jiri Slaby	https://www.fi.muni.cz/~xslaby/sklad/teze.pdf
[Finding Bugs] 2009: "Opensource Kernel Auditing and Exploitation" by Silvio Cesare at DEF CON	https://www.youtube.com/watch?v=sNh2TD6Tf9Q
[Defensive] 2026: "Outrunning LLM Cutoffs: A Live Kernel Crash Resolution Benchmark for All" by Chenxi Huang et al.	https://arxiv.org/pdf/2602.02690
[Defensive] 2026: "DMGuard: Safeguarding Kernels from Physical-Page Use-After-Free Vulnerabilities" by Juhee Kim et al.	https://www.usenix.org/system/files/usenixsecurity26-kim-juhee-dmguard.pdf
[Defensive] 2026: "KernelRCA: Facilitating Root Cause Analysis of Memory Corruptions in Linux Kernel with Contextual Causality Chain" by Kangzheng Gu et al.	https://www.usenix.org/system/files/usenixsecurity26-gu-kangzheng.pdf
[Defensive] 2026: "Surviving the surge of new Linux LPE : Defense in Depth not dead" by Romain Huon	https://www.synacktiv.com/en/publications/surviving-the-surge-of-new-linux-lpe-defense-in-depth-not-dead
[Defensive] "Linux Kernel Defence Map" by Alexander Popov	https://github.com/a13xp0p0v/linux-kernel-defence-map
[Defensive] 2025: "Enhancing FineIBT" by Jake Edge	https://lwn.net/Articles/1039633/
[Defensive] 2025: "Linux Kernel Runtime Guard (LKRG) 1.0" by Solar Designer	https://www.openwall.com/presentations/NullconBerlin2025-LKRG/
[Defensive] 2025: "Prioritizing the Linux OS Hardening and CVE Mitigation" by Baoli Zhang	https://www.youtube.com/watch?v=tzi5yyRqFZw
[Defensive] 2025: "Kernel Hardening With Protection Keys" by Kevin Brodsky	https://www.youtube.com/watch?v=MrA2nmMgu6I
[Defensive] 2025: "Upstream Kernel Hardening: Progress on Enabling -Wflex-array-member-not-at-end" by Gustavo A. R. Silva	https://embeddedor.com/slides/2025/osseu/osseu2025.pdf
[Defensive] 2025: "Linux Kernel Hardening: Ten Years Deep" by Kees Cook	https://outflux.net/slides/2025/lss/kspp-decade.pdf
[Defensive] 2025: "IUBIK: Isolating User Bytes in Commodity Operating System Kernels via Memory Tagging Extensions" by Marius Momeu et al.	https://www.computer.org/csdl/proceedings-article/sp/2025/223600a829/26hiTXrQMjS
[Defensive] 2025: "Linux kernel Rust module for rootkit detection" by Antoine Doglioli	https://blog.thalium.re/posts/linux-kernel-rust-module-for-rootkit-detection/
[Defensive] 2025: "Enhancing spatial safety: fixing thousands of -Wflex-array-member-not-at-end warnings" by Gustavo A. R. Silva	https://embeddedor.com/slides/2025/eo/eo2025.pdf
[Defensive] 2024: "KernJC: Automated Vulnerable Environment Generation for Linux Kernel Vulnerabilities"	https://arxiv.org/pdf/2404.11107
[Defensive] 2024: "Diving into Linux kernel security" by Alexander Popov	https://a13xp0p0v.github.io/img/Alexander_Popov-H2HC-2024.pdf
[Defensive] 2024: "A Decade of Low-hanging Fruit in the Linux Kernel" by Kees Cook	https://outflux.net/slides/2024/bsidespdx/decade.pdf
[Defensive] 2024: "An adventure with formal verification of Linux kernel code" by Julia Lawall	https://drive.google.com/file/d/1EWDPz9vUZF7qjk-f8fCP7lUMu4iSfstz/view
[Defensive] 2024: "Diving into the kernel mitigations" by Breno Leitao	https://www.youtube.com/watch?v=srPeMl9FZI8
[Defensive] 2024: "Security Features status update" by Kees Cook	https://lpc.events/event/18/contributions/1920/attachments/1547/3228/Security%20Features%20status%20update.pdf
[Defensive] 2024: "Restricting Unprivileged User Namespaces In Ubuntu" by John Johansen and Maxime Belair	https://static.sched.com/hosted_files/lsseu2024/ed/Restricting%20Unprivileged%20User%20Namespaces%20In%20Ubuntu.pdf
[Defensive] 2024: "Enhancing spatial safety: fixing thousands of -Wflex-array-member-not-at-end warnings" by Gustavo A. R. Silva	https://lpc.events/event/18/contributions/1722/attachments/1591/3303/Wfamnae_lpceu2024.pdf
[Defensive] 2024: "Challenges and Innovations Towards Spatial Safety in the Linux Kernel" by Gustavo A. R. Silva	https://embeddedor.com/slides/2024/lceu/lceu2024.pdf
[Defensive] 2024: "Agni: Fast Formal Verification of the Verifier's Range Analysis" by Paul Chaignon	https://pchaigno.github.io/assets/Linux%20Plumbers%202024%20Agni.pdf
[Defensive] 2024: "Lazy Abstraction Refinement with Proof" by Hao Sun and Zhendong Su	https://lpc.events/event/18/contributions/1939/attachments/1593/3305/LPC%20'24%20(Hao%20Sun
[Defensive] 2024: "Improving eBPF Complexity with a Hardware-backed Isolation Environment" by Zhe Wang	https://lpc.events/event/18/contributions/1947/attachments/1452/3087/Zhe%20Wang.pdf
[Defensive] 2024: "Towards Safe Kernel Extensibility With eBPF" by Soo Yee Lim	https://s00y33.github.io/publication/safebpf/safebpf.pdf
[Defensive] 2024: "Stop! Sandboxing Exploitable Functions and Modules Using In-Kernel Machine Learning"	https://i.blackhat.com/BH-US-24/Presentations/US24-Dai-Stop-Sandboxing-Exploitable-Functions-and-Modules-Using-In-Kernel-Machine-Learning-Thursday.pdf
[Defensive] 2024: "ISLAB: Immutable Memory Management Metadata for Commodity Operating System Kernels"	https://cs.brown.edu/~vpk/papers/islab.asiaccs24.pdf
[Defensive] 2024: "SeaK: Rethinking the Design of a Secure Allocator for OS Kernel"	https://www.usenix.org/system/files/usenixsecurity24-wang-zicheng.pdf
[Defensive] 2024: "MOAT: Towards Safe BPF Kernel Extension"	https://www.usenix.org/system/files/usenixsecurity24-lu-hongyi.pdf
[Defensive] 2024: "SafeFetch: Practical Double-Fetch Protection with Kernel-Fetch Caching"	https://www.usenix.org/system/files/usenixsecurity24-duta.pdf
[Defensive] 2024: "Reducing Maintenance Burden by Bending C" by Mathias Krause	https://grsecurity.net/reducing_maintenance_burden_by_bending_c
[Defensive] 2024: "BeeBox: Hardening BPF against Transient Execution Attacks" by Di Jin et al.	https://cs.brown.edu/~vpk/papers/beebox.sec24.pdf
[Defensive] 2024: "Validating the eBPF Verifier via State Embedding" by Hao Sun and Zhendong Su	https://www.usenix.org/system/files/osdi24-sun-hao.pdf
[Defensive] 2024: "Beyond the Edges of Kernel Control-Flow Hijacking Protection with HEK-CFI" by Lukas Maar et al.	https://dl.acm.org/doi/pdf/10.1145/3634737.3661135
[Defensive] 2024: "On Kernel's Safety in the Spectre Era (And KASLR is Formally Dead)" by Davide Davoli et al.	https://arxiv.org/pdf/2406.07278
[Defensive] 2024: "Challenges and innovations towards safer flexible arrays in the Linux Kernel" by Gustavo A. R. Silva	https://embeddedor.com/slides/2024/llc/llc2024.pdf
[Defensive] 2024: "Mitigating Integer Overflow in C" by Kees Cook	https://outflux.net/slides/2024/lss-na/
[Defensive] 2024: "Gaining bounds-checking on trailing arrays in the Upstream Linux Kernel" by Gustavo A. R. Silva	https://embeddedor.com/slides/2024/eo/eo2024.pdf
[Defensive] 2024: "A Hybrid Alias Analysis Framework and Its Application to Protecting the Linux Kernel" by Guoren Li	https://www.youtube.com/watch?v=F4L2mBqnh30
[Defensive] 2024: "Hardening the kernel against heap-spraying attacks" by Jonathan Corbet	https://lwn.net/Articles/965837/
[Defensive] 2024: "Notes on the 'slab: Introduce dedicated bucket allocator' series" by Julien Voisin	https://dustri.org/b/notes-on-the-slab-introduce-dedicated-bucket-allocator-series.html
[Defensive] 2023: "Modern LInux Kernel Mitigations" by Ray Veldkamp and Matthew Kurz	https://www.youtube.com/watch?v=kNCtWCcixsU
[Defensive] 2023: "An abridged history of Linux kernel hardening" by Russell Currey	https://www.youtube.com/watch?v=n7oUA2b15P8
[Defensive] 2023: "Exploring Linux's New Random Kmalloc Caches" by sam4k	https://sam4k.com/exploring-linux-random-kmalloc-caches/
[Defensive] 2023: "Toolchain security features status update"	https://outflux.net/slides/2023/lpc/features.pdf
[Defensive] 2023: "Enable MTE on Pixel 8" by Kees Cook	https://outflux.net/blog/archives/2023/10/26/enable-mte-on-pixel-8/
[Defensive] 2023: "Gaining bounds-checking on trailing arrays in the Upstream Linux Kernel" by Gustavo A. R. Silva	https://speakerdeck.com/ennael/gaining-bounds-checking-on-trailing-arrays-in-the-upstream-linux-kernel
[Defensive] 2023: "CONSTIFY: Fast Defenses for New Exploits" by Mathias Krause	https://grsecurity.net/constify_fast_defenses_for_new_exploits
[Defensive] 2023: "Mitigating Security Risks in Linux with KLAUS: A Method for Evaluating Patch Correctness"	https://www.usenix.org/system/files/usenixsecurity23-wu-yuhang.pdf
[Defensive] 2023: "Progress On Bounds Checking in C and the Linux Kernel" by Kees Cook and Gustavo A. R. Silva	https://outflux.net/slides/2023/lss-na/bounds-checking.pdf
[Defensive] 2023: "Mobile Exploitation - The past, present, and the future" by Ki Chan Ahn	https://github.com/externalist/presentations/blob/master/2023%20Zer0con/Mobile%20Exploitation%2C%20the%20past%2C%20present%2C%20and%20future.pdf
[Defensive] 2023: "Bounded Flexible Arrays in C" by Kees Cook	https://people.kernel.org/kees/bounded-flexible-arrays-in-c
[Defensive] 2022: "Survey of security mitigations and architectures, December 2022" by Saar Amar	https://saaramar.github.io/memory_safety_blogpost_2022/
[Defensive] 2022: "Canary in the Kernel Mine: Exploiting and Defending Against Same-Type Object Reuse" by Mathias Krause	https://grsecurity.net/exploiting_and_defending_against_same_type_object_reuse
[Defensive] 2022: "Making Linux Kernel Exploit Cooking Harder"	https://security.googleblog.com/2022/08/making-linux-kernel-exploit-cooking.html
[Defensive] 2022: "Where are we on security features?"	https://lpc.events/event/16/contributions/1173/attachments/1099/2108/LPC22%20-%20Where%20are%20we%20on%20security%20features%3F.pdf
[Defensive] 2022: "Control-Flow Integrity Kernel Support"	https://lpc.events/event/16/contributions/1315/attachments/1067/2169/cfi.pdf
[Defensive] 2022: "HotBPF - An On-demand and On-the-fly Memory Protection for the Linux Kernel"	https://www.youtube.com/watch?v=1KSLTsgxaSU
[Defensive] 2022: "Mind The Gap - The Linux Ecosystem Kernel Patch Gap" by Jakob Lell and Regina Biro	https://www.youtube.com/watch?v=WkJQImkOkNk
[Defensive] 2022: "The exploit recon 'msg_msg' and its mitigation in VED"	https://hardenedvault.net/blog/2022-11-13-msg_msg-recon-mitigation-ved/
[Defensive] 2022: "Return to sender: Detecting kernel exploits with eBPF" by Guillaume Fournier at Black Hat USA	https://i.blackhat.com/USA-22/Wednesday/US-22-Fournier-Return-To-Sender.pdf
[Defensive] 2022: "Meaningful Bounds Checking in the Linux Kernel" by Kees Cook	https://outflux.net/slides/2022/lss-na/
[Defensive] 2022: "Compilers: The Old New Security Frontier" by Brad Spengler	https://grsecurity.net/Compilers_The_Old_New_Security_Frontier_BlueHat_IL_2022.pdf
[Defensive] 2022: "In-Kernel Control-Flow Integrity on Commodity OSes using ARM Pointer Authentication"	https://www.usenix.org/system/files/sec22fall_yoo.pdf
[Defensive] 2022: "Preventing Kernel Hacks with HAKC"	https://nebelwelt.net/files/22NDSS2.pdf
[Defensive] 2022: "Mitigating Processor Vulnerabilities by Restructuring the Kernel Address Space" by Sebastian Eydam	https://fosdem.org/2022/schedule/event/seydam/attachments/slides/4837/export/events/attachments/seydam/slides/4837/fosdem_pres_seydam.pdf
[Defensive] 2022: "Meaningful Bounds Checking in the Linux Kernel" by Kees Cook at Linux Conf AU	https://outflux.net/slides/2022/lca/
[Defensive] 2022: "Mitigating kernel risks on 32-bit ARM" by Ard Biesheuvel	https://security.googleblog.com/2022/02/mitigating-kernel-risks-on-32-bit-arm.html
[Defensive] 2022: "Kernel Hardening for 32-bit Arm Processors" by Keith Packard at Linux Conf AU	https://www.youtube.com/watch?v=kmMGdSVDVuQ
[Defensive] 2021: "Mitigating Linux kernel memory corruptions with Arm Memory Tagging" by Andrey Konovalov	https://docs.google.com/presentation/d/1IpICtHR1T3oHka858cx1dSNRu2XcT79-RCRPgzCuiRk/edit?usp=sharing
[Defensive] 2021: "Attack surface analysis of the Linux kernel based on complexity metrics" by Stefan Bavendiek	https://www.researchgate.net/profile/Stefan-Bavendiek/publication/365872100_Attack_surface_analysis_of_the_Linux_kernel_based_on_complexity_metrics/links/638786d9bbdef30dc9877e26/Attack-surface-analysis-of-the-Linux-kernel-based-on-complexity-metrics.pdf
[Defensive] 2021: "Midas: Systematic Kernel TOCTTOU Protection" at USENIX	https://www.usenix.org/system/files/sec22summer_bhattacharyya.pdf
[Defensive] 2021: "Undo Workarounds for Kernel Bugs" at USENIX	https://www.usenix.org/system/files/sec21-talebi.pdf
[Defensive] 2021: "SHARD: Fine-Grained Kernel Specialization with Context-Aware Hardening" at USENIX	https://www.usenix.org/system/files/sec21-abubakar.pdf
[Defensive] 2021: "Mitigation of Kernel Memory Corruption Using Multiple Kernel Memory Mechanism"	https://ieeexplore.ieee.org/stamp/stamp.jsp?arnumber=9502080
[Defensive] 2021: "Hardware-Assisted Fine-Grained Control-Flow Integrity: Adding Lasers to Intel's CET/IBT" by Joao Moreira	https://static.sched.com/hosted_files/lssna2021/8f/LSS_FINEIBT_JOAOMOREIRA.pdf
[Defensive] 2021: "Kernel Self-Protection Project" by Kees Cook	https://outflux.net/slides/2021/lss/kspp.pdf
[Defensive] 2021: "Compiler Features for Kernel Security" by Kees Cook	https://linuxplumbersconf.org/event/11/contributions/1026/attachments/884/1692/compiler-features-for-kernel-security.pdf
[Defensive] 2021: "A proof-carrying approach to building correct and flexible in-kernel verifiers"	https://linuxplumbersconf.org/event/11/contributions/944/attachments/893/1707/2021-09-23-lpc21.pdf
[Defensive] 2021: "How AUTOSLAB Changes the Memory Unsafety Game" by Zhenpeng Lin	https://grsecurity.net/how_autoslab_changes_the_memory_unsafety_game
[Defensive] 2021: "security things in Linux vX.X" by Kees Cook	https://outflux.net/blog/archives/2021/02/08/security-things-in-linux-v5-8/
[Defensive] 2021: "Undo Workarounds for Kernel Bugs"	https://www.usenix.org/system/files/sec21fall-talebi.pdf
[Defensive] 2020: "Mitigating (Some) Use-after-frees in the Linux Kernel" by Jann Horn	https://static.sched.com/hosted_files/lssna2020/0b/LSSNA_2020_Jann_Horn_UAF_Mitigation.pdf
[Defensive] 2020: "Kernel Integrity Enforcement with HLAT In a Virtual Machine" by Chao Gao	https://static.sched.com/hosted_files/osseu2020/ce/LSSEU20_kernel%20integrity%20enforcement%20with%20HLAT%20in%20a%20virtual%20machine_v3.pdf
[Defensive] 2020: "Linux kernel heap quarantine versus use-after-free exploits" by Alexander Popov	https://a13xp0p0v.github.io/2020/11/30/slab-quarantine.html
[Defensive] 2020: "State of Linux kernel security" by Dmitry Vyukov	https://github.com/ossf/wg-securing-critical-projects/blob/main/presentations/The_state_of_the_Linux_kernel_security.pdf
[Defensive] 2020: "LKRG IN A NUTSHELL" by Adam Zabrocki at OSTconf	https://www.openwall.com/presentations/OSTconf2020-LKRG-In-A-Nutshell/OSTconf2020-LKRG-In-A-Nutshell.pdf
[Defensive] 2020: "Following the Linux Kernel Defence Map" by Alexander Popov at Linux Plumbers	https://linuxplumbersconf.org/event/7/contributions/775/attachments/610/1096/Following_the_Linux_Kernel_Defence_Map.pdf
[Defensive] 2020: "Memory Tagging for the Kernel: Tag-Based KASAN" by Andrey Konovalov	https://docs.google.com/presentation/d/10V_msbtEap9dNerKvTrRAzvfzYdrQFC8e2NYHCZYJDE/edit?usp=sharing
[Defensive] 2020: "10 Years of Linux Security - A Report Card" by Bradley Spengler	https://grsecurity.net/10_years_of_linux_security.pdf
[Defensive] 2020: "Control Flow Integrity in the Linux Kernel" by Kees Cook at linux.conf.au	https://outflux.net/slides/2020/lca/cfi.pdf
[Defensive] 2020: "Identification of Kernel Memory Corruption Using Kernel Memory Secret Observation Mechanism"	https://www.jstage.jst.go.jp/article/transinf/E103.D/7/E103.D_2019ICP0011/_pdf/-char/en
[Defensive] 2019: "Camouflage: Hardware-assisted CFI for the ARM Linux kernel"	https://arxiv.org/pdf/1912.04145v1.pdf
[Defensive] 2019: "A New Proposal for Protecting Kernel Data Memory" by Igor Stoppa at Linux Security Summit EU	https://www.youtube.com/watch?v=nPH2sQAD6RY
[Defensive] 2019: "Control-Flow Integrity for the Linux kernel: A Security Evaluation" by Federico Manuel Bento	http://www.alunos.dcc.fc.up.pt/~up201407890/Thesis.pdf
[Defensive] 2019: "Kernel Self-Protection Project" by Kees Cook	https://outflux.net/slides/2019/lss/kspp.pdf
[Defensive] 2019: "Touch but don’t look - Running the Kernel in Execute-only memory" by Rick Edgecombe	https://linuxplumbersconf.org/event/4/contributions/283/attachments/357/588/Touch_but_dont_look__Running_the_kernel_in_execute_only_memory-presented.pdf
[Defensive] 2019: "Breaking and Protecting Linux Kernel Stack" by Elena Reshetova	https://www.youtube.com/watch?v=FacpjoQbMhU
[Defensive] 2019: "Making C Less Dangerous in the Linux Kernel" by Kees Cook	https://outflux.net/slides/2019/lca/danger.pdf
[Defensive] 2019: "Mitigation for the Kernel Space Mirroring Attack (内核镜像攻击的缓解措施)"	http://c0reteam.org/2019/01/02/ksma
[Defensive] 2018: "The State of Kernel Self Protection" by Kees Cook	https://outflux.net/slides/2018/lss/kspp.pdf
[Defensive] 2018: "Android Kernel Control Flow Integrity Analysis (分析)"	http://c0reteam.org/2018/09/17/kcfi
[Defensive] 2018: "Overview and Recent Developments: Kernel Self-Protection Project" by Kees Cook	https://outflux.net/slides/2018/lss-eu/kspp.pdf
[Defensive] 2018: "The Last Man Standing: The Only Practical, Lightweight and Hypervisor-Based Kernel Protector Struggling with the Real World Alone" by Seunghun Han at beVX	https://github.com/kkamagui/papers/blob/master/bevx-2018/presentation.pdf
[Defensive] 2018: "Linux Kernel Runtime Guard (LKRG) under the hood" by Adam Zabrocki at CONFidence	https://www.openwall.com/presentations/CONFidence2018-LKRG-Under-The-Hood/CONFidence2018-LKRG-Under-The-Hood.pdf
[Defensive] 2018: "GuardION: Practical Mitigation of DMA-based Rowhammer Attacks on ARM"	https://vvdveen.com/publications/dimva2018.pdf
[Defensive] 2018: "kR^X: Comprehensive Kernel Protection Against Just-In-Time Code Reuse" at BlackHat	https://www.youtube.com/watch?v=L-3eCmZ8s3A
[Defensive] 2018: "KASR: A Reliable and Practical Approach to Attack Surface Reduction of Commodity OS Kernels"	https://arxiv.org/pdf/1802.07062.pdf
[Defensive] 2018: "The State of Kernel Self Protection" by Kees Cook at Linux Conf AU	https://outflux.net/slides/2018/lca/kspp.pdf
[Defensive] 2017: "kR^X: Comprehensive Kernel Protection against Just-In-Time Code Reuse"	https://cs.brown.edu/~vpk/papers/krx.eurosys17.pdf
[Defensive] 2017: "How STACKLEAK improves Linux kernel security" by Alexander Popov at Linux Piter	https://linuxpiter.com/system/attachments/files/000/001/376/original/Alexander_Popov_LinuxPiter2017.pdf
[Defensive] 2017: "Shadow-Box: The Practical and Omnipotent Sandbox" by Seunghun Han at HitB	http://conference.hitb.org/hitbsecconf2017ams/materials/D1T2%20-%20Seunghun%20Han%20-%20Shadow-Box%20-%20The%20Practical%20and%20Omnipotent%20Sandbox.pdf
[Defensive] 2017: "Towards Linux Kernel Memory Safety"	https://arxiv.org/pdf/1710.06175.pdf
[Defensive] 2017: "Proposal of a Method to Prevent Privilege Escalation Attacks for Linux Kernel"	https://events.linuxfoundation.org/sites/events/files/slides/nakamura_20170831_1.pdf
[Defensive] 2017: "Linux Kernel Self Protection Project" by Kees Cook	https://outflux.net/slides/2017/lss/kspp.pdf
[Defensive] 2017: "PT-Rand: Practical Mitigation of Data-only Attacks against Page Tables"	https://www.internetsociety.org/sites/default/files/ndss2017_05B-4_Davi_paper.pdf
[Defensive] 2017: "KASLR is Dead: Long Live KASLR"	https://gruss.cc/files/kaiser.pdf
[Defensive] 2017: "Honey, I shrunk the attack surface – Adventures in Android security hardening" by Nick Kralevich	https://www.youtube.com/watch?v=ITL6VHOFQj8
[Defensive] 2017: "Fine Grained Control-Flow Integrity for The Linux Kernel" by Sandro Rigo et al.	https://www.blackhat.com/docs/asia-17/materials/asia-17-Moreira-Drop-The-Rop-Fine-Grained-Control-Flow-Integrity-For-The-Linux-Kernel.pdf
[Defensive] 2016: "Enforcing Kernel Security Invariants with Data Flow Integrity" by Chengyu Song et al.	https://taesoo.kim/pubs/2016/song:kenali.pdf
[Defensive] 2016: "Thwarting unknown bugs: hardening features in the mainline Linux kernel" by Mark Rutland	https://events.static.linuxfound.org/sites/events/files/slides/slides_21.pdf
[Defensive] 2016: "Emerging Defense in Android Kernel" by James Fang	http://keenlab.tencent.com/en/2016/06/01/Emerging-Defense-in-Android-Kernel/
[Defensive] 2016: "Randomizing the Linux kernel heap freelists" by Thomas Garnier	https://medium.com/@mxatone/randomizing-the-linux-kernel-heap-freelists-b899bb99c767#.3csq8t23s
[Defensive] 2015: "RAP: RIP ROP"	https://pax.grsecurity.net/docs/PaXTeam-H2HC15-RAP-RIP-ROP.pdf
[Defensive] 2015: "Protecting Commodity Operating Systems through Strong Kernel Isolation" by Vasileios Kemerlis	http://www.cs.columbia.edu/~angelos/Papers/theses/vpk_thesis.pdf
[Defensive] 2014: "Kernel Self-Protection through Quantified Attack Surface Reduction" by Anil Kurmus	https://publikationsserver.tu-braunschweig.de/servlets/MCRFileNodeServlet/digibib_derivate_00036154/Diss_Kurmus_Anil.pdf
[Defensive] 2014: "A Tale of Two Kernels: Towards Ending Kernel Hardening Wars with Split Kernel" by Anil Kurmus and Robby Zippel	http://static.securegoose.org/papers/ccs14.pdf
[Defensive] 2013: "KASLR: An Exercise in Cargo Cult Security" by Brad Spengler	https://forums.grsecurity.net/viewtopic.php?f=7&t=3367
[Defensive] 2012: "How do I mitigate against NULL pointer dereference vulnerabilities?" by RedHat	https://access.redhat.com/articles/20484
[Defensive] 2011: "Linux kernel vulnerabilities: State-of-the-art defenses and open problems"	https://pdos.csail.mit.edu/papers/chen-kbugs.pdf
[Defensive] 2009: "Linux Kernel Heap Tampering Detection" by Larry Highsmith	http://phrack.org/archives/issues/66/15.txt
[Misc] 2026: "ExploitGym: Can AI Agents Turn Security Vulnerabilities into Real Attacks?" by Zhun Wang et al.	https://arxiv.org/pdf/2605.11086
[Misc] 2026: "What 20 years of kernel bugs taught us about finding the next one" by Jenny Qu	https://www.youtube.com/watch?v=cJGyowdfqeE
[Misc] 2026: "Notes on io_uring bugs & exploitation" by Moe Acherir	https://mohandacherir.github.io/Qdiv7/posts/io_uring_exploitation/
[Misc] 2026: "68,000 Kernel Bug Reproducers" by Palash Oswal	https://oswalpalash.com/68-000-kernel-bug-reproducers/
[Misc] 2026: "Building the Pixel 8 kernel with MTE, KASAN and KCOV" by Berk Cem Goksel	https://berkgoksel.com/pixel8-kasan-mte-custom-kernel
[Misc] 2026: "Exploring NVIDIA Linux Drivers Internals Basics" by Moe Acherir	https://fuzzinglabs.com/exploring-nvidia-linux-drivers-internals-basics-ioctls/
[Misc] 2026: "Black-hat LLMs" by Nicholas Carlini	https://www.youtube.com/watch?v=1sd26pWhfmg
[Misc] 2026: "Update on the SLUB allocator sheaves" by Vlastimil Babka	https://fosdem.org/2026/events/attachments/DPXVYJ-slub-sheaves-update/slides/267397/fosdem-sh_pvi6fpf.pdf
[Misc] 2026: "More timing side-channels for the page cache" by Daroc Alden	https://lwn.net/Articles/1061743/
[Misc] 2026: "Process Hijacking via pidfd: Stealing File Descriptors for Post-Exploitation Shells" by Ali Raza	https://locus-x64.github.io/blog/hijack-pidfd
[Misc] 2026: "Hiding from the Panic Button: Singularity SysRq Hook" by MatheuZ	https://blog.kyntra.io/Hiding-from-the-Panic-Button-Singularity-SysRq-Hook
[Misc] 2026: "Breaking eBPF Security: How Kernel Rootkits Blind Observability Tools" by MatheuZ	https://matheuzsecurity.github.io/hacking/ebpf-security-tools-hacking/
[Misc] 2026: "Crushing Pwn2Own & H1 with Kernel Driver Exploits"	https://www.youtube.com/watch?v=pcAdNDK-lrs
[Misc] 2025: "Notes on refcounting and Unix Garbage Collector in the Linux Kernel" by Moe Acherir	https://mohandacherir.github.io/Qdiv7/posts/refcounting-linux-kernel/
[Misc] 2025: "The Joys of Linux Kernel ROP Gadget Scanning" by Jennifer Miller	https://blog.zolutal.io/joys-of-kernel-rop/
[Misc] 2025: "Singularity: Deep Dive into a Modern Stealth Linux Kernel Rootkit" by MatheuZSec	https://blog.kyntra.io/Singularity-A-final-boss-linux-kernel-rootkit
[Misc] 2025: "Exploiting a 13-years old bug on QEMU"	https://kqx.io/post/qemu-nday/
[Misc] 2025: "LinkPro: eBPF rootkit analysis" by Theo Letailleur	https://www.synacktiv.com/en/publications/linkpro-ebpf-rootkit-analysis
[Misc] 2025: "The anatomy of a bug: 6 Months at STAR Labs" by Gerrard Tai	https://gerrardtai.com/anatomy-of-a-bug
[Misc] 2025: "Qualcomm DSP Kernel Internals" by Shreyas Penkar	https://streypaws.github.io/posts/DSP-Kernel-Internals/
[Misc] 2025: "Debugging the Pixel 8 kernel via KGDB" by Andrey Konovalov	https://xairy.io/articles/pixel-kgdb
[Misc] 2025: "Triaging CVEs for the Linux Kernel" by Christoph Steiger	https://opensource.siemens.com/events/2025/slides/Christoph_Steiger__Triaging_CVEs_for_the_Linux_Kernel.pdf
[Misc] 2025: "Beating the kCTF PoW with AVX512IFMA for $51k" by Timothy Herchen	https://anemato.de/blog/kctf-vdf
[Misc] 2025: "Redefining Indirect Call Analysis with KallGraph" by Guoren Li et al.	https://www.cs.ucr.edu/%7Ezhiyunq/pub/oakland25_indirect_call.pdf
[Misc] 2025: "A Quick Dive Into The Linux Kernel Page Allocator" by D3vil	https://syst3mfailure.io/linux-page-allocator/
[Misc] 2025: "Musing from Decades of Linux Kernel Security Research" by Joshua Drake	https://github.com/jduck/bs25-slides
[Misc] 2025: "Understanding Socket Internals Through a Series of CVE Fixes" by Pumpkin Chang	https://u1f383.github.io/linux/2025/03/23/understanding-socket-internals-through-a-series-of-cve-fixes.html
[Misc] 2025: "Building a Mali GPU Debug Environment" by Pumpkin Chang	https://u1f383.github.io/linux/2025/03/22/building-a-mali-debug-environment.html
[Misc] 2025: "ENOMEM In Linux Kernel" by Pumpkin Chang	https://u1f383.github.io/linux/2025/03/04/enomem-in-linux-kernel.html
[Misc] 2025: "How Does Linux Direct Mapping Work?" by Pumpkin Chang	https://u1f383.github.io/linux/2025/02/27/how-does-linux-direct-mapping-work.html
[Misc] 2025: "Linux Kernel TLS" by Pumpkin Chang	https://u1f383.github.io/linux/2025/01/20/linux-kernel-tls-part-1.html
[Misc] 2025: "Linux KASLR Entropy" by Pumpkin Chang	https://u1f383.github.io/linux/2025/01/02/linux-kaslr-entropy.html
[Misc] 2024: "Trying to Enable KCOV on Samsung Galaxy S22" by Kuzey Arda Bulut	https://kuzey.rs/posts/FuzzS22/
[Misc] 2024: "Binder Internals"	https://androidoffsec.withgoogle.com/posts/binder-internals/
[Misc] 2024: "Linternals: Exploring The mm Subsystem via mmap" by Samuel Page	https://sam4k.com/linternals-exploring-the-mm-subsystem-part-1/
[Misc] 2024: "Approaches to determining the attack surface for fuzzing the Linux kernel" by Pavel Teplyuk and Aleksey Yakunin	https://www.e3s-conferences.org/articles/e3sconf/pdf/2024/61/e3sconf_uesf2024_03005.pdf
[Misc] 2024: "The Feasibility of Using Hardware Breakpoints To Extend the Race Window" by Pumpkin Chang	https://u1f383.github.io/linux/2024/12/29/the-feasibility-of-using-hardware-breakpoints-to-extend-the-race-window.html
[Misc] 2024: "Linux Kernel Heap Spraying Over A Network Connection" by Pumpkin Chang	https://u1f383.github.io/linux/2024/06/20/linux-kernel-heap-spraying-over-a-network-connection.html
[Misc] 2024: "Dashing Kernel Exploitation" by Eduardo Vela and Jordy Zomer	https://github.com/google/security-research/blob/master/analysis/kernel/slides/Dashing%20Kernel%20Exploitation-H2HC-2024.pdf
[Misc] 2024: "Linux Kernel Attack Surface: beyond IOCTL. DMA-BUF" by Slava Moskvin	https://slavamoskvin.com/linux-kernel-attack-surface-beyond-ioctl.-dma-buf/
[Misc] 2024: "More Bang for Your Bug!" by Eduardo Vela and Space Meyer	https://docs.google.com/presentation/d/163DiKhThCTEb4Udv9FWfBQOiDtOXQHiCZ61pE-srBOw/present
[Misc] 2024: "Linux Kernel CVEs, What Has Caused So Many to Suddenly Show Up?" by Greg Kroah-Hartman	https://git.sr.ht/~gregkh/presentation-security/blob/main/security-stuff.pdf
[Misc] 2024: "Reverse Engineering a Kernel Driver chall: S01 E01"	https://www.youtube.com/watch?v=Ar4dZNL9rHE
[Misc] 2024: "Love and hate - The cyber tale between fuzzer and exploits in Linux kernel" by Zou Xiaochen	https://www.youtube.com/watch?v=cDcMlMH-XjU
[Misc] 2024: "Reflections on RANDSTRUCT in GrapheneOS" by Julien Voisin	https://dustri.org/b/reflections-on-randstruct-in-grapheneos.html
[Misc] 2024: "Linux Kernel Security Process or Why are there so many kernel CVEs now?” by Greg Kroah-Hartman	https://static.sched.com/hosted_files/kccncossaidevchn2024/17/security-stuff.pdf
[Misc] 2024: "Who opened this big hole in the Linux kernel?"	https://mp.weixin.qq.com/s/Sr4qIy-AdLhpkus6q1su9w
[Misc] 2024: "KernJC: Automated Vulnerable Environment Generation for Linux Kernel Vulnerabilities"	https://arxiv.org/pdf/2404.11107
[Misc] 2024: "silent syscall hooking on arm64 linux via patching svc handler"	https://tmpout.sh/3/23.html
[Misc] 2024: "CVE-2021-4440: A Linux CNA Case Study" by Brad Spengler	https://grsecurity.net/cve-2021-4440_linux_cna_case_study
[Misc] 2024: "Make your own backdoor: CFLAGS code injection, Makefile injection, pkg-config" by Vegard Nossum	https://www.openwall.com/lists/oss-security/2024/04/17/3
[Misc] 2024: "Demo showing Claude Opus does not find CVE-2023-0266" by Sean Heelan	https://github.com/SeanHeelan/claude_opus_cve_2023_0266
[Misc] 2024: "Linux is a CNA" by Greg Kroah-Hartman	http://www.kroah.com/log/blog/2024/02/13/linux-is-a-cna/
[Misc] 2024: "An Investigation of Patch Porting Practices of the Linux Kernel Ecosystem"	https://arxiv.org/pdf/2402.05212.pdf
[Misc] 2023: "Syzbot: 7 years of continuous kernel fuzzing" by Aleksandr Nogikh	https://lpc.events/event/17/contributions/1521/attachments/1272/2698/LPC'23_%20Syzbot_%207%20years%20of%20continuous%20kernel%20fuzzing.pdf
[Misc] 2023: "Operating system security: how to get into the subject" by Alexander Popov	https://www.youtube.com/watch?v=pq-0JKKNZVQ
[Misc] 2023: "Demystifying the Linux kernel security process" by Greg Kroah-Hartman	https://speakerdeck.com/ennael/demystifying-the-linux-kernel-security-process
[Misc] 2023: "Rustproofing Linux" by Domen Puncer Kugler	https://research.nccgroup.com/2023/02/06/rustproofing-linux-part-1-4-leaking-addresses/
[Misc] 2023: "What is a 'good' Linux Kernel bug?" by Ben Hawkes	https://blog.isosceles.com/what-is-a-good-linux-kernel-bug/
[Misc] 2023: "Analysing Linux Kernel Commits"	https://sam4k.com/analysing-linux-kernel-commits/
[Misc] 2022: "Mind the Gap" by Ian Beer	https://googleprojectzero.blogspot.com/2022/11/mind-the-gap.html
[Misc] 2022: "Designing subsystems for FUZZ-ability" by Dmitry Vyukov	https://lpc.events/event/16/contributions/1309/attachments/988/1979/Designing%20subsystems%20for%20testability_fuzzing%20%28PDF%20version%29.pdf
[Misc] 2022: "Making syzbot reports more developer-friendly" by Aleksandr Nogikh	https://lpc.events/event/16/contributions/1311/attachments/1013/1951/Making%20syzbot%20reports%20more%20developer-friendly.pdf
[Misc] 2022: "Peeking into the BPF verifier" by Shung-Hsi Yu	https://docs.google.com/presentation/d/1abYBW7L8kAupgG9YkFPRGayZSXm9hGv_Dvp7ADBkfyg/edit?usp=sharing
[Misc] 2022: "So You Wanna Pwn The Kernel?" by Samuel Page	https://sam4k.com/so-you-wanna-pwn-the-kernel/
[Misc] 2022: "Automated RE of Kernel Configurations" by zznop	https://zznop.com/2022/01/02/automated-re-of-kernel-build-configs/
[Misc] 2021: "An Investigation of the Android Kernel Patch Ecosystem" at USENIX	https://www.usenix.org/system/files/sec21-zhang-zheng.pdf
[Misc] 2021: "The Complicated History of a Simple Linux Kernel API"	https://www.grsecurity.net/complicated_history_simple_linux_kernel_api
[Misc] 2021: "On the Feasibility of Stealthily Introducing Vulnerabilities in Open-Source Software via Hypocrite Commit"	https://github.com/QiushiWu/QiushiWu.github.io/blob/main/papers/OpenSourceInsecurity.pdf
[Misc] 2020: "Checklist for when you get stuck with a Kernel Exploit"	https://ptr-yudai.hatenablog.com/entry/2020/03/11/125818
[Misc] 2020: "Android / Linux SLUB aliasing for general- and special-purpose caches" by Vitaly Nikolenko	https://www.youtube.com/watch?v=5-eRsA0l8Pg
[Misc] 2018: "Binder transactions in the bowels of the Linux Kernel" by Jean-Baptiste Cayrou	https://www.synacktiv.com/en/publications/binder-transactions-in-the-bowels-of-the-linux-kernel
[Misc] grsecurity CVE-Dataset	https://docs.google.com/spreadsheets/u/0/d/1JO43UfT7Vjun9ytSWNdI17xmnzZMg19Tii-rKw94Rvw/htmlview#gid=0
[Misc] Syzkaller Coverage Dashboard	https://lookerstudio.google.com/reporting/41ae4a20-9826-4f7f-be14-a934a04686fe/page/4EOpD
[Misc] kernel vulns missing stable backports	https://docs.google.com/spreadsheets/d/1JzRy4amgEn98KvyNs1yB4H_R08TovFZH0nutWx2tvZg/view#gid=0
