[Core Instruction] AAA — ASCII Adjust After Addition	https://www.felixcloutier.com/x86/aaa
[Core Instruction] AAD — ASCII Adjust AX Before Division	https://www.felixcloutier.com/x86/aad
[Core Instruction] AAM — ASCII Adjust AX After Multiply	https://www.felixcloutier.com/x86/aam
[Core Instruction] AAS — ASCII Adjust AL After Subtraction	https://www.felixcloutier.com/x86/aas
[Core Instruction] ADC — Add With Carry	https://www.felixcloutier.com/x86/adc
[Core Instruction] ADCX — Unsigned Integer Addition of Two Operands With Carry Flag	https://www.felixcloutier.com/x86/adcx
[Core Instruction] ADD — Add	https://www.felixcloutier.com/x86/add
[Core Instruction] ADDPD — Add Packed Double Precision Floating-Point Values	https://www.felixcloutier.com/x86/addpd
[Core Instruction] ADDPS — Add Packed Single Precision Floating-Point Values	https://www.felixcloutier.com/x86/addps
[Core Instruction] ADDSD — Add Scalar Double Precision Floating-Point Values	https://www.felixcloutier.com/x86/addsd
[Core Instruction] ADDSS — Add Scalar Single Precision Floating-Point Values	https://www.felixcloutier.com/x86/addss
[Core Instruction] ADDSUBPD — Packed Double Precision Floating-Point Add/Subtract	https://www.felixcloutier.com/x86/addsubpd
[Core Instruction] ADDSUBPS — Packed Single Precision Floating-Point Add/Subtract	https://www.felixcloutier.com/x86/addsubps
[Core Instruction] ADOX — Unsigned Integer Addition of Two Operands With Overflow Flag	https://www.felixcloutier.com/x86/adox
[Core Instruction] AESDEC — Perform One Round of an AES Decryption Flow	https://www.felixcloutier.com/x86/aesdec
[Core Instruction] AESDEC128KL — Perform Ten Rounds of AES Decryption Flow With Key Locker Using 128-BitKey	https://www.felixcloutier.com/x86/aesdec128kl
[Core Instruction] AESDEC256KL — Perform 14 Rounds of AES Decryption Flow With Key Locker Using 256-Bit Key	https://www.felixcloutier.com/x86/aesdec256kl
[Core Instruction] AESDECLAST — Perform Last Round of an AES Decryption Flow	https://www.felixcloutier.com/x86/aesdeclast
[Core Instruction] AESDECWIDE128KL — Perform Ten Rounds of AES Decryption Flow With Key Locker on 8 BlocksUsing 128-Bit Key	https://www.felixcloutier.com/x86/aesdecwide128kl
[Core Instruction] AESDECWIDE256KL — Perform 14 Rounds of AES Decryption Flow With Key Locker on 8 BlocksUsing 256-Bit Key	https://www.felixcloutier.com/x86/aesdecwide256kl
[Core Instruction] AESENC — Perform One Round of an AES Encryption Flow	https://www.felixcloutier.com/x86/aesenc
[Core Instruction] AESENC128KL — Perform Ten Rounds of AES Encryption Flow With Key Locker Using 128-Bit Key	https://www.felixcloutier.com/x86/aesenc128kl
[Core Instruction] AESENC256KL — Perform 14 Rounds of AES Encryption Flow With Key Locker Using 256-Bit Key	https://www.felixcloutier.com/x86/aesenc256kl
[Core Instruction] AESENCLAST — Perform Last Round of an AES Encryption Flow	https://www.felixcloutier.com/x86/aesenclast
[Core Instruction] AESENCWIDE128KL — Perform Ten Rounds of AES Encryption Flow With Key Locker on 8 BlocksUsing 128-Bit Key	https://www.felixcloutier.com/x86/aesencwide128kl
[Core Instruction] AESENCWIDE256KL — Perform 14 Rounds of AES Encryption Flow With Key Locker on 8 BlocksUsing 256-Bit Key	https://www.felixcloutier.com/x86/aesencwide256kl
[Core Instruction] AESIMC — Perform the AES InvMixColumn Transformation	https://www.felixcloutier.com/x86/aesimc
[Core Instruction] AESKEYGENASSIST — AES Round Key Generation Assist	https://www.felixcloutier.com/x86/aeskeygenassist
[Core Instruction] AND — Logical AND	https://www.felixcloutier.com/x86/and
[Core Instruction] ANDN — Logical AND NOT	https://www.felixcloutier.com/x86/andn
[Core Instruction] ANDNPD — Bitwise Logical AND NOT of Packed Double Precision Floating-Point Values	https://www.felixcloutier.com/x86/andnpd
[Core Instruction] ANDNPS — Bitwise Logical AND NOT of Packed Single Precision Floating-Point Values	https://www.felixcloutier.com/x86/andnps
[Core Instruction] ANDPD — Bitwise Logical AND of Packed Double Precision Floating-Point Values	https://www.felixcloutier.com/x86/andpd
[Core Instruction] ANDPS — Bitwise Logical AND of Packed Single Precision Floating-Point Values	https://www.felixcloutier.com/x86/andps
[Core Instruction] ARPL — Adjust RPL Field of Segment Selector	https://www.felixcloutier.com/x86/arpl
[Core Instruction] BEXTR — Bit Field Extract	https://www.felixcloutier.com/x86/bextr
[Core Instruction] BLENDPD — Blend Packed Double Precision Floating-Point Values	https://www.felixcloutier.com/x86/blendpd
[Core Instruction] BLENDPS — Blend Packed Single Precision Floating-Point Values	https://www.felixcloutier.com/x86/blendps
[Core Instruction] BLENDVPD — Variable Blend Packed Double Precision Floating-Point Values	https://www.felixcloutier.com/x86/blendvpd
[Core Instruction] BLENDVPS — Variable Blend Packed Single Precision Floating-Point Values	https://www.felixcloutier.com/x86/blendvps
[Core Instruction] BLSI — Extract Lowest Set Isolated Bit	https://www.felixcloutier.com/x86/blsi
[Core Instruction] BLSMSK — Get Mask Up to Lowest Set Bit	https://www.felixcloutier.com/x86/blsmsk
[Core Instruction] BLSR — Reset Lowest Set Bit	https://www.felixcloutier.com/x86/blsr
[Core Instruction] BNDCL — Check Lower Bound	https://www.felixcloutier.com/x86/bndcl
[Core Instruction] BNDCN — Check Upper Bound	https://www.felixcloutier.com/x86/bndcu:bndcn
[Core Instruction] BNDCU — Check Upper Bound	https://www.felixcloutier.com/x86/bndcu:bndcn
[Core Instruction] BNDLDX — Load Extended Bounds Using Address Translation	https://www.felixcloutier.com/x86/bndldx
[Core Instruction] BNDMK — Make Bounds	https://www.felixcloutier.com/x86/bndmk
[Core Instruction] BNDMOV — Move Bounds	https://www.felixcloutier.com/x86/bndmov
[Core Instruction] BNDSTX — Store Extended Bounds Using Address Translation	https://www.felixcloutier.com/x86/bndstx
[Core Instruction] BOUND — Check Array Index Against Bounds	https://www.felixcloutier.com/x86/bound
[Core Instruction] BSF — Bit Scan Forward	https://www.felixcloutier.com/x86/bsf
[Core Instruction] BSR — Bit Scan Reverse	https://www.felixcloutier.com/x86/bsr
[Core Instruction] BSWAP — Byte Swap	https://www.felixcloutier.com/x86/bswap
[Core Instruction] BT — Bit Test	https://www.felixcloutier.com/x86/bt
[Core Instruction] BTC — Bit Test and Complement	https://www.felixcloutier.com/x86/btc
[Core Instruction] BTR — Bit Test and Reset	https://www.felixcloutier.com/x86/btr
[Core Instruction] BTS — Bit Test and Set	https://www.felixcloutier.com/x86/bts
[Core Instruction] BZHI — Zero High Bits Starting with Specified Bit Position	https://www.felixcloutier.com/x86/bzhi
[Core Instruction] CALL — Call Procedure	https://www.felixcloutier.com/x86/call
[Core Instruction] CBW — Convert Byte to Word/Convert Word to Doubleword/Convert Doubleword toQuadword	https://www.felixcloutier.com/x86/cbw:cwde:cdqe
[Core Instruction] CDQ — Convert Word to Doubleword/Convert Doubleword to Quadword	https://www.felixcloutier.com/x86/cwd:cdq:cqo
[Core Instruction] CDQE — Convert Byte to Word/Convert Word to Doubleword/Convert Doubleword toQuadword	https://www.felixcloutier.com/x86/cbw:cwde:cdqe
[Core Instruction] CLAC — Clear AC Flag in EFLAGS Register	https://www.felixcloutier.com/x86/clac
[Core Instruction] CLC — Clear Carry Flag	https://www.felixcloutier.com/x86/clc
[Core Instruction] CLD — Clear Direction Flag	https://www.felixcloutier.com/x86/cld
[Core Instruction] CLDEMOTE — Cache Line Demote	https://www.felixcloutier.com/x86/cldemote
[Core Instruction] CLFLUSH — Flush Cache Line	https://www.felixcloutier.com/x86/clflush
[Core Instruction] CLFLUSHOPT — Flush Cache Line Optimized	https://www.felixcloutier.com/x86/clflushopt
[Core Instruction] CLI — Clear Interrupt Flag	https://www.felixcloutier.com/x86/cli
[Core Instruction] CLRSSBSY — Clear Busy Flag in a Supervisor Shadow Stack Token	https://www.felixcloutier.com/x86/clrssbsy
[Core Instruction] CLTS — Clear Task-Switched Flag in CR0	https://www.felixcloutier.com/x86/clts
[Core Instruction] CLUI — Clear User Interrupt Flag	https://www.felixcloutier.com/x86/clui
[Core Instruction] CLWB — Cache Line Write Back	https://www.felixcloutier.com/x86/clwb
[Core Instruction] CMC — Complement Carry Flag	https://www.felixcloutier.com/x86/cmc
[Core Instruction] CMOVcc — Conditional Move	https://www.felixcloutier.com/x86/cmovcc
[Core Instruction] CMP — Compare Two Operands	https://www.felixcloutier.com/x86/cmp
[Core Instruction] CMPPD — Compare Packed Double Precision Floating-Point Values	https://www.felixcloutier.com/x86/cmppd
[Core Instruction] CMPPS — Compare Packed Single Precision Floating-Point Values	https://www.felixcloutier.com/x86/cmpps
[Core Instruction] CMPS — Compare String Operands	https://www.felixcloutier.com/x86/cmps:cmpsb:cmpsw:cmpsd:cmpsq
[Core Instruction] CMPSB — Compare String Operands	https://www.felixcloutier.com/x86/cmps:cmpsb:cmpsw:cmpsd:cmpsq
[Core Instruction] CMPSD — Compare String Operands	https://www.felixcloutier.com/x86/cmps:cmpsb:cmpsw:cmpsd:cmpsq
[Core Instruction] CMPSD (1) — Compare Scalar Double Precision Floating-Point Value	https://www.felixcloutier.com/x86/cmpsd
[Core Instruction] CMPSQ — Compare String Operands	https://www.felixcloutier.com/x86/cmps:cmpsb:cmpsw:cmpsd:cmpsq
[Core Instruction] CMPSS — Compare Scalar Single Precision Floating-Point Value	https://www.felixcloutier.com/x86/cmpss
[Core Instruction] CMPSW — Compare String Operands	https://www.felixcloutier.com/x86/cmps:cmpsb:cmpsw:cmpsd:cmpsq
[Core Instruction] CMPXCHG — Compare and Exchange	https://www.felixcloutier.com/x86/cmpxchg
[Core Instruction] CMPXCHG16B — Compare and Exchange Bytes	https://www.felixcloutier.com/x86/cmpxchg8b:cmpxchg16b
[Core Instruction] CMPXCHG8B — Compare and Exchange Bytes	https://www.felixcloutier.com/x86/cmpxchg8b:cmpxchg16b
[Core Instruction] COMISD — Compare Scalar Ordered Double Precision Floating-Point Values and Set EFLAGS	https://www.felixcloutier.com/x86/comisd
[Core Instruction] COMISS — Compare Scalar Ordered Single Precision Floating-Point Values and Set EFLAGS	https://www.felixcloutier.com/x86/comiss
[Core Instruction] CPUID — CPU Identification	https://www.felixcloutier.com/x86/cpuid
[Core Instruction] CQO — Convert Word to Doubleword/Convert Doubleword to Quadword	https://www.felixcloutier.com/x86/cwd:cdq:cqo
[Core Instruction] CRC32 — Accumulate CRC32 Value	https://www.felixcloutier.com/x86/crc32
[Core Instruction] CVTDQ2PD — Convert Packed Doubleword Integers to Packed Double Precision Floating-PointValues	https://www.felixcloutier.com/x86/cvtdq2pd
[Core Instruction] CVTDQ2PS — Convert Packed Doubleword Integers to Packed Single Precision Floating-PointValues	https://www.felixcloutier.com/x86/cvtdq2ps
[Core Instruction] CVTPD2DQ — Convert Packed Double Precision Floating-Point Values to Packed DoublewordIntegers	https://www.felixcloutier.com/x86/cvtpd2dq
[Core Instruction] CVTPD2PI — Convert Packed Double Precision Floating-Point Values to Packed Dword Integers	https://www.felixcloutier.com/x86/cvtpd2pi
[Core Instruction] CVTPD2PS — Convert Packed Double Precision Floating-Point Values to Packed Single PrecisionFloating-Point Values	https://www.felixcloutier.com/x86/cvtpd2ps
[Core Instruction] CVTPI2PD — Convert Packed Dword Integers to Packed Double Precision Floating-Point Values	https://www.felixcloutier.com/x86/cvtpi2pd
[Core Instruction] CVTPI2PS — Convert Packed Dword Integers to Packed Single Precision Floating-Point Values	https://www.felixcloutier.com/x86/cvtpi2ps
[Core Instruction] CVTPS2DQ — Convert Packed Single Precision Floating-Point Values to Packed SignedDoubleword Integer Values	https://www.felixcloutier.com/x86/cvtps2dq
[Core Instruction] CVTPS2PD — Convert Packed Single Precision Floating-Point Values to Packed Double PrecisionFloating-Point Values	https://www.felixcloutier.com/x86/cvtps2pd
[Core Instruction] CVTPS2PI — Convert Packed Single Precision Floating-Point Values to Packed Dword Integers	https://www.felixcloutier.com/x86/cvtps2pi
[Core Instruction] CVTSD2SI — Convert Scalar Double Precision Floating-Point Value to Doubleword Integer	https://www.felixcloutier.com/x86/cvtsd2si
[Core Instruction] CVTSD2SS — Convert Scalar Double Precision Floating-Point Value to Scalar Single PrecisionFloating-Point Value	https://www.felixcloutier.com/x86/cvtsd2ss
[Core Instruction] CVTSI2SD — Convert Doubleword Integer to Scalar Double Precision Floating-Point Value	https://www.felixcloutier.com/x86/cvtsi2sd
[Core Instruction] CVTSI2SS — Convert Doubleword Integer to Scalar Single Precision Floating-Point Value	https://www.felixcloutier.com/x86/cvtsi2ss
[Core Instruction] CVTSS2SD — Convert Scalar Single Precision Floating-Point Value to Scalar Double PrecisionFloating-Point Value	https://www.felixcloutier.com/x86/cvtss2sd
[Core Instruction] CVTSS2SI — Convert Scalar Single Precision Floating-Point Value to Doubleword Integer	https://www.felixcloutier.com/x86/cvtss2si
[Core Instruction] CVTTPD2DQ — Convert with Truncation Packed Double Precision Floating-Point Values toPacked Doubleword Integers	https://www.felixcloutier.com/x86/cvttpd2dq
[Core Instruction] CVTTPD2PI — Convert With Truncation Packed Double Precision Floating-Point Values to PackedDword Integers	https://www.felixcloutier.com/x86/cvttpd2pi
[Core Instruction] CVTTPS2DQ — Convert With Truncation Packed Single Precision Floating-Point Values to PackedSigned Doubleword Integer Values	https://www.felixcloutier.com/x86/cvttps2dq
[Core Instruction] CVTTPS2PI — Convert With Truncation Packed Single Precision Floating-Point Values to PackedDword Integers	https://www.felixcloutier.com/x86/cvttps2pi
[Core Instruction] CVTTSD2SI — Convert With Truncation Scalar Double Precision Floating-Point Value to SignedInteger	https://www.felixcloutier.com/x86/cvttsd2si
[Core Instruction] CVTTSS2SI — Convert With Truncation Scalar Single Precision Floating-Point Value to Integer	https://www.felixcloutier.com/x86/cvttss2si
[Core Instruction] CWD — Convert Word to Doubleword/Convert Doubleword to Quadword	https://www.felixcloutier.com/x86/cwd:cdq:cqo
[Core Instruction] CWDE — Convert Byte to Word/Convert Word to Doubleword/Convert Doubleword toQuadword	https://www.felixcloutier.com/x86/cbw:cwde:cdqe
[Core Instruction] DAA — Decimal Adjust AL After Addition	https://www.felixcloutier.com/x86/daa
[Core Instruction] DAS — Decimal Adjust AL After Subtraction	https://www.felixcloutier.com/x86/das
[Core Instruction] DEC — Decrement by 1	https://www.felixcloutier.com/x86/dec
[Core Instruction] DIV — Unsigned Divide	https://www.felixcloutier.com/x86/div
[Core Instruction] DIVPD — Divide Packed Double Precision Floating-Point Values	https://www.felixcloutier.com/x86/divpd
[Core Instruction] DIVPS — Divide Packed Single Precision Floating-Point Values	https://www.felixcloutier.com/x86/divps
[Core Instruction] DIVSD — Divide Scalar Double Precision Floating-Point Value	https://www.felixcloutier.com/x86/divsd
[Core Instruction] DIVSS — Divide Scalar Single Precision Floating-Point Values	https://www.felixcloutier.com/x86/divss
[Core Instruction] DPPD — Dot Product of Packed Double Precision Floating-Point Values	https://www.felixcloutier.com/x86/dppd
[Core Instruction] DPPS — Dot Product of Packed Single Precision Floating-Point Values	https://www.felixcloutier.com/x86/dpps
[Core Instruction] EMMS — Empty MMX Technology State	https://www.felixcloutier.com/x86/emms
[Core Instruction] ENCODEKEY128 — Encode 128-Bit Key With Key Locker	https://www.felixcloutier.com/x86/encodekey128
[Core Instruction] ENCODEKEY256 — Encode 256-Bit Key With Key Locker	https://www.felixcloutier.com/x86/encodekey256
[Core Instruction] ENDBR32 — Terminate an Indirect Branch in 32-bit and Compatibility Mode	https://www.felixcloutier.com/x86/endbr32
[Core Instruction] ENDBR64 — Terminate an Indirect Branch in 64-bit Mode	https://www.felixcloutier.com/x86/endbr64
[Core Instruction] ENQCMD — Enqueue Command	https://www.felixcloutier.com/x86/enqcmd
[Core Instruction] ENQCMDS — Enqueue Command Supervisor	https://www.felixcloutier.com/x86/enqcmds
[Core Instruction] ENTER — Make Stack Frame for Procedure Parameters	https://www.felixcloutier.com/x86/enter
[Core Instruction] EXTRACTPS — Extract Packed Floating-Point Values	https://www.felixcloutier.com/x86/extractps
[Core Instruction] F2XM1 — Compute 2x–1	https://www.felixcloutier.com/x86/f2xm1
[Core Instruction] FABS — Absolute Value	https://www.felixcloutier.com/x86/fabs
[Core Instruction] FADD — Add	https://www.felixcloutier.com/x86/fadd:faddp:fiadd
[Core Instruction] FADDP — Add	https://www.felixcloutier.com/x86/fadd:faddp:fiadd
[Core Instruction] FBLD — Load Binary Coded Decimal	https://www.felixcloutier.com/x86/fbld
[Core Instruction] FBSTP — Store BCD Integer and Pop	https://www.felixcloutier.com/x86/fbstp
[Core Instruction] FCHS — Change Sign	https://www.felixcloutier.com/x86/fchs
[Core Instruction] FCLEX — Clear Exceptions	https://www.felixcloutier.com/x86/fclex:fnclex
[Core Instruction] FCMOVcc — Floating-Point Conditional Move	https://www.felixcloutier.com/x86/fcmovcc
[Core Instruction] FCOM — Compare Floating-Point Values	https://www.felixcloutier.com/x86/fcom:fcomp:fcompp
[Core Instruction] FCOMI — Compare Floating-Point Values and Set EFLAGS	https://www.felixcloutier.com/x86/fcomi:fcomip:fucomi:fucomip
[Core Instruction] FCOMIP — Compare Floating-Point Values and Set EFLAGS	https://www.felixcloutier.com/x86/fcomi:fcomip:fucomi:fucomip
[Core Instruction] FCOMP — Compare Floating-Point Values	https://www.felixcloutier.com/x86/fcom:fcomp:fcompp
[Core Instruction] FCOMPP — Compare Floating-Point Values	https://www.felixcloutier.com/x86/fcom:fcomp:fcompp
[Core Instruction] FCOS — Cosine	https://www.felixcloutier.com/x86/fcos
[Core Instruction] FDECSTP — Decrement Stack-Top Pointer	https://www.felixcloutier.com/x86/fdecstp
[Core Instruction] FDIV — Divide	https://www.felixcloutier.com/x86/fdiv:fdivp:fidiv
[Core Instruction] FDIVP — Divide	https://www.felixcloutier.com/x86/fdiv:fdivp:fidiv
[Core Instruction] FDIVR — Reverse Divide	https://www.felixcloutier.com/x86/fdivr:fdivrp:fidivr
[Core Instruction] FDIVRP — Reverse Divide	https://www.felixcloutier.com/x86/fdivr:fdivrp:fidivr
[Core Instruction] FFREE — Free Floating-Point Register	https://www.felixcloutier.com/x86/ffree
[Core Instruction] FIADD — Add	https://www.felixcloutier.com/x86/fadd:faddp:fiadd
[Core Instruction] FICOM — Compare Integer	https://www.felixcloutier.com/x86/ficom:ficomp
[Core Instruction] FICOMP — Compare Integer	https://www.felixcloutier.com/x86/ficom:ficomp
[Core Instruction] FIDIV — Divide	https://www.felixcloutier.com/x86/fdiv:fdivp:fidiv
[Core Instruction] FIDIVR — Reverse Divide	https://www.felixcloutier.com/x86/fdivr:fdivrp:fidivr
[Core Instruction] FILD — Load Integer	https://www.felixcloutier.com/x86/fild
[Core Instruction] FIMUL — Multiply	https://www.felixcloutier.com/x86/fmul:fmulp:fimul
[Core Instruction] FINCSTP — Increment Stack-Top Pointer	https://www.felixcloutier.com/x86/fincstp
[Core Instruction] FINIT — Initialize Floating-Point Unit	https://www.felixcloutier.com/x86/finit:fninit
[Core Instruction] FIST — Store Integer	https://www.felixcloutier.com/x86/fist:fistp
[Core Instruction] FISTP — Store Integer	https://www.felixcloutier.com/x86/fist:fistp
[Core Instruction] FISTTP — Store Integer With Truncation	https://www.felixcloutier.com/x86/fisttp
[Core Instruction] FISUB — Subtract	https://www.felixcloutier.com/x86/fsub:fsubp:fisub
[Core Instruction] FISUBR — Reverse Subtract	https://www.felixcloutier.com/x86/fsubr:fsubrp:fisubr
[Core Instruction] FLD — Load Floating-Point Value	https://www.felixcloutier.com/x86/fld
[Core Instruction] FLD1 — Load Constant	https://www.felixcloutier.com/x86/fld1:fldl2t:fldl2e:fldpi:fldlg2:fldln2:fldz
[Core Instruction] FLDCW — Load x87 FPU Control Word	https://www.felixcloutier.com/x86/fldcw
[Core Instruction] FLDENV — Load x87 FPU Environment	https://www.felixcloutier.com/x86/fldenv
[Core Instruction] FLDL2E — Load Constant	https://www.felixcloutier.com/x86/fld1:fldl2t:fldl2e:fldpi:fldlg2:fldln2:fldz
[Core Instruction] FLDL2T — Load Constant	https://www.felixcloutier.com/x86/fld1:fldl2t:fldl2e:fldpi:fldlg2:fldln2:fldz
[Core Instruction] FLDLG2 — Load Constant	https://www.felixcloutier.com/x86/fld1:fldl2t:fldl2e:fldpi:fldlg2:fldln2:fldz
[Core Instruction] FLDLN2 — Load Constant	https://www.felixcloutier.com/x86/fld1:fldl2t:fldl2e:fldpi:fldlg2:fldln2:fldz
[Core Instruction] FLDPI — Load Constant	https://www.felixcloutier.com/x86/fld1:fldl2t:fldl2e:fldpi:fldlg2:fldln2:fldz
[Core Instruction] FLDZ — Load Constant	https://www.felixcloutier.com/x86/fld1:fldl2t:fldl2e:fldpi:fldlg2:fldln2:fldz
[Core Instruction] FMUL — Multiply	https://www.felixcloutier.com/x86/fmul:fmulp:fimul
[Core Instruction] FMULP — Multiply	https://www.felixcloutier.com/x86/fmul:fmulp:fimul
[Core Instruction] FNCLEX — Clear Exceptions	https://www.felixcloutier.com/x86/fclex:fnclex
[Core Instruction] FNINIT — Initialize Floating-Point Unit	https://www.felixcloutier.com/x86/finit:fninit
[Core Instruction] FNOP — No Operation	https://www.felixcloutier.com/x86/fnop
[Core Instruction] FNSAVE — Store x87 FPU State	https://www.felixcloutier.com/x86/fsave:fnsave
[Core Instruction] FNSTCW — Store x87 FPU Control Word	https://www.felixcloutier.com/x86/fstcw:fnstcw
[Core Instruction] FNSTENV — Store x87 FPU Environment	https://www.felixcloutier.com/x86/fstenv:fnstenv
[Core Instruction] FNSTSW — Store x87 FPU Status Word	https://www.felixcloutier.com/x86/fstsw:fnstsw
[Core Instruction] FPATAN — Partial Arctangent	https://www.felixcloutier.com/x86/fpatan
[Core Instruction] FPREM — Partial Remainder	https://www.felixcloutier.com/x86/fprem
[Core Instruction] FPREM1 — Partial Remainder	https://www.felixcloutier.com/x86/fprem1
[Core Instruction] FPTAN — Partial Tangent	https://www.felixcloutier.com/x86/fptan
[Core Instruction] FRNDINT — Round to Integer	https://www.felixcloutier.com/x86/frndint
[Core Instruction] FRSTOR — Restore x87 FPU State	https://www.felixcloutier.com/x86/frstor
[Core Instruction] FSAVE — Store x87 FPU State	https://www.felixcloutier.com/x86/fsave:fnsave
[Core Instruction] FSCALE — Scale	https://www.felixcloutier.com/x86/fscale
[Core Instruction] FSIN — Sine	https://www.felixcloutier.com/x86/fsin
[Core Instruction] FSINCOS — Sine and Cosine	https://www.felixcloutier.com/x86/fsincos
[Core Instruction] FSQRT — Square Root	https://www.felixcloutier.com/x86/fsqrt
[Core Instruction] FST — Store Floating-Point Value	https://www.felixcloutier.com/x86/fst:fstp
[Core Instruction] FSTCW — Store x87 FPU Control Word	https://www.felixcloutier.com/x86/fstcw:fnstcw
[Core Instruction] FSTENV — Store x87 FPU Environment	https://www.felixcloutier.com/x86/fstenv:fnstenv
[Core Instruction] FSTP — Store Floating-Point Value	https://www.felixcloutier.com/x86/fst:fstp
[Core Instruction] FSTSW — Store x87 FPU Status Word	https://www.felixcloutier.com/x86/fstsw:fnstsw
[Core Instruction] FSUB — Subtract	https://www.felixcloutier.com/x86/fsub:fsubp:fisub
[Core Instruction] FSUBP — Subtract	https://www.felixcloutier.com/x86/fsub:fsubp:fisub
[Core Instruction] FSUBR — Reverse Subtract	https://www.felixcloutier.com/x86/fsubr:fsubrp:fisubr
[Core Instruction] FSUBRP — Reverse Subtract	https://www.felixcloutier.com/x86/fsubr:fsubrp:fisubr
[Core Instruction] FTST — TEST	https://www.felixcloutier.com/x86/ftst
[Core Instruction] FUCOM — Unordered Compare Floating-Point Values	https://www.felixcloutier.com/x86/fucom:fucomp:fucompp
[Core Instruction] FUCOMI — Compare Floating-Point Values and Set EFLAGS	https://www.felixcloutier.com/x86/fcomi:fcomip:fucomi:fucomip
[Core Instruction] FUCOMIP — Compare Floating-Point Values and Set EFLAGS	https://www.felixcloutier.com/x86/fcomi:fcomip:fucomi:fucomip
[Core Instruction] FUCOMP — Unordered Compare Floating-Point Values	https://www.felixcloutier.com/x86/fucom:fucomp:fucompp
[Core Instruction] FUCOMPP — Unordered Compare Floating-Point Values	https://www.felixcloutier.com/x86/fucom:fucomp:fucompp
[Core Instruction] FWAIT — Wait	https://www.felixcloutier.com/x86/wait:fwait
[Core Instruction] FXAM — Examine Floating-Point	https://www.felixcloutier.com/x86/fxam
[Core Instruction] FXCH — Exchange Register Contents	https://www.felixcloutier.com/x86/fxch
[Core Instruction] FXRSTOR — Restore x87 FPU, MMX, XMM, and MXCSR State	https://www.felixcloutier.com/x86/fxrstor
[Core Instruction] FXSAVE — Save x87 FPU, MMX Technology, and SSE State	https://www.felixcloutier.com/x86/fxsave
[Core Instruction] FXTRACT — Extract Exponent and Significand	https://www.felixcloutier.com/x86/fxtract
[Core Instruction] FYL2X — Compute y ∗ log2x	https://www.felixcloutier.com/x86/fyl2x
[Core Instruction] FYL2XP1 — Compute y ∗ log2(x +1)	https://www.felixcloutier.com/x86/fyl2xp1
[Core Instruction] GF2P8AFFINEINVQB — Galois Field Affine Transformation Inverse	https://www.felixcloutier.com/x86/gf2p8affineinvqb
[Core Instruction] GF2P8AFFINEQB — Galois Field Affine Transformation	https://www.felixcloutier.com/x86/gf2p8affineqb
[Core Instruction] GF2P8MULB — Galois Field Multiply Bytes	https://www.felixcloutier.com/x86/gf2p8mulb
[Core Instruction] HADDPD — Packed Double Precision Floating-Point Horizontal Add	https://www.felixcloutier.com/x86/haddpd
[Core Instruction] HADDPS — Packed Single Precision Floating-Point Horizontal Add	https://www.felixcloutier.com/x86/haddps
[Core Instruction] HLT — Halt	https://www.felixcloutier.com/x86/hlt
[Core Instruction] HRESET — History Reset	https://www.felixcloutier.com/x86/hreset
[Core Instruction] HSUBPD — Packed Double Precision Floating-Point Horizontal Subtract	https://www.felixcloutier.com/x86/hsubpd
[Core Instruction] HSUBPS — Packed Single Precision Floating-Point Horizontal Subtract	https://www.felixcloutier.com/x86/hsubps
[Core Instruction] IDIV — Signed Divide	https://www.felixcloutier.com/x86/idiv
[Core Instruction] IMUL — Signed Multiply	https://www.felixcloutier.com/x86/imul
[Core Instruction] IN — Input From Port	https://www.felixcloutier.com/x86/in
[Core Instruction] INC — Increment by 1	https://www.felixcloutier.com/x86/inc
[Core Instruction] INCSSPD — Increment Shadow Stack Pointer	https://www.felixcloutier.com/x86/incsspd:incsspq
[Core Instruction] INCSSPQ — Increment Shadow Stack Pointer	https://www.felixcloutier.com/x86/incsspd:incsspq
[Core Instruction] INS — Input from Port to String	https://www.felixcloutier.com/x86/ins:insb:insw:insd
[Core Instruction] INSB — Input from Port to String	https://www.felixcloutier.com/x86/ins:insb:insw:insd
[Core Instruction] INSD — Input from Port to String	https://www.felixcloutier.com/x86/ins:insb:insw:insd
[Core Instruction] INSERTPS — Insert Scalar Single Precision Floating-Point Value	https://www.felixcloutier.com/x86/insertps
[Core Instruction] INSW — Input from Port to String	https://www.felixcloutier.com/x86/ins:insb:insw:insd
[Core Instruction] INT n — Call to Interrupt Procedure	https://www.felixcloutier.com/x86/intn:into:int3:int1
[Core Instruction] INT1 — Call to Interrupt Procedure	https://www.felixcloutier.com/x86/intn:into:int3:int1
[Core Instruction] INT3 — Call to Interrupt Procedure	https://www.felixcloutier.com/x86/intn:into:int3:int1
[Core Instruction] INTO — Call to Interrupt Procedure	https://www.felixcloutier.com/x86/intn:into:int3:int1
[Core Instruction] INVD — Invalidate Internal Caches	https://www.felixcloutier.com/x86/invd
[Core Instruction] INVLPG — Invalidate TLB Entries	https://www.felixcloutier.com/x86/invlpg
[Core Instruction] INVPCID — Invalidate Process-Context Identifier	https://www.felixcloutier.com/x86/invpcid
[Core Instruction] IRET — Interrupt Return	https://www.felixcloutier.com/x86/iret:iretd:iretq
[Core Instruction] IRETD — Interrupt Return	https://www.felixcloutier.com/x86/iret:iretd:iretq
[Core Instruction] IRETQ — Interrupt Return	https://www.felixcloutier.com/x86/iret:iretd:iretq
[Core Instruction] JMP — Jump	https://www.felixcloutier.com/x86/jmp
[Core Instruction] Jcc — Jump if Condition Is Met	https://www.felixcloutier.com/x86/jcc
[Core Instruction] KADDB — ADD Two Masks	https://www.felixcloutier.com/x86/kaddw:kaddb:kaddq:kaddd
[Core Instruction] KADDD — ADD Two Masks	https://www.felixcloutier.com/x86/kaddw:kaddb:kaddq:kaddd
[Core Instruction] KADDQ — ADD Two Masks	https://www.felixcloutier.com/x86/kaddw:kaddb:kaddq:kaddd
[Core Instruction] KADDW — ADD Two Masks	https://www.felixcloutier.com/x86/kaddw:kaddb:kaddq:kaddd
[Core Instruction] KANDB — Bitwise Logical AND Masks	https://www.felixcloutier.com/x86/kandw:kandb:kandq:kandd
[Core Instruction] KANDD — Bitwise Logical AND Masks	https://www.felixcloutier.com/x86/kandw:kandb:kandq:kandd
[Core Instruction] KANDNB — Bitwise Logical AND NOT Masks	https://www.felixcloutier.com/x86/kandnw:kandnb:kandnq:kandnd
[Core Instruction] KANDND — Bitwise Logical AND NOT Masks	https://www.felixcloutier.com/x86/kandnw:kandnb:kandnq:kandnd
[Core Instruction] KANDNQ — Bitwise Logical AND NOT Masks	https://www.felixcloutier.com/x86/kandnw:kandnb:kandnq:kandnd
[Core Instruction] KANDNW — Bitwise Logical AND NOT Masks	https://www.felixcloutier.com/x86/kandnw:kandnb:kandnq:kandnd
[Core Instruction] KANDQ — Bitwise Logical AND Masks	https://www.felixcloutier.com/x86/kandw:kandb:kandq:kandd
[Core Instruction] KANDW — Bitwise Logical AND Masks	https://www.felixcloutier.com/x86/kandw:kandb:kandq:kandd
[Core Instruction] KMOVB — Move From and to Mask Registers	https://www.felixcloutier.com/x86/kmovw:kmovb:kmovq:kmovd
[Core Instruction] KMOVD — Move From and to Mask Registers	https://www.felixcloutier.com/x86/kmovw:kmovb:kmovq:kmovd
[Core Instruction] KMOVQ — Move From and to Mask Registers	https://www.felixcloutier.com/x86/kmovw:kmovb:kmovq:kmovd
[Core Instruction] KMOVW — Move From and to Mask Registers	https://www.felixcloutier.com/x86/kmovw:kmovb:kmovq:kmovd
[Core Instruction] KNOTB — NOT Mask Register	https://www.felixcloutier.com/x86/knotw:knotb:knotq:knotd
[Core Instruction] KNOTD — NOT Mask Register	https://www.felixcloutier.com/x86/knotw:knotb:knotq:knotd
[Core Instruction] KNOTQ — NOT Mask Register	https://www.felixcloutier.com/x86/knotw:knotb:knotq:knotd
[Core Instruction] KNOTW — NOT Mask Register	https://www.felixcloutier.com/x86/knotw:knotb:knotq:knotd
[Core Instruction] KORB — Bitwise Logical OR Masks	https://www.felixcloutier.com/x86/korw:korb:korq:kord
[Core Instruction] KORD — Bitwise Logical OR Masks	https://www.felixcloutier.com/x86/korw:korb:korq:kord
[Core Instruction] KORQ — Bitwise Logical OR Masks	https://www.felixcloutier.com/x86/korw:korb:korq:kord
[Core Instruction] KORTESTB — OR Masks and Set Flags	https://www.felixcloutier.com/x86/kortestw:kortestb:kortestq:kortestd
[Core Instruction] KORTESTD — OR Masks and Set Flags	https://www.felixcloutier.com/x86/kortestw:kortestb:kortestq:kortestd
[Core Instruction] KORTESTQ — OR Masks and Set Flags	https://www.felixcloutier.com/x86/kortestw:kortestb:kortestq:kortestd
[Core Instruction] KORTESTW — OR Masks and Set Flags	https://www.felixcloutier.com/x86/kortestw:kortestb:kortestq:kortestd
[Core Instruction] KORW — Bitwise Logical OR Masks	https://www.felixcloutier.com/x86/korw:korb:korq:kord
[Core Instruction] KSHIFTLB — Shift Left Mask Registers	https://www.felixcloutier.com/x86/kshiftlw:kshiftlb:kshiftlq:kshiftld
[Core Instruction] KSHIFTLD — Shift Left Mask Registers	https://www.felixcloutier.com/x86/kshiftlw:kshiftlb:kshiftlq:kshiftld
[Core Instruction] KSHIFTLQ — Shift Left Mask Registers	https://www.felixcloutier.com/x86/kshiftlw:kshiftlb:kshiftlq:kshiftld
[Core Instruction] KSHIFTLW — Shift Left Mask Registers	https://www.felixcloutier.com/x86/kshiftlw:kshiftlb:kshiftlq:kshiftld
[Core Instruction] KSHIFTRB — Shift Right Mask Registers	https://www.felixcloutier.com/x86/kshiftrw:kshiftrb:kshiftrq:kshiftrd
[Core Instruction] KSHIFTRD — Shift Right Mask Registers	https://www.felixcloutier.com/x86/kshiftrw:kshiftrb:kshiftrq:kshiftrd
[Core Instruction] KSHIFTRQ — Shift Right Mask Registers	https://www.felixcloutier.com/x86/kshiftrw:kshiftrb:kshiftrq:kshiftrd
[Core Instruction] KSHIFTRW — Shift Right Mask Registers	https://www.felixcloutier.com/x86/kshiftrw:kshiftrb:kshiftrq:kshiftrd
[Core Instruction] KTESTB — Packed Bit Test Masks and Set Flags	https://www.felixcloutier.com/x86/ktestw:ktestb:ktestq:ktestd
[Core Instruction] KTESTD — Packed Bit Test Masks and Set Flags	https://www.felixcloutier.com/x86/ktestw:ktestb:ktestq:ktestd
[Core Instruction] KTESTQ — Packed Bit Test Masks and Set Flags	https://www.felixcloutier.com/x86/ktestw:ktestb:ktestq:ktestd
[Core Instruction] KTESTW — Packed Bit Test Masks and Set Flags	https://www.felixcloutier.com/x86/ktestw:ktestb:ktestq:ktestd
[Core Instruction] KUNPCKBW — Unpack for Mask Registers	https://www.felixcloutier.com/x86/kunpckbw:kunpckwd:kunpckdq
[Core Instruction] KUNPCKDQ — Unpack for Mask Registers	https://www.felixcloutier.com/x86/kunpckbw:kunpckwd:kunpckdq
[Core Instruction] KUNPCKWD — Unpack for Mask Registers	https://www.felixcloutier.com/x86/kunpckbw:kunpckwd:kunpckdq
[Core Instruction] KXNORB — Bitwise Logical XNOR Masks	https://www.felixcloutier.com/x86/kxnorw:kxnorb:kxnorq:kxnord
[Core Instruction] KXNORD — Bitwise Logical XNOR Masks	https://www.felixcloutier.com/x86/kxnorw:kxnorb:kxnorq:kxnord
[Core Instruction] KXNORQ — Bitwise Logical XNOR Masks	https://www.felixcloutier.com/x86/kxnorw:kxnorb:kxnorq:kxnord
[Core Instruction] KXNORW — Bitwise Logical XNOR Masks	https://www.felixcloutier.com/x86/kxnorw:kxnorb:kxnorq:kxnord
[Core Instruction] KXORB — Bitwise Logical XOR Masks	https://www.felixcloutier.com/x86/kxorw:kxorb:kxorq:kxord
[Core Instruction] KXORD — Bitwise Logical XOR Masks	https://www.felixcloutier.com/x86/kxorw:kxorb:kxorq:kxord
[Core Instruction] KXORQ — Bitwise Logical XOR Masks	https://www.felixcloutier.com/x86/kxorw:kxorb:kxorq:kxord
[Core Instruction] KXORW — Bitwise Logical XOR Masks	https://www.felixcloutier.com/x86/kxorw:kxorb:kxorq:kxord
[Core Instruction] LAHF — Load Status Flags Into AH Register	https://www.felixcloutier.com/x86/lahf
[Core Instruction] LAR — Load Access Rights Byte	https://www.felixcloutier.com/x86/lar
[Core Instruction] LDDQU — Load Unaligned Integer 128 Bits	https://www.felixcloutier.com/x86/lddqu
[Core Instruction] LDMXCSR — Load MXCSR Register	https://www.felixcloutier.com/x86/ldmxcsr
[Core Instruction] LDS — Load Far Pointer	https://www.felixcloutier.com/x86/lds:les:lfs:lgs:lss
[Core Instruction] LDTILECFG — Load Tile Configuration	https://www.felixcloutier.com/x86/ldtilecfg
[Core Instruction] LEA — Load Effective Address	https://www.felixcloutier.com/x86/lea
[Core Instruction] LEAVE — High Level Procedure Exit	https://www.felixcloutier.com/x86/leave
[Core Instruction] LES — Load Far Pointer	https://www.felixcloutier.com/x86/lds:les:lfs:lgs:lss
[Core Instruction] LFENCE — Load Fence	https://www.felixcloutier.com/x86/lfence
[Core Instruction] LFS — Load Far Pointer	https://www.felixcloutier.com/x86/lds:les:lfs:lgs:lss
[Core Instruction] LGDT — Load Global/Interrupt Descriptor Table Register	https://www.felixcloutier.com/x86/lgdt:lidt
[Core Instruction] LGS — Load Far Pointer	https://www.felixcloutier.com/x86/lds:les:lfs:lgs:lss
[Core Instruction] LIDT — Load Global/Interrupt Descriptor Table Register	https://www.felixcloutier.com/x86/lgdt:lidt
[Core Instruction] LLDT — Load Local Descriptor Table Register	https://www.felixcloutier.com/x86/lldt
[Core Instruction] LMSW — Load Machine Status Word	https://www.felixcloutier.com/x86/lmsw
[Core Instruction] LOADIWKEY — Load Internal Wrapping Key With Key Locker	https://www.felixcloutier.com/x86/loadiwkey
[Core Instruction] LOCK — Assert LOCK# Signal Prefix	https://www.felixcloutier.com/x86/lock
[Core Instruction] LODS — Load String	https://www.felixcloutier.com/x86/lods:lodsb:lodsw:lodsd:lodsq
[Core Instruction] LODSB — Load String	https://www.felixcloutier.com/x86/lods:lodsb:lodsw:lodsd:lodsq
[Core Instruction] LODSD — Load String	https://www.felixcloutier.com/x86/lods:lodsb:lodsw:lodsd:lodsq
[Core Instruction] LODSQ — Load String	https://www.felixcloutier.com/x86/lods:lodsb:lodsw:lodsd:lodsq
[Core Instruction] LODSW — Load String	https://www.felixcloutier.com/x86/lods:lodsb:lodsw:lodsd:lodsq
[Core Instruction] LOOP — Loop According to ECX Counter	https://www.felixcloutier.com/x86/loop:loopcc
[Core Instruction] LOOPcc — Loop According to ECX Counter	https://www.felixcloutier.com/x86/loop:loopcc
[Core Instruction] LSL — Load Segment Limit	https://www.felixcloutier.com/x86/lsl
[Core Instruction] LSS — Load Far Pointer	https://www.felixcloutier.com/x86/lds:les:lfs:lgs:lss
[Core Instruction] LTR — Load Task Register	https://www.felixcloutier.com/x86/ltr
[Core Instruction] LZCNT — Count the Number of Leading Zero Bits	https://www.felixcloutier.com/x86/lzcnt
[Core Instruction] MASKMOVDQU — Store Selected Bytes of Double Quadword	https://www.felixcloutier.com/x86/maskmovdqu
[Core Instruction] MASKMOVQ — Store Selected Bytes of Quadword	https://www.felixcloutier.com/x86/maskmovq
[Core Instruction] MAXPD — Maximum of Packed Double Precision Floating-Point Values	https://www.felixcloutier.com/x86/maxpd
[Core Instruction] MAXPS — Maximum of Packed Single Precision Floating-Point Values	https://www.felixcloutier.com/x86/maxps
[Core Instruction] MAXSD — Return Maximum Scalar Double Precision Floating-Point Value	https://www.felixcloutier.com/x86/maxsd
[Core Instruction] MAXSS — Return Maximum Scalar Single Precision Floating-Point Value	https://www.felixcloutier.com/x86/maxss
[Core Instruction] MFENCE — Memory Fence	https://www.felixcloutier.com/x86/mfence
[Core Instruction] MINPD — Minimum of Packed Double Precision Floating-Point Values	https://www.felixcloutier.com/x86/minpd
[Core Instruction] MINPS — Minimum of Packed Single Precision Floating-Point Values	https://www.felixcloutier.com/x86/minps
[Core Instruction] MINSD — Return Minimum Scalar Double Precision Floating-Point Value	https://www.felixcloutier.com/x86/minsd
[Core Instruction] MINSS — Return Minimum Scalar Single Precision Floating-Point Value	https://www.felixcloutier.com/x86/minss
[Core Instruction] MONITOR — Set Up Monitor Address	https://www.felixcloutier.com/x86/monitor
[Core Instruction] MOV — Move	https://www.felixcloutier.com/x86/mov
[Core Instruction] MOV (1) — Move to/from Control Registers	https://www.felixcloutier.com/x86/mov-1
[Core Instruction] MOV (2) — Move to/from Debug Registers	https://www.felixcloutier.com/x86/mov-2
[Core Instruction] MOVAPD — Move Aligned Packed Double Precision Floating-Point Values	https://www.felixcloutier.com/x86/movapd
[Core Instruction] MOVAPS — Move Aligned Packed Single Precision Floating-Point Values	https://www.felixcloutier.com/x86/movaps
[Core Instruction] MOVBE — Move Data After Swapping Bytes	https://www.felixcloutier.com/x86/movbe
[Core Instruction] MOVD — Move Doubleword/Move Quadword	https://www.felixcloutier.com/x86/movd:movq
[Core Instruction] MOVDDUP — Replicate Double Precision Floating-Point Values	https://www.felixcloutier.com/x86/movddup
[Core Instruction] MOVDIR64B — Move 64 Bytes as Direct Store	https://www.felixcloutier.com/x86/movdir64b
[Core Instruction] MOVDIRI — Move Doubleword as Direct Store	https://www.felixcloutier.com/x86/movdiri
[Core Instruction] MOVDQ2Q — Move Quadword from XMM to MMX Technology Register	https://www.felixcloutier.com/x86/movdq2q
[Core Instruction] MOVDQA — Move Aligned Packed Integer Values	https://www.felixcloutier.com/x86/movdqa:vmovdqa32:vmovdqa64
[Core Instruction] MOVDQU — Move Unaligned Packed Integer Values	https://www.felixcloutier.com/x86/movdqu:vmovdqu8:vmovdqu16:vmovdqu32:vmovdqu64
[Core Instruction] MOVHLPS — Move Packed Single Precision Floating-Point Values High to Low	https://www.felixcloutier.com/x86/movhlps
[Core Instruction] MOVHPD — Move High Packed Double Precision Floating-Point Value	https://www.felixcloutier.com/x86/movhpd
[Core Instruction] MOVHPS — Move High Packed Single Precision Floating-Point Values	https://www.felixcloutier.com/x86/movhps
[Core Instruction] MOVLHPS — Move Packed Single Precision Floating-Point Values Low to High	https://www.felixcloutier.com/x86/movlhps
[Core Instruction] MOVLPD — Move Low Packed Double Precision Floating-Point Value	https://www.felixcloutier.com/x86/movlpd
[Core Instruction] MOVLPS — Move Low Packed Single Precision Floating-Point Values	https://www.felixcloutier.com/x86/movlps
[Core Instruction] MOVMSKPD — Extract Packed Double Precision Floating-Point Sign Mask	https://www.felixcloutier.com/x86/movmskpd
[Core Instruction] MOVMSKPS — Extract Packed Single Precision Floating-Point Sign Mask	https://www.felixcloutier.com/x86/movmskps
[Core Instruction] MOVNTDQ — Store Packed Integers Using Non-Temporal Hint	https://www.felixcloutier.com/x86/movntdq
[Core Instruction] MOVNTDQA — Load Double Quadword Non-Temporal Aligned Hint	https://www.felixcloutier.com/x86/movntdqa
[Core Instruction] MOVNTI — Store Doubleword Using Non-Temporal Hint	https://www.felixcloutier.com/x86/movnti
[Core Instruction] MOVNTPD — Store Packed Double Precision Floating-Point Values Using Non-Temporal Hint	https://www.felixcloutier.com/x86/movntpd
[Core Instruction] MOVNTPS — Store Packed Single Precision Floating-Point Values Using Non-Temporal Hint	https://www.felixcloutier.com/x86/movntps
[Core Instruction] MOVNTQ — Store of Quadword Using Non-Temporal Hint	https://www.felixcloutier.com/x86/movntq
[Core Instruction] MOVQ — Move Doubleword/Move Quadword	https://www.felixcloutier.com/x86/movd:movq
[Core Instruction] MOVQ (1) — Move Quadword	https://www.felixcloutier.com/x86/movq
[Core Instruction] MOVQ2DQ — Move Quadword from MMX Technology to XMM Register	https://www.felixcloutier.com/x86/movq2dq
[Core Instruction] MOVS — Move Data From String to String	https://www.felixcloutier.com/x86/movs:movsb:movsw:movsd:movsq
[Core Instruction] MOVSB — Move Data From String to String	https://www.felixcloutier.com/x86/movs:movsb:movsw:movsd:movsq
[Core Instruction] MOVSD — Move Data From String to String	https://www.felixcloutier.com/x86/movs:movsb:movsw:movsd:movsq
[Core Instruction] MOVSD (1) — Move or Merge Scalar Double Precision Floating-Point Value	https://www.felixcloutier.com/x86/movsd
[Core Instruction] MOVSHDUP — Replicate Single Precision Floating-Point Values	https://www.felixcloutier.com/x86/movshdup
[Core Instruction] MOVSLDUP — Replicate Single Precision Floating-Point Values	https://www.felixcloutier.com/x86/movsldup
[Core Instruction] MOVSQ — Move Data From String to String	https://www.felixcloutier.com/x86/movs:movsb:movsw:movsd:movsq
[Core Instruction] MOVSS — Move or Merge Scalar Single Precision Floating-Point Value	https://www.felixcloutier.com/x86/movss
[Core Instruction] MOVSW — Move Data From String to String	https://www.felixcloutier.com/x86/movs:movsb:movsw:movsd:movsq
[Core Instruction] MOVSX — Move With Sign-Extension	https://www.felixcloutier.com/x86/movsx:movsxd
[Core Instruction] MOVSXD — Move With Sign-Extension	https://www.felixcloutier.com/x86/movsx:movsxd
[Core Instruction] MOVUPD — Move Unaligned Packed Double Precision Floating-Point Values	https://www.felixcloutier.com/x86/movupd
[Core Instruction] MOVUPS — Move Unaligned Packed Single Precision Floating-Point Values	https://www.felixcloutier.com/x86/movups
[Core Instruction] MOVZX — Move With Zero-Extend	https://www.felixcloutier.com/x86/movzx
[Core Instruction] MPSADBW — Compute Multiple Packed Sums of Absolute Difference	https://www.felixcloutier.com/x86/mpsadbw
[Core Instruction] MUL — Unsigned Multiply	https://www.felixcloutier.com/x86/mul
[Core Instruction] MULPD — Multiply Packed Double Precision Floating-Point Values	https://www.felixcloutier.com/x86/mulpd
[Core Instruction] MULPS — Multiply Packed Single Precision Floating-Point Values	https://www.felixcloutier.com/x86/mulps
[Core Instruction] MULSD — Multiply Scalar Double Precision Floating-Point Value	https://www.felixcloutier.com/x86/mulsd
[Core Instruction] MULSS — Multiply Scalar Single Precision Floating-Point Values	https://www.felixcloutier.com/x86/mulss
[Core Instruction] MULX — Unsigned Multiply Without Affecting Flags	https://www.felixcloutier.com/x86/mulx
[Core Instruction] MWAIT — Monitor Wait	https://www.felixcloutier.com/x86/mwait
[Core Instruction] NEG — Two's Complement Negation	https://www.felixcloutier.com/x86/neg
[Core Instruction] NOP — No Operation	https://www.felixcloutier.com/x86/nop
[Core Instruction] NOT — One's Complement Negation	https://www.felixcloutier.com/x86/not
[Core Instruction] OR — Logical Inclusive OR	https://www.felixcloutier.com/x86/or
[Core Instruction] ORPD — Bitwise Logical OR of Packed Double Precision Floating-Point Values	https://www.felixcloutier.com/x86/orpd
[Core Instruction] ORPS — Bitwise Logical OR of Packed Single Precision Floating-Point Values	https://www.felixcloutier.com/x86/orps
[Core Instruction] OUT — Output to Port	https://www.felixcloutier.com/x86/out
[Core Instruction] OUTS — Output String to Port	https://www.felixcloutier.com/x86/outs:outsb:outsw:outsd
[Core Instruction] OUTSB — Output String to Port	https://www.felixcloutier.com/x86/outs:outsb:outsw:outsd
[Core Instruction] OUTSD — Output String to Port	https://www.felixcloutier.com/x86/outs:outsb:outsw:outsd
[Core Instruction] OUTSW — Output String to Port	https://www.felixcloutier.com/x86/outs:outsb:outsw:outsd
[Core Instruction] PABSB — Packed Absolute Value	https://www.felixcloutier.com/x86/pabsb:pabsw:pabsd:pabsq
[Core Instruction] PABSD — Packed Absolute Value	https://www.felixcloutier.com/x86/pabsb:pabsw:pabsd:pabsq
[Core Instruction] PABSQ — Packed Absolute Value	https://www.felixcloutier.com/x86/pabsb:pabsw:pabsd:pabsq
[Core Instruction] PABSW — Packed Absolute Value	https://www.felixcloutier.com/x86/pabsb:pabsw:pabsd:pabsq
[Core Instruction] PACKSSDW — Pack With Signed Saturation	https://www.felixcloutier.com/x86/packsswb:packssdw
[Core Instruction] PACKSSWB — Pack With Signed Saturation	https://www.felixcloutier.com/x86/packsswb:packssdw
[Core Instruction] PACKUSDW — Pack With Unsigned Saturation	https://www.felixcloutier.com/x86/packusdw
[Core Instruction] PACKUSWB — Pack With Unsigned Saturation	https://www.felixcloutier.com/x86/packuswb
[Core Instruction] PADDB — Add Packed Integers	https://www.felixcloutier.com/x86/paddb:paddw:paddd:paddq
[Core Instruction] PADDD — Add Packed Integers	https://www.felixcloutier.com/x86/paddb:paddw:paddd:paddq
[Core Instruction] PADDQ — Add Packed Integers	https://www.felixcloutier.com/x86/paddb:paddw:paddd:paddq
[Core Instruction] PADDSB — Add Packed Signed Integers with Signed Saturation	https://www.felixcloutier.com/x86/paddsb:paddsw
[Core Instruction] PADDSW — Add Packed Signed Integers with Signed Saturation	https://www.felixcloutier.com/x86/paddsb:paddsw
[Core Instruction] PADDUSB — Add Packed Unsigned Integers With Unsigned Saturation	https://www.felixcloutier.com/x86/paddusb:paddusw
[Core Instruction] PADDUSW — Add Packed Unsigned Integers With Unsigned Saturation	https://www.felixcloutier.com/x86/paddusb:paddusw
[Core Instruction] PADDW — Add Packed Integers	https://www.felixcloutier.com/x86/paddb:paddw:paddd:paddq
[Core Instruction] PALIGNR — Packed Align Right	https://www.felixcloutier.com/x86/palignr
[Core Instruction] PAND — Logical AND	https://www.felixcloutier.com/x86/pand
[Core Instruction] PANDN — Logical AND NOT	https://www.felixcloutier.com/x86/pandn
[Core Instruction] PAUSE — Spin Loop Hint	https://www.felixcloutier.com/x86/pause
[Core Instruction] PAVGB — Average Packed Integers	https://www.felixcloutier.com/x86/pavgb:pavgw
[Core Instruction] PAVGW — Average Packed Integers	https://www.felixcloutier.com/x86/pavgb:pavgw
[Core Instruction] PBLENDVB — Variable Blend Packed Bytes	https://www.felixcloutier.com/x86/pblendvb
[Core Instruction] PBLENDW — Blend Packed Words	https://www.felixcloutier.com/x86/pblendw
[Core Instruction] PCLMULQDQ — Carry-Less Multiplication Quadword	https://www.felixcloutier.com/x86/pclmulqdq
[Core Instruction] PCMPEQB — Compare Packed Data for Equal	https://www.felixcloutier.com/x86/pcmpeqb:pcmpeqw:pcmpeqd
[Core Instruction] PCMPEQD — Compare Packed Data for Equal	https://www.felixcloutier.com/x86/pcmpeqb:pcmpeqw:pcmpeqd
[Core Instruction] PCMPEQQ — Compare Packed Qword Data for Equal	https://www.felixcloutier.com/x86/pcmpeqq
[Core Instruction] PCMPEQW — Compare Packed Data for Equal	https://www.felixcloutier.com/x86/pcmpeqb:pcmpeqw:pcmpeqd
[Core Instruction] PCMPESTRI — Packed Compare Explicit Length Strings, Return Index	https://www.felixcloutier.com/x86/pcmpestri
[Core Instruction] PCMPESTRM — Packed Compare Explicit Length Strings, Return Mask	https://www.felixcloutier.com/x86/pcmpestrm
[Core Instruction] PCMPGTB — Compare Packed Signed Integers for Greater Than	https://www.felixcloutier.com/x86/pcmpgtb:pcmpgtw:pcmpgtd
[Core Instruction] PCMPGTD — Compare Packed Signed Integers for Greater Than	https://www.felixcloutier.com/x86/pcmpgtb:pcmpgtw:pcmpgtd
[Core Instruction] PCMPGTQ — Compare Packed Data for Greater Than	https://www.felixcloutier.com/x86/pcmpgtq
[Core Instruction] PCMPGTW — Compare Packed Signed Integers for Greater Than	https://www.felixcloutier.com/x86/pcmpgtb:pcmpgtw:pcmpgtd
[Core Instruction] PCMPISTRI — Packed Compare Implicit Length Strings, Return Index	https://www.felixcloutier.com/x86/pcmpistri
[Core Instruction] PCMPISTRM — Packed Compare Implicit Length Strings, Return Mask	https://www.felixcloutier.com/x86/pcmpistrm
[Core Instruction] PCONFIG — Platform Configuration	https://www.felixcloutier.com/x86/pconfig
[Core Instruction] PDEP — Parallel Bits Deposit	https://www.felixcloutier.com/x86/pdep
[Core Instruction] PEXT — Parallel Bits Extract	https://www.felixcloutier.com/x86/pext
[Core Instruction] PEXTRB — Extract Byte/Dword/Qword	https://www.felixcloutier.com/x86/pextrb:pextrd:pextrq
[Core Instruction] PEXTRD — Extract Byte/Dword/Qword	https://www.felixcloutier.com/x86/pextrb:pextrd:pextrq
[Core Instruction] PEXTRQ — Extract Byte/Dword/Qword	https://www.felixcloutier.com/x86/pextrb:pextrd:pextrq
[Core Instruction] PEXTRW — Extract Word	https://www.felixcloutier.com/x86/pextrw
[Core Instruction] PHADDD — Packed Horizontal Add	https://www.felixcloutier.com/x86/phaddw:phaddd
[Core Instruction] PHADDSW — Packed Horizontal Add and Saturate	https://www.felixcloutier.com/x86/phaddsw
[Core Instruction] PHADDW — Packed Horizontal Add	https://www.felixcloutier.com/x86/phaddw:phaddd
[Core Instruction] PHMINPOSUW — Packed Horizontal Word Minimum	https://www.felixcloutier.com/x86/phminposuw
[Core Instruction] PHSUBD — Packed Horizontal Subtract	https://www.felixcloutier.com/x86/phsubw:phsubd
[Core Instruction] PHSUBSW — Packed Horizontal Subtract and Saturate	https://www.felixcloutier.com/x86/phsubsw
[Core Instruction] PHSUBW — Packed Horizontal Subtract	https://www.felixcloutier.com/x86/phsubw:phsubd
[Core Instruction] PINSRB — Insert Byte/Dword/Qword	https://www.felixcloutier.com/x86/pinsrb:pinsrd:pinsrq
[Core Instruction] PINSRD — Insert Byte/Dword/Qword	https://www.felixcloutier.com/x86/pinsrb:pinsrd:pinsrq
[Core Instruction] PINSRQ — Insert Byte/Dword/Qword	https://www.felixcloutier.com/x86/pinsrb:pinsrd:pinsrq
[Core Instruction] PINSRW — Insert Word	https://www.felixcloutier.com/x86/pinsrw
[Core Instruction] PMADDUBSW — Multiply and Add Packed Signed and Unsigned Bytes	https://www.felixcloutier.com/x86/pmaddubsw
[Core Instruction] PMADDWD — Multiply and Add Packed Integers	https://www.felixcloutier.com/x86/pmaddwd
[Core Instruction] PMAXSB — Maximum of Packed Signed Integers	https://www.felixcloutier.com/x86/pmaxsb:pmaxsw:pmaxsd:pmaxsq
[Core Instruction] PMAXSD — Maximum of Packed Signed Integers	https://www.felixcloutier.com/x86/pmaxsb:pmaxsw:pmaxsd:pmaxsq
[Core Instruction] PMAXSQ — Maximum of Packed Signed Integers	https://www.felixcloutier.com/x86/pmaxsb:pmaxsw:pmaxsd:pmaxsq
[Core Instruction] PMAXSW — Maximum of Packed Signed Integers	https://www.felixcloutier.com/x86/pmaxsb:pmaxsw:pmaxsd:pmaxsq
[Core Instruction] PMAXUB — Maximum of Packed Unsigned Integers	https://www.felixcloutier.com/x86/pmaxub:pmaxuw
[Core Instruction] PMAXUD — Maximum of Packed Unsigned Integers	https://www.felixcloutier.com/x86/pmaxud:pmaxuq
[Core Instruction] PMAXUQ — Maximum of Packed Unsigned Integers	https://www.felixcloutier.com/x86/pmaxud:pmaxuq
[Core Instruction] PMAXUW — Maximum of Packed Unsigned Integers	https://www.felixcloutier.com/x86/pmaxub:pmaxuw
[Core Instruction] PMINSB — Minimum of Packed Signed Integers	https://www.felixcloutier.com/x86/pminsb:pminsw
[Core Instruction] PMINSD — Minimum of Packed Signed Integers	https://www.felixcloutier.com/x86/pminsd:pminsq
[Core Instruction] PMINSQ — Minimum of Packed Signed Integers	https://www.felixcloutier.com/x86/pminsd:pminsq
[Core Instruction] PMINSW — Minimum of Packed Signed Integers	https://www.felixcloutier.com/x86/pminsb:pminsw
[Core Instruction] PMINUB — Minimum of Packed Unsigned Integers	https://www.felixcloutier.com/x86/pminub:pminuw
[Core Instruction] PMINUD — Minimum of Packed Unsigned Integers	https://www.felixcloutier.com/x86/pminud:pminuq
[Core Instruction] PMINUQ — Minimum of Packed Unsigned Integers	https://www.felixcloutier.com/x86/pminud:pminuq
[Core Instruction] PMINUW — Minimum of Packed Unsigned Integers	https://www.felixcloutier.com/x86/pminub:pminuw
[Core Instruction] PMOVMSKB — Move Byte Mask	https://www.felixcloutier.com/x86/pmovmskb
[Core Instruction] PMOVSX — Packed Move With Sign Extend	https://www.felixcloutier.com/x86/pmovsx
[Core Instruction] PMOVZX — Packed Move With Zero Extend	https://www.felixcloutier.com/x86/pmovzx
[Core Instruction] PMULDQ — Multiply Packed Doubleword Integers	https://www.felixcloutier.com/x86/pmuldq
[Core Instruction] PMULHRSW — Packed Multiply High With Round and Scale	https://www.felixcloutier.com/x86/pmulhrsw
[Core Instruction] PMULHUW — Multiply Packed Unsigned Integers and Store High Result	https://www.felixcloutier.com/x86/pmulhuw
[Core Instruction] PMULHW — Multiply Packed Signed Integers and Store High Result	https://www.felixcloutier.com/x86/pmulhw
[Core Instruction] PMULLD — Multiply Packed Integers and Store Low Result	https://www.felixcloutier.com/x86/pmulld:pmullq
[Core Instruction] PMULLQ — Multiply Packed Integers and Store Low Result	https://www.felixcloutier.com/x86/pmulld:pmullq
[Core Instruction] PMULLW — Multiply Packed Signed Integers and Store Low Result	https://www.felixcloutier.com/x86/pmullw
[Core Instruction] PMULUDQ — Multiply Packed Unsigned Doubleword Integers	https://www.felixcloutier.com/x86/pmuludq
[Core Instruction] POP — Pop a Value From the Stack	https://www.felixcloutier.com/x86/pop
[Core Instruction] POPA — Pop All General-Purpose Registers	https://www.felixcloutier.com/x86/popa:popad
[Core Instruction] POPAD — Pop All General-Purpose Registers	https://www.felixcloutier.com/x86/popa:popad
[Core Instruction] POPCNT — Return the Count of Number of Bits Set to 1	https://www.felixcloutier.com/x86/popcnt
[Core Instruction] POPF — Pop Stack Into EFLAGS Register	https://www.felixcloutier.com/x86/popf:popfd:popfq
[Core Instruction] POPFD — Pop Stack Into EFLAGS Register	https://www.felixcloutier.com/x86/popf:popfd:popfq
[Core Instruction] POPFQ — Pop Stack Into EFLAGS Register	https://www.felixcloutier.com/x86/popf:popfd:popfq
[Core Instruction] POR — Bitwise Logical OR	https://www.felixcloutier.com/x86/por
[Core Instruction] PREFETCHW — Prefetch Data Into Caches in Anticipation of a Write	https://www.felixcloutier.com/x86/prefetchw
[Core Instruction] PREFETCHh — Prefetch Data Into Caches	https://www.felixcloutier.com/x86/prefetchh
[Core Instruction] PSADBW — Compute Sum of Absolute Differences	https://www.felixcloutier.com/x86/psadbw
[Core Instruction] PSHUFB — Packed Shuffle Bytes	https://www.felixcloutier.com/x86/pshufb
[Core Instruction] PSHUFD — Shuffle Packed Doublewords	https://www.felixcloutier.com/x86/pshufd
[Core Instruction] PSHUFHW — Shuffle Packed High Words	https://www.felixcloutier.com/x86/pshufhw
[Core Instruction] PSHUFLW — Shuffle Packed Low Words	https://www.felixcloutier.com/x86/pshuflw
[Core Instruction] PSHUFW — Shuffle Packed Words	https://www.felixcloutier.com/x86/pshufw
[Core Instruction] PSIGNB — Packed SIGN	https://www.felixcloutier.com/x86/psignb:psignw:psignd
[Core Instruction] PSIGND — Packed SIGN	https://www.felixcloutier.com/x86/psignb:psignw:psignd
[Core Instruction] PSIGNW — Packed SIGN	https://www.felixcloutier.com/x86/psignb:psignw:psignd
[Core Instruction] PSLLD — Shift Packed Data Left Logical	https://www.felixcloutier.com/x86/psllw:pslld:psllq
[Core Instruction] PSLLDQ — Shift Double Quadword Left Logical	https://www.felixcloutier.com/x86/pslldq
[Core Instruction] PSLLQ — Shift Packed Data Left Logical	https://www.felixcloutier.com/x86/psllw:pslld:psllq
[Core Instruction] PSLLW — Shift Packed Data Left Logical	https://www.felixcloutier.com/x86/psllw:pslld:psllq
[Core Instruction] PSRAD — Shift Packed Data Right Arithmetic	https://www.felixcloutier.com/x86/psraw:psrad:psraq
[Core Instruction] PSRAQ — Shift Packed Data Right Arithmetic	https://www.felixcloutier.com/x86/psraw:psrad:psraq
[Core Instruction] PSRAW — Shift Packed Data Right Arithmetic	https://www.felixcloutier.com/x86/psraw:psrad:psraq
[Core Instruction] PSRLD — Shift Packed Data Right Logical	https://www.felixcloutier.com/x86/psrlw:psrld:psrlq
[Core Instruction] PSRLDQ — Shift Double Quadword Right Logical	https://www.felixcloutier.com/x86/psrldq
[Core Instruction] PSRLQ — Shift Packed Data Right Logical	https://www.felixcloutier.com/x86/psrlw:psrld:psrlq
[Core Instruction] PSRLW — Shift Packed Data Right Logical	https://www.felixcloutier.com/x86/psrlw:psrld:psrlq
[Core Instruction] PSUBB — Subtract Packed Integers	https://www.felixcloutier.com/x86/psubb:psubw:psubd
[Core Instruction] PSUBD — Subtract Packed Integers	https://www.felixcloutier.com/x86/psubb:psubw:psubd
[Core Instruction] PSUBQ — Subtract Packed Quadword Integers	https://www.felixcloutier.com/x86/psubq
[Core Instruction] PSUBSB — Subtract Packed Signed Integers With Signed Saturation	https://www.felixcloutier.com/x86/psubsb:psubsw
[Core Instruction] PSUBSW — Subtract Packed Signed Integers With Signed Saturation	https://www.felixcloutier.com/x86/psubsb:psubsw
[Core Instruction] PSUBUSB — Subtract Packed Unsigned Integers With Unsigned Saturation	https://www.felixcloutier.com/x86/psubusb:psubusw
[Core Instruction] PSUBUSW — Subtract Packed Unsigned Integers With Unsigned Saturation	https://www.felixcloutier.com/x86/psubusb:psubusw
[Core Instruction] PSUBW — Subtract Packed Integers	https://www.felixcloutier.com/x86/psubb:psubw:psubd
[Core Instruction] PTEST — Logical Compare	https://www.felixcloutier.com/x86/ptest
[Core Instruction] PTWRITE — Write Data to a Processor Trace Packet	https://www.felixcloutier.com/x86/ptwrite
[Core Instruction] PUNPCKHBW — Unpack High Data	https://www.felixcloutier.com/x86/punpckhbw:punpckhwd:punpckhdq:punpckhqdq
[Core Instruction] PUNPCKHDQ — Unpack High Data	https://www.felixcloutier.com/x86/punpckhbw:punpckhwd:punpckhdq:punpckhqdq
[Core Instruction] PUNPCKHQDQ — Unpack High Data	https://www.felixcloutier.com/x86/punpckhbw:punpckhwd:punpckhdq:punpckhqdq
[Core Instruction] PUNPCKHWD — Unpack High Data	https://www.felixcloutier.com/x86/punpckhbw:punpckhwd:punpckhdq:punpckhqdq
[Core Instruction] PUNPCKLBW — Unpack Low Data	https://www.felixcloutier.com/x86/punpcklbw:punpcklwd:punpckldq:punpcklqdq
[Core Instruction] PUNPCKLDQ — Unpack Low Data	https://www.felixcloutier.com/x86/punpcklbw:punpcklwd:punpckldq:punpcklqdq
[Core Instruction] PUNPCKLQDQ — Unpack Low Data	https://www.felixcloutier.com/x86/punpcklbw:punpcklwd:punpckldq:punpcklqdq
[Core Instruction] PUNPCKLWD — Unpack Low Data	https://www.felixcloutier.com/x86/punpcklbw:punpcklwd:punpckldq:punpcklqdq
[Core Instruction] PUSH — Push Word, Doubleword, or Quadword Onto the Stack	https://www.felixcloutier.com/x86/push
[Core Instruction] PUSHA — Push All General-Purpose Registers	https://www.felixcloutier.com/x86/pusha:pushad
[Core Instruction] PUSHAD — Push All General-Purpose Registers	https://www.felixcloutier.com/x86/pusha:pushad
[Core Instruction] PUSHF — Push EFLAGS Register Onto the Stack	https://www.felixcloutier.com/x86/pushf:pushfd:pushfq
[Core Instruction] PUSHFD — Push EFLAGS Register Onto the Stack	https://www.felixcloutier.com/x86/pushf:pushfd:pushfq
[Core Instruction] PUSHFQ — Push EFLAGS Register Onto the Stack	https://www.felixcloutier.com/x86/pushf:pushfd:pushfq
[Core Instruction] PXOR — Logical Exclusive OR	https://www.felixcloutier.com/x86/pxor
[Core Instruction] RCL — Rotate	https://www.felixcloutier.com/x86/rcl:rcr:rol:ror
[Core Instruction] RCPPS — Compute Reciprocals of Packed Single Precision Floating-Point Values	https://www.felixcloutier.com/x86/rcpps
[Core Instruction] RCPSS — Compute Reciprocal of Scalar Single Precision Floating-Point Values	https://www.felixcloutier.com/x86/rcpss
[Core Instruction] RCR — Rotate	https://www.felixcloutier.com/x86/rcl:rcr:rol:ror
[Core Instruction] RDFSBASE — Read FS/GS Segment Base	https://www.felixcloutier.com/x86/rdfsbase:rdgsbase
[Core Instruction] RDGSBASE — Read FS/GS Segment Base	https://www.felixcloutier.com/x86/rdfsbase:rdgsbase
[Core Instruction] RDMSR — Read From Model Specific Register	https://www.felixcloutier.com/x86/rdmsr
[Core Instruction] RDPID — Read Processor ID	https://www.felixcloutier.com/x86/rdpid
[Core Instruction] RDPKRU — Read Protection Key Rights for User Pages	https://www.felixcloutier.com/x86/rdpkru
[Core Instruction] RDPMC — Read Performance-Monitoring Counters	https://www.felixcloutier.com/x86/rdpmc
[Core Instruction] RDRAND — Read Random Number	https://www.felixcloutier.com/x86/rdrand
[Core Instruction] RDSEED — Read Random SEED	https://www.felixcloutier.com/x86/rdseed
[Core Instruction] RDSSPD — Read Shadow Stack Pointer	https://www.felixcloutier.com/x86/rdsspd:rdsspq
[Core Instruction] RDSSPQ — Read Shadow Stack Pointer	https://www.felixcloutier.com/x86/rdsspd:rdsspq
[Core Instruction] RDTSC — Read Time-Stamp Counter	https://www.felixcloutier.com/x86/rdtsc
[Core Instruction] RDTSCP — Read Time-Stamp Counter and Processor ID	https://www.felixcloutier.com/x86/rdtscp
[Core Instruction] REP — Repeat String Operation Prefix	https://www.felixcloutier.com/x86/rep:repe:repz:repne:repnz
[Core Instruction] REPE — Repeat String Operation Prefix	https://www.felixcloutier.com/x86/rep:repe:repz:repne:repnz
[Core Instruction] REPNE — Repeat String Operation Prefix	https://www.felixcloutier.com/x86/rep:repe:repz:repne:repnz
[Core Instruction] REPNZ — Repeat String Operation Prefix	https://www.felixcloutier.com/x86/rep:repe:repz:repne:repnz
[Core Instruction] REPZ — Repeat String Operation Prefix	https://www.felixcloutier.com/x86/rep:repe:repz:repne:repnz
[Core Instruction] RET — Return From Procedure	https://www.felixcloutier.com/x86/ret
[Core Instruction] ROL — Rotate	https://www.felixcloutier.com/x86/rcl:rcr:rol:ror
[Core Instruction] ROR — Rotate	https://www.felixcloutier.com/x86/rcl:rcr:rol:ror
[Core Instruction] RORX — Rotate Right Logical Without Affecting Flags	https://www.felixcloutier.com/x86/rorx
[Core Instruction] ROUNDPD — Round Packed Double Precision Floating-Point Values	https://www.felixcloutier.com/x86/roundpd
[Core Instruction] ROUNDPS — Round Packed Single Precision Floating-Point Values	https://www.felixcloutier.com/x86/roundps
[Core Instruction] ROUNDSD — Round Scalar Double Precision Floating-Point Values	https://www.felixcloutier.com/x86/roundsd
[Core Instruction] ROUNDSS — Round Scalar Single Precision Floating-Point Values	https://www.felixcloutier.com/x86/roundss
[Core Instruction] RSM — Resume From System Management Mode	https://www.felixcloutier.com/x86/rsm
[Core Instruction] RSQRTPS — Compute Reciprocals of Square Roots of Packed Single Precision Floating-PointValues	https://www.felixcloutier.com/x86/rsqrtps
[Core Instruction] RSQRTSS — Compute Reciprocal of Square Root of Scalar Single Precision Floating-Point Value	https://www.felixcloutier.com/x86/rsqrtss
[Core Instruction] RSTORSSP — Restore Saved Shadow Stack Pointer	https://www.felixcloutier.com/x86/rstorssp
[Core Instruction] SAHF — Store AH Into Flags	https://www.felixcloutier.com/x86/sahf
[Core Instruction] SAL — Shift	https://www.felixcloutier.com/x86/sal:sar:shl:shr
[Core Instruction] SAR — Shift	https://www.felixcloutier.com/x86/sal:sar:shl:shr
[Core Instruction] SARX — Shift Without Affecting Flags	https://www.felixcloutier.com/x86/sarx:shlx:shrx
[Core Instruction] SAVEPREVSSP — Save Previous Shadow Stack Pointer	https://www.felixcloutier.com/x86/saveprevssp
[Core Instruction] SBB — Integer Subtraction With Borrow	https://www.felixcloutier.com/x86/sbb
[Core Instruction] SCAS — Scan String	https://www.felixcloutier.com/x86/scas:scasb:scasw:scasd
[Core Instruction] SCASB — Scan String	https://www.felixcloutier.com/x86/scas:scasb:scasw:scasd
[Core Instruction] SCASD — Scan String	https://www.felixcloutier.com/x86/scas:scasb:scasw:scasd
[Core Instruction] SCASW — Scan String	https://www.felixcloutier.com/x86/scas:scasb:scasw:scasd
[Core Instruction] SENDUIPI — Send User Interprocessor Interrupt	https://www.felixcloutier.com/x86/senduipi
[Core Instruction] SERIALIZE — Serialize Instruction Execution	https://www.felixcloutier.com/x86/serialize
[Core Instruction] SETSSBSY — Mark Shadow Stack Busy	https://www.felixcloutier.com/x86/setssbsy
[Core Instruction] SETcc — Set Byte on Condition	https://www.felixcloutier.com/x86/setcc
[Core Instruction] SFENCE — Store Fence	https://www.felixcloutier.com/x86/sfence
[Core Instruction] SGDT — Store Global Descriptor Table Register	https://www.felixcloutier.com/x86/sgdt
[Core Instruction] SHA1MSG1 — Perform an Intermediate Calculation for the Next Four SHA1 Message Dwords	https://www.felixcloutier.com/x86/sha1msg1
[Core Instruction] SHA1MSG2 — Perform a Final Calculation for the Next Four SHA1 Message Dwords	https://www.felixcloutier.com/x86/sha1msg2
[Core Instruction] SHA1NEXTE — Calculate SHA1 State Variable E After Four Rounds	https://www.felixcloutier.com/x86/sha1nexte
[Core Instruction] SHA1RNDS4 — Perform Four Rounds of SHA1 Operation	https://www.felixcloutier.com/x86/sha1rnds4
[Core Instruction] SHA256MSG1 — Perform an Intermediate Calculation for the Next Four SHA256 MessageDwords	https://www.felixcloutier.com/x86/sha256msg1
[Core Instruction] SHA256MSG2 — Perform a Final Calculation for the Next Four SHA256 Message Dwords	https://www.felixcloutier.com/x86/sha256msg2
[Core Instruction] SHA256RNDS2 — Perform Two Rounds of SHA256 Operation	https://www.felixcloutier.com/x86/sha256rnds2
[Core Instruction] SHL — Shift	https://www.felixcloutier.com/x86/sal:sar:shl:shr
[Core Instruction] SHLD — Double Precision Shift Left	https://www.felixcloutier.com/x86/shld
[Core Instruction] SHLX — Shift Without Affecting Flags	https://www.felixcloutier.com/x86/sarx:shlx:shrx
[Core Instruction] SHR — Shift	https://www.felixcloutier.com/x86/sal:sar:shl:shr
[Core Instruction] SHRD — Double Precision Shift Right	https://www.felixcloutier.com/x86/shrd
[Core Instruction] SHRX — Shift Without Affecting Flags	https://www.felixcloutier.com/x86/sarx:shlx:shrx
[Core Instruction] SHUFPD — Packed Interleave Shuffle of Pairs of Double Precision Floating-Point Values	https://www.felixcloutier.com/x86/shufpd
[Core Instruction] SHUFPS — Packed Interleave Shuffle of Quadruplets of Single Precision Floating-Point Values	https://www.felixcloutier.com/x86/shufps
[Core Instruction] SIDT — Store Interrupt Descriptor Table Register	https://www.felixcloutier.com/x86/sidt
[Core Instruction] SLDT — Store Local Descriptor Table Register	https://www.felixcloutier.com/x86/sldt
[Core Instruction] SMSW — Store Machine Status Word	https://www.felixcloutier.com/x86/smsw
[Core Instruction] SQRTPD — Square Root of Double Precision Floating-Point Values	https://www.felixcloutier.com/x86/sqrtpd
[Core Instruction] SQRTPS — Square Root of Single Precision Floating-Point Values	https://www.felixcloutier.com/x86/sqrtps
[Core Instruction] SQRTSD — Compute Square Root of Scalar Double Precision Floating-Point Value	https://www.felixcloutier.com/x86/sqrtsd
[Core Instruction] SQRTSS — Compute Square Root of Scalar Single Precision Value	https://www.felixcloutier.com/x86/sqrtss
[Core Instruction] STAC — Set AC Flag in EFLAGS Register	https://www.felixcloutier.com/x86/stac
[Core Instruction] STC — Set Carry Flag	https://www.felixcloutier.com/x86/stc
[Core Instruction] STD — Set Direction Flag	https://www.felixcloutier.com/x86/std
[Core Instruction] STI — Set Interrupt Flag	https://www.felixcloutier.com/x86/sti
[Core Instruction] STMXCSR — Store MXCSR Register State	https://www.felixcloutier.com/x86/stmxcsr
[Core Instruction] STOS — Store String	https://www.felixcloutier.com/x86/stos:stosb:stosw:stosd:stosq
[Core Instruction] STOSB — Store String	https://www.felixcloutier.com/x86/stos:stosb:stosw:stosd:stosq
[Core Instruction] STOSD — Store String	https://www.felixcloutier.com/x86/stos:stosb:stosw:stosd:stosq
[Core Instruction] STOSQ — Store String	https://www.felixcloutier.com/x86/stos:stosb:stosw:stosd:stosq
[Core Instruction] STOSW — Store String	https://www.felixcloutier.com/x86/stos:stosb:stosw:stosd:stosq
[Core Instruction] STR — Store Task Register	https://www.felixcloutier.com/x86/str
[Core Instruction] STTILECFG — Store Tile Configuration	https://www.felixcloutier.com/x86/sttilecfg
[Core Instruction] STUI — Set User Interrupt Flag	https://www.felixcloutier.com/x86/stui
[Core Instruction] SUB — Subtract	https://www.felixcloutier.com/x86/sub
[Core Instruction] SUBPD — Subtract Packed Double Precision Floating-Point Values	https://www.felixcloutier.com/x86/subpd
[Core Instruction] SUBPS — Subtract Packed Single Precision Floating-Point Values	https://www.felixcloutier.com/x86/subps
[Core Instruction] SUBSD — Subtract Scalar Double Precision Floating-Point Value	https://www.felixcloutier.com/x86/subsd
[Core Instruction] SUBSS — Subtract Scalar Single Precision Floating-Point Value	https://www.felixcloutier.com/x86/subss
[Core Instruction] SWAPGS — Swap GS Base Register	https://www.felixcloutier.com/x86/swapgs
[Core Instruction] SYSCALL — Fast System Call	https://www.felixcloutier.com/x86/syscall
[Core Instruction] SYSENTER — Fast System Call	https://www.felixcloutier.com/x86/sysenter
[Core Instruction] SYSEXIT — Fast Return from Fast System Call	https://www.felixcloutier.com/x86/sysexit
[Core Instruction] SYSRET — Return From Fast System Call	https://www.felixcloutier.com/x86/sysret
[Core Instruction] TDPBF16PS — Dot Product of BF16 Tiles Accumulated into Packed Single Precision Tile	https://www.felixcloutier.com/x86/tdpbf16ps
[Core Instruction] TDPBSSD — Dot Product of Signed/Unsigned Bytes with DwordAccumulation	https://www.felixcloutier.com/x86/tdpbssd:tdpbsud:tdpbusd:tdpbuud
[Core Instruction] TDPBSUD — Dot Product of Signed/Unsigned Bytes with DwordAccumulation	https://www.felixcloutier.com/x86/tdpbssd:tdpbsud:tdpbusd:tdpbuud
[Core Instruction] TDPBUSD — Dot Product of Signed/Unsigned Bytes with DwordAccumulation	https://www.felixcloutier.com/x86/tdpbssd:tdpbsud:tdpbusd:tdpbuud
[Core Instruction] TDPBUUD — Dot Product of Signed/Unsigned Bytes with DwordAccumulation	https://www.felixcloutier.com/x86/tdpbssd:tdpbsud:tdpbusd:tdpbuud
[Core Instruction] TEST — Logical Compare	https://www.felixcloutier.com/x86/test
[Core Instruction] TESTUI — Determine User Interrupt Flag	https://www.felixcloutier.com/x86/testui
[Core Instruction] TILELOADD — Load Tile	https://www.felixcloutier.com/x86/tileloadd:tileloaddt1
[Core Instruction] TILELOADDT1 — Load Tile	https://www.felixcloutier.com/x86/tileloadd:tileloaddt1
[Core Instruction] TILERELEASE — Release Tile	https://www.felixcloutier.com/x86/tilerelease
[Core Instruction] TILESTORED — Store Tile	https://www.felixcloutier.com/x86/tilestored
[Core Instruction] TILEZERO — Zero Tile	https://www.felixcloutier.com/x86/tilezero
[Core Instruction] TPAUSE — Timed PAUSE	https://www.felixcloutier.com/x86/tpause
[Core Instruction] TZCNT — Count the Number of Trailing Zero Bits	https://www.felixcloutier.com/x86/tzcnt
[Core Instruction] UCOMISD — Unordered Compare Scalar Double Precision Floating-Point Values and Set EFLAGS	https://www.felixcloutier.com/x86/ucomisd
[Core Instruction] UCOMISS — Unordered Compare Scalar Single Precision Floating-Point Values and Set EFLAGS	https://www.felixcloutier.com/x86/ucomiss
[Core Instruction] UD — Undefined Instruction	https://www.felixcloutier.com/x86/ud
[Core Instruction] UIRET — User-Interrupt Return	https://www.felixcloutier.com/x86/uiret
[Core Instruction] UMONITOR — User Level Set Up Monitor Address	https://www.felixcloutier.com/x86/umonitor
[Core Instruction] UMWAIT — User Level Monitor Wait	https://www.felixcloutier.com/x86/umwait
[Core Instruction] UNPCKHPD — Unpack and Interleave High Packed Double Precision Floating-Point Values	https://www.felixcloutier.com/x86/unpckhpd
[Core Instruction] UNPCKHPS — Unpack and Interleave High Packed Single Precision Floating-Point Values	https://www.felixcloutier.com/x86/unpckhps
[Core Instruction] UNPCKLPD — Unpack and Interleave Low Packed Double Precision Floating-Point Values	https://www.felixcloutier.com/x86/unpcklpd
[Core Instruction] UNPCKLPS — Unpack and Interleave Low Packed Single Precision Floating-Point Values	https://www.felixcloutier.com/x86/unpcklps
[Core Instruction] VADDPH — Add Packed FP16 Values	https://www.felixcloutier.com/x86/vaddph
[Core Instruction] VADDSH — Add Scalar FP16 Values	https://www.felixcloutier.com/x86/vaddsh
[Core Instruction] VALIGND — Align Doubleword/Quadword Vectors	https://www.felixcloutier.com/x86/valignd:valignq
[Core Instruction] VALIGNQ — Align Doubleword/Quadword Vectors	https://www.felixcloutier.com/x86/valignd:valignq
[Core Instruction] VBLENDMPD — Blend Float64/Float32 Vectors Using an OpMask Control	https://www.felixcloutier.com/x86/vblendmpd:vblendmps
[Core Instruction] VBLENDMPS — Blend Float64/Float32 Vectors Using an OpMask Control	https://www.felixcloutier.com/x86/vblendmpd:vblendmps
[Core Instruction] VBROADCAST — Load with Broadcast Floating-Point Data	https://www.felixcloutier.com/x86/vbroadcast
[Core Instruction] VCMPPH — Compare Packed FP16 Values	https://www.felixcloutier.com/x86/vcmpph
[Core Instruction] VCMPSH — Compare Scalar FP16 Values	https://www.felixcloutier.com/x86/vcmpsh
[Core Instruction] VCOMISH — Compare Scalar Ordered FP16 Values and Set EFLAGS	https://www.felixcloutier.com/x86/vcomish
[Core Instruction] VCOMPRESSPD — Store Sparse Packed Double Precision Floating-Point Values Into DenseMemory	https://www.felixcloutier.com/x86/vcompresspd
[Core Instruction] VCOMPRESSPS — Store Sparse Packed Single Precision Floating-Point Values Into Dense Memory	https://www.felixcloutier.com/x86/vcompressps
[Core Instruction] VCOMPRESSW — Store Sparse Packed Byte/Word Integer Values Into DenseMemory/Register	https://www.felixcloutier.com/x86/vpcompressb:vcompressw
[Core Instruction] VCVTDQ2PH — Convert Packed Signed Doubleword Integers to Packed FP16 Values	https://www.felixcloutier.com/x86/vcvtdq2ph
[Core Instruction] VCVTNE2PS2BF16 — Convert Two Packed Single Data to One Packed BF16 Data	https://www.felixcloutier.com/x86/vcvtne2ps2bf16
[Core Instruction] VCVTNEPS2BF16 — Convert Packed Single Data to Packed BF16 Data	https://www.felixcloutier.com/x86/vcvtneps2bf16
[Core Instruction] VCVTPD2PH — Convert Packed Double Precision FP Values to Packed FP16 Values	https://www.felixcloutier.com/x86/vcvtpd2ph
[Core Instruction] VCVTPD2QQ — Convert Packed Double Precision Floating-Point Values to Packed QuadwordIntegers	https://www.felixcloutier.com/x86/vcvtpd2qq
[Core Instruction] VCVTPD2UDQ — Convert Packed Double Precision Floating-Point Values to Packed UnsignedDoubleword Integers	https://www.felixcloutier.com/x86/vcvtpd2udq
[Core Instruction] VCVTPD2UQQ — Convert Packed Double Precision Floating-Point Values to Packed UnsignedQuadword Integers	https://www.felixcloutier.com/x86/vcvtpd2uqq
[Core Instruction] VCVTPH2DQ — Convert Packed FP16 Values to Signed Doubleword Integers	https://www.felixcloutier.com/x86/vcvtph2dq
[Core Instruction] VCVTPH2PD — Convert Packed FP16 Values to FP64 Values	https://www.felixcloutier.com/x86/vcvtph2pd
[Core Instruction] VCVTPH2PS — Convert Packed FP16 Values to Single Precision Floating-PointValues	https://www.felixcloutier.com/x86/vcvtph2ps:vcvtph2psx
[Core Instruction] VCVTPH2PSX — Convert Packed FP16 Values to Single Precision Floating-PointValues	https://www.felixcloutier.com/x86/vcvtph2ps:vcvtph2psx
[Core Instruction] VCVTPH2QQ — Convert Packed FP16 Values to Signed Quadword Integer Values	https://www.felixcloutier.com/x86/vcvtph2qq
[Core Instruction] VCVTPH2UDQ — Convert Packed FP16 Values to Unsigned Doubleword Integers	https://www.felixcloutier.com/x86/vcvtph2udq
[Core Instruction] VCVTPH2UQQ — Convert Packed FP16 Values to Unsigned Quadword Integers	https://www.felixcloutier.com/x86/vcvtph2uqq
[Core Instruction] VCVTPH2UW — Convert Packed FP16 Values to Unsigned Word Integers	https://www.felixcloutier.com/x86/vcvtph2uw
[Core Instruction] VCVTPH2W — Convert Packed FP16 Values to Signed Word Integers	https://www.felixcloutier.com/x86/vcvtph2w
[Core Instruction] VCVTPS2PH — Convert Single-Precision FP Value to 16-bit FP Value	https://www.felixcloutier.com/x86/vcvtps2ph
[Core Instruction] VCVTPS2PHX — Convert Packed Single Precision Floating-Point Values to Packed FP16 Values	https://www.felixcloutier.com/x86/vcvtps2phx
[Core Instruction] VCVTPS2QQ — Convert Packed Single Precision Floating-Point Values to Packed SignedQuadword Integer Values	https://www.felixcloutier.com/x86/vcvtps2qq
[Core Instruction] VCVTPS2UDQ — Convert Packed Single Precision Floating-Point Values to Packed UnsignedDoubleword Integer Values	https://www.felixcloutier.com/x86/vcvtps2udq
[Core Instruction] VCVTPS2UQQ — Convert Packed Single Precision Floating-Point Values to Packed UnsignedQuadword Integer Values	https://www.felixcloutier.com/x86/vcvtps2uqq
[Core Instruction] VCVTQQ2PD — Convert Packed Quadword Integers to Packed Double Precision Floating-PointValues	https://www.felixcloutier.com/x86/vcvtqq2pd
[Core Instruction] VCVTQQ2PH — Convert Packed Signed Quadword Integers to Packed FP16 Values	https://www.felixcloutier.com/x86/vcvtqq2ph
[Core Instruction] VCVTQQ2PS — Convert Packed Quadword Integers to Packed Single Precision Floating-PointValues	https://www.felixcloutier.com/x86/vcvtqq2ps
[Core Instruction] VCVTSD2SH — Convert Low FP64 Value to an FP16 Value	https://www.felixcloutier.com/x86/vcvtsd2sh
[Core Instruction] VCVTSD2USI — Convert Scalar Double Precision Floating-Point Value to Unsigned DoublewordInteger	https://www.felixcloutier.com/x86/vcvtsd2usi
[Core Instruction] VCVTSH2SD — Convert Low FP16 Value to an FP64 Value	https://www.felixcloutier.com/x86/vcvtsh2sd
[Core Instruction] VCVTSH2SI — Convert Low FP16 Value to Signed Integer	https://www.felixcloutier.com/x86/vcvtsh2si
[Core Instruction] VCVTSH2SS — Convert Low FP16 Value to FP32 Value	https://www.felixcloutier.com/x86/vcvtsh2ss
[Core Instruction] VCVTSH2USI — Convert Low FP16 Value to Unsigned Integer	https://www.felixcloutier.com/x86/vcvtsh2usi
[Core Instruction] VCVTSI2SH — Convert a Signed Doubleword/Quadword Integer to an FP16 Value	https://www.felixcloutier.com/x86/vcvtsi2sh
[Core Instruction] VCVTSS2SH — Convert Low FP32 Value to an FP16 Value	https://www.felixcloutier.com/x86/vcvtss2sh
[Core Instruction] VCVTSS2USI — Convert Scalar Single Precision Floating-Point Value to Unsigned DoublewordInteger	https://www.felixcloutier.com/x86/vcvtss2usi
[Core Instruction] VCVTTPD2QQ — Convert With Truncation Packed Double Precision Floating-Point Values toPacked Quadword Integers	https://www.felixcloutier.com/x86/vcvttpd2qq
[Core Instruction] VCVTTPD2UDQ — Convert With Truncation Packed Double Precision Floating-Point Values toPacked Unsigned Doubleword Integers	https://www.felixcloutier.com/x86/vcvttpd2udq
[Core Instruction] VCVTTPD2UQQ — Convert With Truncation Packed Double Precision Floating-Point Values toPacked Unsigned Quadword Integers	https://www.felixcloutier.com/x86/vcvttpd2uqq
[Core Instruction] VCVTTPH2DQ — Convert with Truncation Packed FP16 Values to Signed Doubleword Integers	https://www.felixcloutier.com/x86/vcvttph2dq
[Core Instruction] VCVTTPH2QQ — Convert with Truncation Packed FP16 Values to Signed Quadword Integers	https://www.felixcloutier.com/x86/vcvttph2qq
[Core Instruction] VCVTTPH2UDQ — Convert with Truncation Packed FP16 Values to Unsigned DoublewordIntegers	https://www.felixcloutier.com/x86/vcvttph2udq
[Core Instruction] VCVTTPH2UQQ — Convert with Truncation Packed FP16 Values to Unsigned Quadword Integers	https://www.felixcloutier.com/x86/vcvttph2uqq
[Core Instruction] VCVTTPH2UW — Convert Packed FP16 Values to Unsigned Word Integers	https://www.felixcloutier.com/x86/vcvttph2uw
[Core Instruction] VCVTTPH2W — Convert Packed FP16 Values to Signed Word Integers	https://www.felixcloutier.com/x86/vcvttph2w
[Core Instruction] VCVTTPS2QQ — Convert With Truncation Packed Single Precision Floating-Point Values toPacked Signed Quadword Integer Values	https://www.felixcloutier.com/x86/vcvttps2qq
[Core Instruction] VCVTTPS2UDQ — Convert With Truncation Packed Single Precision Floating-Point Values toPacked Unsigned Doubleword Integer Values	https://www.felixcloutier.com/x86/vcvttps2udq
[Core Instruction] VCVTTPS2UQQ — Convert With Truncation Packed Single Precision Floating-Point Values toPacked Unsigned Quadword Integer Values	https://www.felixcloutier.com/x86/vcvttps2uqq
[Core Instruction] VCVTTSD2USI — Convert With Truncation Scalar Double Precision Floating-Point Value toUnsigned Integer	https://www.felixcloutier.com/x86/vcvttsd2usi
[Core Instruction] VCVTTSH2SI — Convert with Truncation Low FP16 Value to a Signed Integer	https://www.felixcloutier.com/x86/vcvttsh2si
[Core Instruction] VCVTTSH2USI — Convert with Truncation Low FP16 Value to an Unsigned Integer	https://www.felixcloutier.com/x86/vcvttsh2usi
[Core Instruction] VCVTTSS2USI — Convert With Truncation Scalar Single Precision Floating-Point Value toUnsigned Integer	https://www.felixcloutier.com/x86/vcvttss2usi
[Core Instruction] VCVTUDQ2PD — Convert Packed Unsigned Doubleword Integers to Packed Double PrecisionFloating-Point Values	https://www.felixcloutier.com/x86/vcvtudq2pd
[Core Instruction] VCVTUDQ2PH — Convert Packed Unsigned Doubleword Integers to Packed FP16 Values	https://www.felixcloutier.com/x86/vcvtudq2ph
[Core Instruction] VCVTUDQ2PS — Convert Packed Unsigned Doubleword Integers to Packed Single PrecisionFloating-Point Values	https://www.felixcloutier.com/x86/vcvtudq2ps
[Core Instruction] VCVTUQQ2PD — Convert Packed Unsigned Quadword Integers to Packed Double PrecisionFloating-Point Values	https://www.felixcloutier.com/x86/vcvtuqq2pd
[Core Instruction] VCVTUQQ2PH — Convert Packed Unsigned Quadword Integers to Packed FP16 Values	https://www.felixcloutier.com/x86/vcvtuqq2ph
[Core Instruction] VCVTUQQ2PS — Convert Packed Unsigned Quadword Integers to Packed Single PrecisionFloating-Point Values	https://www.felixcloutier.com/x86/vcvtuqq2ps
[Core Instruction] VCVTUSI2SD — Convert Unsigned Integer to Scalar Double Precision Floating-Point Value	https://www.felixcloutier.com/x86/vcvtusi2sd
[Core Instruction] VCVTUSI2SH — Convert Unsigned Doubleword Integer to an FP16 Value	https://www.felixcloutier.com/x86/vcvtusi2sh
[Core Instruction] VCVTUSI2SS — Convert Unsigned Integer to Scalar Single Precision Floating-Point Value	https://www.felixcloutier.com/x86/vcvtusi2ss
[Core Instruction] VCVTUW2PH — Convert Packed Unsigned Word Integers to FP16 Values	https://www.felixcloutier.com/x86/vcvtuw2ph
[Core Instruction] VCVTW2PH — Convert Packed Signed Word Integers to FP16 Values	https://www.felixcloutier.com/x86/vcvtw2ph
[Core Instruction] VDBPSADBW — Double Block Packed Sum-Absolute-Differences (SAD) on Unsigned Bytes	https://www.felixcloutier.com/x86/vdbpsadbw
[Core Instruction] VDIVPH — Divide Packed FP16 Values	https://www.felixcloutier.com/x86/vdivph
[Core Instruction] VDIVSH — Divide Scalar FP16 Values	https://www.felixcloutier.com/x86/vdivsh
[Core Instruction] VDPBF16PS — Dot Product of BF16 Pairs Accumulated Into Packed Single Precision	https://www.felixcloutier.com/x86/vdpbf16ps
[Core Instruction] VERR — Verify a Segment for Reading or Writing	https://www.felixcloutier.com/x86/verr:verw
[Core Instruction] VERW — Verify a Segment for Reading or Writing	https://www.felixcloutier.com/x86/verr:verw
[Core Instruction] VEXPANDPD — Load Sparse Packed Double Precision Floating-Point Values From Dense Memory	https://www.felixcloutier.com/x86/vexpandpd
[Core Instruction] VEXPANDPS — Load Sparse Packed Single Precision Floating-Point Values From Dense Memory	https://www.felixcloutier.com/x86/vexpandps
[Core Instruction] VEXTRACTF128 — Extract Packed Floating-Point Values	https://www.felixcloutier.com/x86/vextractf128:vextractf32x4:vextractf64x2:vextractf32x8:vextractf64x4
[Core Instruction] VEXTRACTF32x4 — Extract Packed Floating-Point Values	https://www.felixcloutier.com/x86/vextractf128:vextractf32x4:vextractf64x2:vextractf32x8:vextractf64x4
[Core Instruction] VEXTRACTF32x8 — Extract Packed Floating-Point Values	https://www.felixcloutier.com/x86/vextractf128:vextractf32x4:vextractf64x2:vextractf32x8:vextractf64x4
[Core Instruction] VEXTRACTF64x2 — Extract Packed Floating-Point Values	https://www.felixcloutier.com/x86/vextractf128:vextractf32x4:vextractf64x2:vextractf32x8:vextractf64x4
[Core Instruction] VEXTRACTF64x4 — Extract Packed Floating-Point Values	https://www.felixcloutier.com/x86/vextractf128:vextractf32x4:vextractf64x2:vextractf32x8:vextractf64x4
[Core Instruction] VEXTRACTI128 — ExtractPacked Integer Values	https://www.felixcloutier.com/x86/vextracti128:vextracti32x4:vextracti64x2:vextracti32x8:vextracti64x4
[Core Instruction] VEXTRACTI32x4 — ExtractPacked Integer Values	https://www.felixcloutier.com/x86/vextracti128:vextracti32x4:vextracti64x2:vextracti32x8:vextracti64x4
[Core Instruction] VEXTRACTI32x8 — ExtractPacked Integer Values	https://www.felixcloutier.com/x86/vextracti128:vextracti32x4:vextracti64x2:vextracti32x8:vextracti64x4
[Core Instruction] VEXTRACTI64x2 — ExtractPacked Integer Values	https://www.felixcloutier.com/x86/vextracti128:vextracti32x4:vextracti64x2:vextracti32x8:vextracti64x4
[Core Instruction] VEXTRACTI64x4 — ExtractPacked Integer Values	https://www.felixcloutier.com/x86/vextracti128:vextracti32x4:vextracti64x2:vextracti32x8:vextracti64x4
[Core Instruction] VFCMADDCPH — Complex Multiply and Accumulate FP16 Values	https://www.felixcloutier.com/x86/vfcmaddcph:vfmaddcph
[Core Instruction] VFCMADDCSH — Complex Multiply and Accumulate Scalar FP16 Values	https://www.felixcloutier.com/x86/vfcmaddcsh:vfmaddcsh
[Core Instruction] VFCMULCPH — Complex Multiply FP16 Values	https://www.felixcloutier.com/x86/vfcmulcph:vfmulcph
[Core Instruction] VFCMULCSH — Complex Multiply Scalar FP16 Values	https://www.felixcloutier.com/x86/vfcmulcsh:vfmulcsh
[Core Instruction] VFIXUPIMMPD — Fix Up Special Packed Float64 Values	https://www.felixcloutier.com/x86/vfixupimmpd
[Core Instruction] VFIXUPIMMPS — Fix Up Special Packed Float32 Values	https://www.felixcloutier.com/x86/vfixupimmps
[Core Instruction] VFIXUPIMMSD — Fix Up Special Scalar Float64 Value	https://www.felixcloutier.com/x86/vfixupimmsd
[Core Instruction] VFIXUPIMMSS — Fix Up Special Scalar Float32 Value	https://www.felixcloutier.com/x86/vfixupimmss
[Core Instruction] VFMADD132PD — Fused Multiply-Add of Packed DoublePrecision Floating-Point Values	https://www.felixcloutier.com/x86/vfmadd132pd:vfmadd213pd:vfmadd231pd
[Core Instruction] VFMADD132PH — Fused Multiply-Add of Packed FP16 Values	https://www.felixcloutier.com/x86/vfmadd132ph:vfnmadd132ph:vfmadd213ph:vfnmadd213ph:vfmadd231ph:vfnmadd231ph
[Core Instruction] VFMADD132PS — Fused Multiply-Add of Packed SinglePrecision Floating-Point Values	https://www.felixcloutier.com/x86/vfmadd132ps:vfmadd213ps:vfmadd231ps
[Core Instruction] VFMADD132SD — Fused Multiply-Add of Scalar DoublePrecision Floating-Point Values	https://www.felixcloutier.com/x86/vfmadd132sd:vfmadd213sd:vfmadd231sd
[Core Instruction] VFMADD132SH — Fused Multiply-Add of Scalar FP16 Values	https://www.felixcloutier.com/x86/vfmadd132sh:vfnmadd132sh:vfmadd213sh:vfnmadd213sh:vfmadd231sh:vfnmadd231sh
[Core Instruction] VFMADD132SS — Fused Multiply-Add of Scalar Single PrecisionFloating-Point Values	https://www.felixcloutier.com/x86/vfmadd132ss:vfmadd213ss:vfmadd231ss
[Core Instruction] VFMADD213PD — Fused Multiply-Add of Packed DoublePrecision Floating-Point Values	https://www.felixcloutier.com/x86/vfmadd132pd:vfmadd213pd:vfmadd231pd
[Core Instruction] VFMADD213PH — Fused Multiply-Add of Packed FP16 Values	https://www.felixcloutier.com/x86/vfmadd132ph:vfnmadd132ph:vfmadd213ph:vfnmadd213ph:vfmadd231ph:vfnmadd231ph
[Core Instruction] VFMADD213PS — Fused Multiply-Add of Packed SinglePrecision Floating-Point Values	https://www.felixcloutier.com/x86/vfmadd132ps:vfmadd213ps:vfmadd231ps
[Core Instruction] VFMADD213SD — Fused Multiply-Add of Scalar DoublePrecision Floating-Point Values	https://www.felixcloutier.com/x86/vfmadd132sd:vfmadd213sd:vfmadd231sd
[Core Instruction] VFMADD213SH — Fused Multiply-Add of Scalar FP16 Values	https://www.felixcloutier.com/x86/vfmadd132sh:vfnmadd132sh:vfmadd213sh:vfnmadd213sh:vfmadd231sh:vfnmadd231sh
[Core Instruction] VFMADD213SS — Fused Multiply-Add of Scalar Single PrecisionFloating-Point Values	https://www.felixcloutier.com/x86/vfmadd132ss:vfmadd213ss:vfmadd231ss
[Core Instruction] VFMADD231PD — Fused Multiply-Add of Packed DoublePrecision Floating-Point Values	https://www.felixcloutier.com/x86/vfmadd132pd:vfmadd213pd:vfmadd231pd
[Core Instruction] VFMADD231PH — Fused Multiply-Add of Packed FP16 Values	https://www.felixcloutier.com/x86/vfmadd132ph:vfnmadd132ph:vfmadd213ph:vfnmadd213ph:vfmadd231ph:vfnmadd231ph
[Core Instruction] VFMADD231PS — Fused Multiply-Add of Packed SinglePrecision Floating-Point Values	https://www.felixcloutier.com/x86/vfmadd132ps:vfmadd213ps:vfmadd231ps
[Core Instruction] VFMADD231SD — Fused Multiply-Add of Scalar DoublePrecision Floating-Point Values	https://www.felixcloutier.com/x86/vfmadd132sd:vfmadd213sd:vfmadd231sd
[Core Instruction] VFMADD231SH — Fused Multiply-Add of Scalar FP16 Values	https://www.felixcloutier.com/x86/vfmadd132sh:vfnmadd132sh:vfmadd213sh:vfnmadd213sh:vfmadd231sh:vfnmadd231sh
[Core Instruction] VFMADD231SS — Fused Multiply-Add of Scalar Single PrecisionFloating-Point Values	https://www.felixcloutier.com/x86/vfmadd132ss:vfmadd213ss:vfmadd231ss
[Core Instruction] VFMADDCPH — Complex Multiply and Accumulate FP16 Values	https://www.felixcloutier.com/x86/vfcmaddcph:vfmaddcph
[Core Instruction] VFMADDCSH — Complex Multiply and Accumulate Scalar FP16 Values	https://www.felixcloutier.com/x86/vfcmaddcsh:vfmaddcsh
[Core Instruction] VFMADDRND231PD — Fused Multiply-Add of Packed Double-Precision Floating-Point Valueswith rounding control	https://www.felixcloutier.com/x86/vfmaddrnd231pd
[Core Instruction] VFMADDSUB132PD — Fused Multiply-AlternatingAdd/Subtract of Packed Double Precision Floating-Point Values	https://www.felixcloutier.com/x86/vfmaddsub132pd:vfmaddsub213pd:vfmaddsub231pd
[Core Instruction] VFMADDSUB132PH — Fused Multiply-AlternatingAdd/Subtract of Packed FP16 Values	https://www.felixcloutier.com/x86/vfmaddsub132ph:vfmaddsub213ph:vfmaddsub231ph
[Core Instruction] VFMADDSUB132PS — Fused Multiply-AlternatingAdd/Subtract of Packed Single Precision Floating-Point Values	https://www.felixcloutier.com/x86/vfmaddsub132ps:vfmaddsub213ps:vfmaddsub231ps
[Core Instruction] VFMADDSUB213PD — Fused Multiply-AlternatingAdd/Subtract of Packed Double Precision Floating-Point Values	https://www.felixcloutier.com/x86/vfmaddsub132pd:vfmaddsub213pd:vfmaddsub231pd
[Core Instruction] VFMADDSUB213PH — Fused Multiply-AlternatingAdd/Subtract of Packed FP16 Values	https://www.felixcloutier.com/x86/vfmaddsub132ph:vfmaddsub213ph:vfmaddsub231ph
[Core Instruction] VFMADDSUB213PS — Fused Multiply-AlternatingAdd/Subtract of Packed Single Precision Floating-Point Values	https://www.felixcloutier.com/x86/vfmaddsub132ps:vfmaddsub213ps:vfmaddsub231ps
[Core Instruction] VFMADDSUB231PD — Fused Multiply-AlternatingAdd/Subtract of Packed Double Precision Floating-Point Values	https://www.felixcloutier.com/x86/vfmaddsub132pd:vfmaddsub213pd:vfmaddsub231pd
[Core Instruction] VFMADDSUB231PH — Fused Multiply-AlternatingAdd/Subtract of Packed FP16 Values	https://www.felixcloutier.com/x86/vfmaddsub132ph:vfmaddsub213ph:vfmaddsub231ph
[Core Instruction] VFMADDSUB231PS — Fused Multiply-AlternatingAdd/Subtract of Packed Single Precision Floating-Point Values	https://www.felixcloutier.com/x86/vfmaddsub132ps:vfmaddsub213ps:vfmaddsub231ps
[Core Instruction] VFMSUB132PD — Fused Multiply-Subtract of Packed DoublePrecision Floating-Point Values	https://www.felixcloutier.com/x86/vfmsub132pd:vfmsub213pd:vfmsub231pd
[Core Instruction] VFMSUB132PH — Fused Multiply-Subtract of Packed FP16 Values	https://www.felixcloutier.com/x86/vfmsub132ph:vfnmsub132ph:vfmsub213ph:vfnmsub213ph:vfmsub231ph:vfnmsub231ph
[Core Instruction] VFMSUB132PS — Fused Multiply-Subtract of Packed SinglePrecision Floating-Point Values	https://www.felixcloutier.com/x86/vfmsub132ps:vfmsub213ps:vfmsub231ps
[Core Instruction] VFMSUB132SD — Fused Multiply-Subtract of Scalar DoublePrecision Floating-Point Values	https://www.felixcloutier.com/x86/vfmsub132sd:vfmsub213sd:vfmsub231sd
[Core Instruction] VFMSUB132SH — Fused Multiply-Subtract of Scalar FP16 Values	https://www.felixcloutier.com/x86/vfmsub132sh:vfnmsub132sh:vfmsub213sh:vfnmsub213sh:vfmsub231sh:vfnmsub231sh
[Core Instruction] VFMSUB132SS — Fused Multiply-Subtract of Scalar SinglePrecision Floating-Point Values	https://www.felixcloutier.com/x86/vfmsub132ss:vfmsub213ss:vfmsub231ss
[Core Instruction] VFMSUB213PD — Fused Multiply-Subtract of Packed DoublePrecision Floating-Point Values	https://www.felixcloutier.com/x86/vfmsub132pd:vfmsub213pd:vfmsub231pd
[Core Instruction] VFMSUB213PH — Fused Multiply-Subtract of Packed FP16 Values	https://www.felixcloutier.com/x86/vfmsub132ph:vfnmsub132ph:vfmsub213ph:vfnmsub213ph:vfmsub231ph:vfnmsub231ph
[Core Instruction] VFMSUB213PS — Fused Multiply-Subtract of Packed SinglePrecision Floating-Point Values	https://www.felixcloutier.com/x86/vfmsub132ps:vfmsub213ps:vfmsub231ps
[Core Instruction] VFMSUB213SD — Fused Multiply-Subtract of Scalar DoublePrecision Floating-Point Values	https://www.felixcloutier.com/x86/vfmsub132sd:vfmsub213sd:vfmsub231sd
[Core Instruction] VFMSUB213SH — Fused Multiply-Subtract of Scalar FP16 Values	https://www.felixcloutier.com/x86/vfmsub132sh:vfnmsub132sh:vfmsub213sh:vfnmsub213sh:vfmsub231sh:vfnmsub231sh
[Core Instruction] VFMSUB213SS — Fused Multiply-Subtract of Scalar SinglePrecision Floating-Point Values	https://www.felixcloutier.com/x86/vfmsub132ss:vfmsub213ss:vfmsub231ss
[Core Instruction] VFMSUB231PD — Fused Multiply-Subtract of Packed DoublePrecision Floating-Point Values	https://www.felixcloutier.com/x86/vfmsub132pd:vfmsub213pd:vfmsub231pd
[Core Instruction] VFMSUB231PH — Fused Multiply-Subtract of Packed FP16 Values	https://www.felixcloutier.com/x86/vfmsub132ph:vfnmsub132ph:vfmsub213ph:vfnmsub213ph:vfmsub231ph:vfnmsub231ph
[Core Instruction] VFMSUB231PS — Fused Multiply-Subtract of Packed SinglePrecision Floating-Point Values	https://www.felixcloutier.com/x86/vfmsub132ps:vfmsub213ps:vfmsub231ps
[Core Instruction] VFMSUB231SD — Fused Multiply-Subtract of Scalar DoublePrecision Floating-Point Values	https://www.felixcloutier.com/x86/vfmsub132sd:vfmsub213sd:vfmsub231sd
[Core Instruction] VFMSUB231SH — Fused Multiply-Subtract of Scalar FP16 Values	https://www.felixcloutier.com/x86/vfmsub132sh:vfnmsub132sh:vfmsub213sh:vfnmsub213sh:vfmsub231sh:vfnmsub231sh
[Core Instruction] VFMSUB231SS — Fused Multiply-Subtract of Scalar SinglePrecision Floating-Point Values	https://www.felixcloutier.com/x86/vfmsub132ss:vfmsub213ss:vfmsub231ss
[Core Instruction] VFMSUBADD132PD — Fused Multiply-AlternatingSubtract/Add of Packed Double Precision Floating-Point Values	https://www.felixcloutier.com/x86/vfmsubadd132pd:vfmsubadd213pd:vfmsubadd231pd
[Core Instruction] VFMSUBADD132PH — Fused Multiply-AlternatingSubtract/Add of Packed FP16 Values	https://www.felixcloutier.com/x86/vfmsubadd132ph:vfmsubadd213ph:vfmsubadd231ph
[Core Instruction] VFMSUBADD132PS — Fused Multiply-AlternatingSubtract/Add of Packed Single Precision Floating-Point Values	https://www.felixcloutier.com/x86/vfmsubadd132ps:vfmsubadd213ps:vfmsubadd231ps
[Core Instruction] VFMSUBADD213PD — Fused Multiply-AlternatingSubtract/Add of Packed Double Precision Floating-Point Values	https://www.felixcloutier.com/x86/vfmsubadd132pd:vfmsubadd213pd:vfmsubadd231pd
[Core Instruction] VFMSUBADD213PH — Fused Multiply-AlternatingSubtract/Add of Packed FP16 Values	https://www.felixcloutier.com/x86/vfmsubadd132ph:vfmsubadd213ph:vfmsubadd231ph
[Core Instruction] VFMSUBADD213PS — Fused Multiply-AlternatingSubtract/Add of Packed Single Precision Floating-Point Values	https://www.felixcloutier.com/x86/vfmsubadd132ps:vfmsubadd213ps:vfmsubadd231ps
[Core Instruction] VFMSUBADD231PD — Fused Multiply-AlternatingSubtract/Add of Packed Double Precision Floating-Point Values	https://www.felixcloutier.com/x86/vfmsubadd132pd:vfmsubadd213pd:vfmsubadd231pd
[Core Instruction] VFMSUBADD231PH — Fused Multiply-AlternatingSubtract/Add of Packed FP16 Values	https://www.felixcloutier.com/x86/vfmsubadd132ph:vfmsubadd213ph:vfmsubadd231ph
[Core Instruction] VFMSUBADD231PS — Fused Multiply-AlternatingSubtract/Add of Packed Single Precision Floating-Point Values	https://www.felixcloutier.com/x86/vfmsubadd132ps:vfmsubadd213ps:vfmsubadd231ps
[Core Instruction] VFMULCPH — Complex Multiply FP16 Values	https://www.felixcloutier.com/x86/vfcmulcph:vfmulcph
[Core Instruction] VFMULCSH — Complex Multiply Scalar FP16 Values	https://www.felixcloutier.com/x86/vfcmulcsh:vfmulcsh
[Core Instruction] VFNMADD132PD — Fused Negative Multiply-Add of PackedDouble Precision Floating-Point Values	https://www.felixcloutier.com/x86/vfnmadd132pd:vfnmadd213pd:vfnmadd231pd
[Core Instruction] VFNMADD132PH — Fused Multiply-Add of Packed FP16 Values	https://www.felixcloutier.com/x86/vfmadd132ph:vfnmadd132ph:vfmadd213ph:vfnmadd213ph:vfmadd231ph:vfnmadd231ph
[Core Instruction] VFNMADD132PS — Fused Negative Multiply-Add of PackedSingle Precision Floating-Point Values	https://www.felixcloutier.com/x86/vfnmadd132ps:vfnmadd213ps:vfnmadd231ps
[Core Instruction] VFNMADD132SD — Fused Negative Multiply-Add of ScalarDouble Precision Floating-Point Values	https://www.felixcloutier.com/x86/vfnmadd132sd:vfnmadd213sd:vfnmadd231sd
[Core Instruction] VFNMADD132SH — Fused Multiply-Add of Scalar FP16 Values	https://www.felixcloutier.com/x86/vfmadd132sh:vfnmadd132sh:vfmadd213sh:vfnmadd213sh:vfmadd231sh:vfnmadd231sh
[Core Instruction] VFNMADD132SS — Fused Negative Multiply-Add of ScalarSingle Precision Floating-Point Values	https://www.felixcloutier.com/x86/vfnmadd132ss:vfnmadd213ss:vfnmadd231ss
[Core Instruction] VFNMADD213PD — Fused Negative Multiply-Add of PackedDouble Precision Floating-Point Values	https://www.felixcloutier.com/x86/vfnmadd132pd:vfnmadd213pd:vfnmadd231pd
[Core Instruction] VFNMADD213PH — Fused Multiply-Add of Packed FP16 Values	https://www.felixcloutier.com/x86/vfmadd132ph:vfnmadd132ph:vfmadd213ph:vfnmadd213ph:vfmadd231ph:vfnmadd231ph
[Core Instruction] VFNMADD213PS — Fused Negative Multiply-Add of PackedSingle Precision Floating-Point Values	https://www.felixcloutier.com/x86/vfnmadd132ps:vfnmadd213ps:vfnmadd231ps
[Core Instruction] VFNMADD213SD — Fused Negative Multiply-Add of ScalarDouble Precision Floating-Point Values	https://www.felixcloutier.com/x86/vfnmadd132sd:vfnmadd213sd:vfnmadd231sd
[Core Instruction] VFNMADD213SH — Fused Multiply-Add of Scalar FP16 Values	https://www.felixcloutier.com/x86/vfmadd132sh:vfnmadd132sh:vfmadd213sh:vfnmadd213sh:vfmadd231sh:vfnmadd231sh
[Core Instruction] VFNMADD213SS — Fused Negative Multiply-Add of ScalarSingle Precision Floating-Point Values	https://www.felixcloutier.com/x86/vfnmadd132ss:vfnmadd213ss:vfnmadd231ss
[Core Instruction] VFNMADD231PD — Fused Negative Multiply-Add of PackedDouble Precision Floating-Point Values	https://www.felixcloutier.com/x86/vfnmadd132pd:vfnmadd213pd:vfnmadd231pd
[Core Instruction] VFNMADD231PH — Fused Multiply-Add of Packed FP16 Values	https://www.felixcloutier.com/x86/vfmadd132ph:vfnmadd132ph:vfmadd213ph:vfnmadd213ph:vfmadd231ph:vfnmadd231ph
[Core Instruction] VFNMADD231PS — Fused Negative Multiply-Add of PackedSingle Precision Floating-Point Values	https://www.felixcloutier.com/x86/vfnmadd132ps:vfnmadd213ps:vfnmadd231ps
[Core Instruction] VFNMADD231SD — Fused Negative Multiply-Add of ScalarDouble Precision Floating-Point Values	https://www.felixcloutier.com/x86/vfnmadd132sd:vfnmadd213sd:vfnmadd231sd
[Core Instruction] VFNMADD231SH — Fused Multiply-Add of Scalar FP16 Values	https://www.felixcloutier.com/x86/vfmadd132sh:vfnmadd132sh:vfmadd213sh:vfnmadd213sh:vfmadd231sh:vfnmadd231sh
[Core Instruction] VFNMADD231SS — Fused Negative Multiply-Add of ScalarSingle Precision Floating-Point Values	https://www.felixcloutier.com/x86/vfnmadd132ss:vfnmadd213ss:vfnmadd231ss
[Core Instruction] VFNMSUB132PD — Fused Negative Multiply-Subtract ofPacked Double Precision Floating-Point Values	https://www.felixcloutier.com/x86/vfnmsub132pd:vfnmsub213pd:vfnmsub231pd
[Core Instruction] VFNMSUB132PH — Fused Multiply-Subtract of Packed FP16 Values	https://www.felixcloutier.com/x86/vfmsub132ph:vfnmsub132ph:vfmsub213ph:vfnmsub213ph:vfmsub231ph:vfnmsub231ph
[Core Instruction] VFNMSUB132PS — Fused Negative Multiply-Subtract ofPacked Single Precision Floating-Point Values	https://www.felixcloutier.com/x86/vfnmsub132ps:vfnmsub213ps:vfnmsub231ps
[Core Instruction] VFNMSUB132SD — Fused Negative Multiply-Subtract ofScalar Double Precision Floating-Point Values	https://www.felixcloutier.com/x86/vfnmsub132sd:vfnmsub213sd:vfnmsub231sd
[Core Instruction] VFNMSUB132SH — Fused Multiply-Subtract of Scalar FP16 Values	https://www.felixcloutier.com/x86/vfmsub132sh:vfnmsub132sh:vfmsub213sh:vfnmsub213sh:vfmsub231sh:vfnmsub231sh
[Core Instruction] VFNMSUB132SS — Fused Negative Multiply-Subtract ofScalar Single Precision Floating-Point Values	https://www.felixcloutier.com/x86/vfnmsub132ss:vfnmsub213ss:vfnmsub231ss
[Core Instruction] VFNMSUB213PD — Fused Negative Multiply-Subtract ofPacked Double Precision Floating-Point Values	https://www.felixcloutier.com/x86/vfnmsub132pd:vfnmsub213pd:vfnmsub231pd
[Core Instruction] VFNMSUB213PH — Fused Multiply-Subtract of Packed FP16 Values	https://www.felixcloutier.com/x86/vfmsub132ph:vfnmsub132ph:vfmsub213ph:vfnmsub213ph:vfmsub231ph:vfnmsub231ph
[Core Instruction] VFNMSUB213PS — Fused Negative Multiply-Subtract ofPacked Single Precision Floating-Point Values	https://www.felixcloutier.com/x86/vfnmsub132ps:vfnmsub213ps:vfnmsub231ps
[Core Instruction] VFNMSUB213SD — Fused Negative Multiply-Subtract ofScalar Double Precision Floating-Point Values	https://www.felixcloutier.com/x86/vfnmsub132sd:vfnmsub213sd:vfnmsub231sd
[Core Instruction] VFNMSUB213SH — Fused Multiply-Subtract of Scalar FP16 Values	https://www.felixcloutier.com/x86/vfmsub132sh:vfnmsub132sh:vfmsub213sh:vfnmsub213sh:vfmsub231sh:vfnmsub231sh
[Core Instruction] VFNMSUB213SS — Fused Negative Multiply-Subtract ofScalar Single Precision Floating-Point Values	https://www.felixcloutier.com/x86/vfnmsub132ss:vfnmsub213ss:vfnmsub231ss
[Core Instruction] VFNMSUB231PD — Fused Negative Multiply-Subtract ofPacked Double Precision Floating-Point Values	https://www.felixcloutier.com/x86/vfnmsub132pd:vfnmsub213pd:vfnmsub231pd
[Core Instruction] VFNMSUB231PH — Fused Multiply-Subtract of Packed FP16 Values	https://www.felixcloutier.com/x86/vfmsub132ph:vfnmsub132ph:vfmsub213ph:vfnmsub213ph:vfmsub231ph:vfnmsub231ph
[Core Instruction] VFNMSUB231PS — Fused Negative Multiply-Subtract ofPacked Single Precision Floating-Point Values	https://www.felixcloutier.com/x86/vfnmsub132ps:vfnmsub213ps:vfnmsub231ps
[Core Instruction] VFNMSUB231SD — Fused Negative Multiply-Subtract ofScalar Double Precision Floating-Point Values	https://www.felixcloutier.com/x86/vfnmsub132sd:vfnmsub213sd:vfnmsub231sd
[Core Instruction] VFNMSUB231SH — Fused Multiply-Subtract of Scalar FP16 Values	https://www.felixcloutier.com/x86/vfmsub132sh:vfnmsub132sh:vfmsub213sh:vfnmsub213sh:vfmsub231sh:vfnmsub231sh
[Core Instruction] VFNMSUB231SS — Fused Negative Multiply-Subtract ofScalar Single Precision Floating-Point Values	https://www.felixcloutier.com/x86/vfnmsub132ss:vfnmsub213ss:vfnmsub231ss
[Core Instruction] VFPCLASSPD — Tests Types of Packed Float64 Values	https://www.felixcloutier.com/x86/vfpclasspd
[Core Instruction] VFPCLASSPH — Test Types of Packed FP16 Values	https://www.felixcloutier.com/x86/vfpclassph
[Core Instruction] VFPCLASSPS — Tests Types of Packed Float32 Values	https://www.felixcloutier.com/x86/vfpclassps
[Core Instruction] VFPCLASSSD — Tests Type of a Scalar Float64 Value	https://www.felixcloutier.com/x86/vfpclasssd
[Core Instruction] VFPCLASSSH — Test Types of Scalar FP16 Values	https://www.felixcloutier.com/x86/vfpclasssh
[Core Instruction] VFPCLASSSS — Tests Type of a Scalar Float32 Value	https://www.felixcloutier.com/x86/vfpclassss
[Core Instruction] VGATHERDPD — Gather Packed Double Precision Floating-Point Values UsingSigned Dword/Qword Indices	https://www.felixcloutier.com/x86/vgatherdpd:vgatherqpd
[Core Instruction] VGATHERDPD (1) — Gather Packed Single, Packed Double with Signed Dword Indices	https://www.felixcloutier.com/x86/vgatherdps:vgatherdpd
[Core Instruction] VGATHERDPS — Gather Packed Single Precision Floating-Point Values UsingSigned Dword/Qword Indices	https://www.felixcloutier.com/x86/vgatherdps:vgatherqps
[Core Instruction] VGATHERDPS (1) — Gather Packed Single, Packed Double with Signed Dword Indices	https://www.felixcloutier.com/x86/vgatherdps:vgatherdpd
[Core Instruction] VGATHERQPD — Gather Packed Double Precision Floating-Point Values UsingSigned Dword/Qword Indices	https://www.felixcloutier.com/x86/vgatherdpd:vgatherqpd
[Core Instruction] VGATHERQPD (1) — Gather Packed Single, Packed Double with Signed Qword Indices	https://www.felixcloutier.com/x86/vgatherqps:vgatherqpd
[Core Instruction] VGATHERQPS — Gather Packed Single Precision Floating-Point Values UsingSigned Dword/Qword Indices	https://www.felixcloutier.com/x86/vgatherdps:vgatherqps
[Core Instruction] VGATHERQPS (1) — Gather Packed Single, Packed Double with Signed Qword Indices	https://www.felixcloutier.com/x86/vgatherqps:vgatherqpd
[Core Instruction] VGETEXPPD — Convert Exponents of Packed Double Precision Floating-Point Values to DoublePrecision Floating-Point Values	https://www.felixcloutier.com/x86/vgetexppd
[Core Instruction] VGETEXPPH — Convert Exponents of Packed FP16 Values to FP16 Values	https://www.felixcloutier.com/x86/vgetexpph
[Core Instruction] VGETEXPPS — Convert Exponents of Packed Single Precision Floating-Point Values to SinglePrecision Floating-Point Values	https://www.felixcloutier.com/x86/vgetexpps
[Core Instruction] VGETEXPSD — Convert Exponents of Scalar Double Precision Floating-Point Value to DoublePrecision Floating-Point Value	https://www.felixcloutier.com/x86/vgetexpsd
[Core Instruction] VGETEXPSH — Convert Exponents of Scalar FP16 Values to FP16 Values	https://www.felixcloutier.com/x86/vgetexpsh
[Core Instruction] VGETEXPSS — Convert Exponents of Scalar Single Precision Floating-Point Value to SinglePrecision Floating-Point Value	https://www.felixcloutier.com/x86/vgetexpss
[Core Instruction] VGETMANTPD — Extract Float64 Vector of Normalized Mantissas From Float64 Vector	https://www.felixcloutier.com/x86/vgetmantpd
[Core Instruction] VGETMANTPH — Extract FP16 Vector of Normalized Mantissas from FP16 Vector	https://www.felixcloutier.com/x86/vgetmantph
[Core Instruction] VGETMANTPS — Extract Float32 Vector of Normalized Mantissas From Float32 Vector	https://www.felixcloutier.com/x86/vgetmantps
[Core Instruction] VGETMANTSD — Extract Float64 of Normalized Mantissa From Float64 Scalar	https://www.felixcloutier.com/x86/vgetmantsd
[Core Instruction] VGETMANTSH — Extract FP16 of Normalized Mantissa from FP16 Scalar	https://www.felixcloutier.com/x86/vgetmantsh
[Core Instruction] VGETMANTSS — Extract Float32 Vector of Normalized Mantissa From Float32 Scalar	https://www.felixcloutier.com/x86/vgetmantss
[Core Instruction] VINSERTF128 — Insert PackedFloating-Point Values	https://www.felixcloutier.com/x86/vinsertf128:vinsertf32x4:vinsertf64x2:vinsertf32x8:vinsertf64x4
[Core Instruction] VINSERTF32x4 — Insert PackedFloating-Point Values	https://www.felixcloutier.com/x86/vinsertf128:vinsertf32x4:vinsertf64x2:vinsertf32x8:vinsertf64x4
[Core Instruction] VINSERTF32x8 — Insert PackedFloating-Point Values	https://www.felixcloutier.com/x86/vinsertf128:vinsertf32x4:vinsertf64x2:vinsertf32x8:vinsertf64x4
[Core Instruction] VINSERTF64x2 — Insert PackedFloating-Point Values	https://www.felixcloutier.com/x86/vinsertf128:vinsertf32x4:vinsertf64x2:vinsertf32x8:vinsertf64x4
[Core Instruction] VINSERTF64x4 — Insert PackedFloating-Point Values	https://www.felixcloutier.com/x86/vinsertf128:vinsertf32x4:vinsertf64x2:vinsertf32x8:vinsertf64x4
[Core Instruction] VINSERTI128 — Insert PackedInteger Values	https://www.felixcloutier.com/x86/vinserti128:vinserti32x4:vinserti64x2:vinserti32x8:vinserti64x4
[Core Instruction] VINSERTI32x4 — Insert PackedInteger Values	https://www.felixcloutier.com/x86/vinserti128:vinserti32x4:vinserti64x2:vinserti32x8:vinserti64x4
[Core Instruction] VINSERTI32x8 — Insert PackedInteger Values	https://www.felixcloutier.com/x86/vinserti128:vinserti32x4:vinserti64x2:vinserti32x8:vinserti64x4
[Core Instruction] VINSERTI64x2 — Insert PackedInteger Values	https://www.felixcloutier.com/x86/vinserti128:vinserti32x4:vinserti64x2:vinserti32x8:vinserti64x4
[Core Instruction] VINSERTI64x4 — Insert PackedInteger Values	https://www.felixcloutier.com/x86/vinserti128:vinserti32x4:vinserti64x2:vinserti32x8:vinserti64x4
[Core Instruction] VMASKMOV — Conditional SIMD Packed Loads and Stores	https://www.felixcloutier.com/x86/vmaskmov
[Core Instruction] VMAXPH — Return Maximum of Packed FP16 Values	https://www.felixcloutier.com/x86/vmaxph
[Core Instruction] VMAXSH — Return Maximum of Scalar FP16 Values	https://www.felixcloutier.com/x86/vmaxsh
[Core Instruction] VMINPH — Return Minimum of Packed FP16 Values	https://www.felixcloutier.com/x86/vminph
[Core Instruction] VMINSH — Return Minimum Scalar FP16 Value	https://www.felixcloutier.com/x86/vminsh
[Core Instruction] VMOVDQA32 — Move Aligned Packed Integer Values	https://www.felixcloutier.com/x86/movdqa:vmovdqa32:vmovdqa64
[Core Instruction] VMOVDQA64 — Move Aligned Packed Integer Values	https://www.felixcloutier.com/x86/movdqa:vmovdqa32:vmovdqa64
[Core Instruction] VMOVDQU16 — Move Unaligned Packed Integer Values	https://www.felixcloutier.com/x86/movdqu:vmovdqu8:vmovdqu16:vmovdqu32:vmovdqu64
[Core Instruction] VMOVDQU32 — Move Unaligned Packed Integer Values	https://www.felixcloutier.com/x86/movdqu:vmovdqu8:vmovdqu16:vmovdqu32:vmovdqu64
[Core Instruction] VMOVDQU64 — Move Unaligned Packed Integer Values	https://www.felixcloutier.com/x86/movdqu:vmovdqu8:vmovdqu16:vmovdqu32:vmovdqu64
[Core Instruction] VMOVDQU8 — Move Unaligned Packed Integer Values	https://www.felixcloutier.com/x86/movdqu:vmovdqu8:vmovdqu16:vmovdqu32:vmovdqu64
[Core Instruction] VMOVSH — Move Scalar FP16 Value	https://www.felixcloutier.com/x86/vmovsh
[Core Instruction] VMOVW — Move Word	https://www.felixcloutier.com/x86/vmovw
[Core Instruction] VMULPH — Multiply Packed FP16 Values	https://www.felixcloutier.com/x86/vmulph
[Core Instruction] VMULSH — Multiply Scalar FP16 Values	https://www.felixcloutier.com/x86/vmulsh
[Core Instruction] VP2INTERSECTD — Compute Intersection Between DWORDS/QUADWORDS to aPair of Mask Registers	https://www.felixcloutier.com/x86/vp2intersectd:vp2intersectq
[Core Instruction] VP2INTERSECTQ — Compute Intersection Between DWORDS/QUADWORDS to aPair of Mask Registers	https://www.felixcloutier.com/x86/vp2intersectd:vp2intersectq
[Core Instruction] VPBLENDD — Blend Packed Dwords	https://www.felixcloutier.com/x86/vpblendd
[Core Instruction] VPBLENDMB — Blend Byte/Word Vectors Using an Opmask Control	https://www.felixcloutier.com/x86/vpblendmb:vpblendmw
[Core Instruction] VPBLENDMD — Blend Int32/Int64 Vectors Using an OpMask Control	https://www.felixcloutier.com/x86/vpblendmd:vpblendmq
[Core Instruction] VPBLENDMQ — Blend Int32/Int64 Vectors Using an OpMask Control	https://www.felixcloutier.com/x86/vpblendmd:vpblendmq
[Core Instruction] VPBLENDMW — Blend Byte/Word Vectors Using an Opmask Control	https://www.felixcloutier.com/x86/vpblendmb:vpblendmw
[Core Instruction] VPBROADCAST — Load Integer and Broadcast	https://www.felixcloutier.com/x86/vpbroadcast
[Core Instruction] VPBROADCASTB — Load With Broadcast Integer Data From General Purpose Register	https://www.felixcloutier.com/x86/vpbroadcastb:vpbroadcastw:vpbroadcastd:vpbroadcastq
[Core Instruction] VPBROADCASTD — Load With Broadcast Integer Data From General Purpose Register	https://www.felixcloutier.com/x86/vpbroadcastb:vpbroadcastw:vpbroadcastd:vpbroadcastq
[Core Instruction] VPBROADCASTM — Broadcast Mask to Vector Register	https://www.felixcloutier.com/x86/vpbroadcastm
[Core Instruction] VPBROADCASTQ — Load With Broadcast Integer Data From General Purpose Register	https://www.felixcloutier.com/x86/vpbroadcastb:vpbroadcastw:vpbroadcastd:vpbroadcastq
[Core Instruction] VPBROADCASTW — Load With Broadcast Integer Data From General Purpose Register	https://www.felixcloutier.com/x86/vpbroadcastb:vpbroadcastw:vpbroadcastd:vpbroadcastq
[Core Instruction] VPCMPB — Compare Packed Byte Values Into Mask	https://www.felixcloutier.com/x86/vpcmpb:vpcmpub
[Core Instruction] VPCMPD — Compare Packed Integer Values Into Mask	https://www.felixcloutier.com/x86/vpcmpd:vpcmpud
[Core Instruction] VPCMPQ — Compare Packed Integer Values Into Mask	https://www.felixcloutier.com/x86/vpcmpq:vpcmpuq
[Core Instruction] VPCMPUB — Compare Packed Byte Values Into Mask	https://www.felixcloutier.com/x86/vpcmpb:vpcmpub
[Core Instruction] VPCMPUD — Compare Packed Integer Values Into Mask	https://www.felixcloutier.com/x86/vpcmpd:vpcmpud
[Core Instruction] VPCMPUQ — Compare Packed Integer Values Into Mask	https://www.felixcloutier.com/x86/vpcmpq:vpcmpuq
[Core Instruction] VPCMPUW — Compare Packed Word Values Into Mask	https://www.felixcloutier.com/x86/vpcmpw:vpcmpuw
[Core Instruction] VPCMPW — Compare Packed Word Values Into Mask	https://www.felixcloutier.com/x86/vpcmpw:vpcmpuw
[Core Instruction] VPCOMPRESSB — Store Sparse Packed Byte/Word Integer Values Into DenseMemory/Register	https://www.felixcloutier.com/x86/vpcompressb:vcompressw
[Core Instruction] VPCOMPRESSD — Store Sparse Packed Doubleword Integer Values Into Dense Memory/Register	https://www.felixcloutier.com/x86/vpcompressd
[Core Instruction] VPCOMPRESSQ — Store Sparse Packed Quadword Integer Values Into Dense Memory/Register	https://www.felixcloutier.com/x86/vpcompressq
[Core Instruction] VPCONFLICTD — Detect Conflicts Within a Vector of Packed Dword/Qword Values Into DenseMemory/ Register	https://www.felixcloutier.com/x86/vpconflictd:vpconflictq
[Core Instruction] VPCONFLICTQ — Detect Conflicts Within a Vector of Packed Dword/Qword Values Into DenseMemory/ Register	https://www.felixcloutier.com/x86/vpconflictd:vpconflictq
[Core Instruction] VPDPBUSD — Multiply and Add Unsigned and Signed Bytes	https://www.felixcloutier.com/x86/vpdpbusd
[Core Instruction] VPDPBUSDS — Multiply and Add Unsigned and Signed Bytes With Saturation	https://www.felixcloutier.com/x86/vpdpbusds
[Core Instruction] VPDPWSSD — Multiply and Add Signed Word Integers	https://www.felixcloutier.com/x86/vpdpwssd
[Core Instruction] VPDPWSSDS — Multiply and Add Signed Word Integers With Saturation	https://www.felixcloutier.com/x86/vpdpwssds
[Core Instruction] VPERM2F128 — Permute Floating-Point Values	https://www.felixcloutier.com/x86/vperm2f128
[Core Instruction] VPERM2I128 — Permute Integer Values	https://www.felixcloutier.com/x86/vperm2i128
[Core Instruction] VPERMB — Permute Packed Bytes Elements	https://www.felixcloutier.com/x86/vpermb
[Core Instruction] VPERMD — Permute Packed Doubleword/Word Elements	https://www.felixcloutier.com/x86/vpermd:vpermw
[Core Instruction] VPERMI2B — Full Permute of Bytes From Two Tables Overwriting the Index	https://www.felixcloutier.com/x86/vpermi2b
[Core Instruction] VPERMI2D — Full Permute From Two Tables Overwriting the Index	https://www.felixcloutier.com/x86/vpermi2w:vpermi2d:vpermi2q:vpermi2ps:vpermi2pd
[Core Instruction] VPERMI2PD — Full Permute From Two Tables Overwriting the Index	https://www.felixcloutier.com/x86/vpermi2w:vpermi2d:vpermi2q:vpermi2ps:vpermi2pd
[Core Instruction] VPERMI2PS — Full Permute From Two Tables Overwriting the Index	https://www.felixcloutier.com/x86/vpermi2w:vpermi2d:vpermi2q:vpermi2ps:vpermi2pd
[Core Instruction] VPERMI2Q — Full Permute From Two Tables Overwriting the Index	https://www.felixcloutier.com/x86/vpermi2w:vpermi2d:vpermi2q:vpermi2ps:vpermi2pd
[Core Instruction] VPERMI2W — Full Permute From Two Tables Overwriting the Index	https://www.felixcloutier.com/x86/vpermi2w:vpermi2d:vpermi2q:vpermi2ps:vpermi2pd
[Core Instruction] VPERMILPD — Permute In-Lane of Pairs of Double Precision Floating-Point Values	https://www.felixcloutier.com/x86/vpermilpd
[Core Instruction] VPERMILPS — Permute In-Lane of Quadruples of Single Precision Floating-Point Values	https://www.felixcloutier.com/x86/vpermilps
[Core Instruction] VPERMPD — Permute Double Precision Floating-Point Elements	https://www.felixcloutier.com/x86/vpermpd
[Core Instruction] VPERMPS — Permute Single Precision Floating-Point Elements	https://www.felixcloutier.com/x86/vpermps
[Core Instruction] VPERMQ — Qwords Element Permutation	https://www.felixcloutier.com/x86/vpermq
[Core Instruction] VPERMT2B — Full Permute of Bytes From Two Tables Overwriting a Table	https://www.felixcloutier.com/x86/vpermt2b
[Core Instruction] VPERMT2D — Full Permute From Two Tables Overwriting One Table	https://www.felixcloutier.com/x86/vpermt2w:vpermt2d:vpermt2q:vpermt2ps:vpermt2pd
[Core Instruction] VPERMT2PD — Full Permute From Two Tables Overwriting One Table	https://www.felixcloutier.com/x86/vpermt2w:vpermt2d:vpermt2q:vpermt2ps:vpermt2pd
[Core Instruction] VPERMT2PS — Full Permute From Two Tables Overwriting One Table	https://www.felixcloutier.com/x86/vpermt2w:vpermt2d:vpermt2q:vpermt2ps:vpermt2pd
[Core Instruction] VPERMT2Q — Full Permute From Two Tables Overwriting One Table	https://www.felixcloutier.com/x86/vpermt2w:vpermt2d:vpermt2q:vpermt2ps:vpermt2pd
[Core Instruction] VPERMT2W — Full Permute From Two Tables Overwriting One Table	https://www.felixcloutier.com/x86/vpermt2w:vpermt2d:vpermt2q:vpermt2ps:vpermt2pd
[Core Instruction] VPERMW — Permute Packed Doubleword/Word Elements	https://www.felixcloutier.com/x86/vpermd:vpermw
[Core Instruction] VPEXPANDB — Expand Byte/Word Values	https://www.felixcloutier.com/x86/vpexpandb:vpexpandw
[Core Instruction] VPEXPANDD — Load Sparse Packed Doubleword Integer Values From Dense Memory/Register	https://www.felixcloutier.com/x86/vpexpandd
[Core Instruction] VPEXPANDQ — Load Sparse Packed Quadword Integer Values From Dense Memory/Register	https://www.felixcloutier.com/x86/vpexpandq
[Core Instruction] VPEXPANDW — Expand Byte/Word Values	https://www.felixcloutier.com/x86/vpexpandb:vpexpandw
[Core Instruction] VPGATHERDD — Gather Packed Dword Values Using Signed Dword/Qword Indices	https://www.felixcloutier.com/x86/vpgatherdd:vpgatherqd
[Core Instruction] VPGATHERDD (1) — Gather Packed Dword, Packed Qword With Signed Dword Indices	https://www.felixcloutier.com/x86/vpgatherdd:vpgatherdq
[Core Instruction] VPGATHERDQ — Gather Packed Dword, Packed Qword With Signed Dword Indices	https://www.felixcloutier.com/x86/vpgatherdd:vpgatherdq
[Core Instruction] VPGATHERDQ (1) — Gather Packed Qword Values Using Signed Dword/Qword Indices	https://www.felixcloutier.com/x86/vpgatherdq:vpgatherqq
[Core Instruction] VPGATHERQD — Gather Packed Dword Values Using Signed Dword/Qword Indices	https://www.felixcloutier.com/x86/vpgatherdd:vpgatherqd
[Core Instruction] VPGATHERQD (1) — Gather Packed Dword, Packed Qword with Signed Qword Indices	https://www.felixcloutier.com/x86/vpgatherqd:vpgatherqq
[Core Instruction] VPGATHERQQ — Gather Packed Qword Values Using Signed Dword/Qword Indices	https://www.felixcloutier.com/x86/vpgatherdq:vpgatherqq
[Core Instruction] VPGATHERQQ (1) — Gather Packed Dword, Packed Qword with Signed Qword Indices	https://www.felixcloutier.com/x86/vpgatherqd:vpgatherqq
[Core Instruction] VPLZCNTD — Count the Number of Leading Zero Bits for Packed Dword, Packed Qword Values	https://www.felixcloutier.com/x86/vplzcntd:vplzcntq
[Core Instruction] VPLZCNTQ — Count the Number of Leading Zero Bits for Packed Dword, Packed Qword Values	https://www.felixcloutier.com/x86/vplzcntd:vplzcntq
[Core Instruction] VPMADD52HUQ — Packed Multiply of Unsigned 52-Bit Unsigned Integers and Add High 52-BitProducts to 64-Bit Accumulators	https://www.felixcloutier.com/x86/vpmadd52huq
[Core Instruction] VPMADD52LUQ — Packed Multiply of Unsigned 52-Bit Integers and Add the Low 52-Bit Productsto Qword Accumulators	https://www.felixcloutier.com/x86/vpmadd52luq
[Core Instruction] VPMASKMOV — Conditional SIMD Integer Packed Loads and Stores	https://www.felixcloutier.com/x86/vpmaskmov
[Core Instruction] VPMOVB2M — Convert a Vector Register to a Mask	https://www.felixcloutier.com/x86/vpmovb2m:vpmovw2m:vpmovd2m:vpmovq2m
[Core Instruction] VPMOVD2M — Convert a Vector Register to a Mask	https://www.felixcloutier.com/x86/vpmovb2m:vpmovw2m:vpmovd2m:vpmovq2m
[Core Instruction] VPMOVDB — Down Convert DWord to Byte	https://www.felixcloutier.com/x86/vpmovdb:vpmovsdb:vpmovusdb
[Core Instruction] VPMOVDW — Down Convert DWord to Word	https://www.felixcloutier.com/x86/vpmovdw:vpmovsdw:vpmovusdw
[Core Instruction] VPMOVM2B — Convert a Mask Register to a VectorRegister	https://www.felixcloutier.com/x86/vpmovm2b:vpmovm2w:vpmovm2d:vpmovm2q
[Core Instruction] VPMOVM2D — Convert a Mask Register to a VectorRegister	https://www.felixcloutier.com/x86/vpmovm2b:vpmovm2w:vpmovm2d:vpmovm2q
[Core Instruction] VPMOVM2Q — Convert a Mask Register to a VectorRegister	https://www.felixcloutier.com/x86/vpmovm2b:vpmovm2w:vpmovm2d:vpmovm2q
[Core Instruction] VPMOVM2W — Convert a Mask Register to a VectorRegister	https://www.felixcloutier.com/x86/vpmovm2b:vpmovm2w:vpmovm2d:vpmovm2q
[Core Instruction] VPMOVQ2M — Convert a Vector Register to a Mask	https://www.felixcloutier.com/x86/vpmovb2m:vpmovw2m:vpmovd2m:vpmovq2m
[Core Instruction] VPMOVQB — Down Convert QWord to Byte	https://www.felixcloutier.com/x86/vpmovqb:vpmovsqb:vpmovusqb
[Core Instruction] VPMOVQD — Down Convert QWord to DWord	https://www.felixcloutier.com/x86/vpmovqd:vpmovsqd:vpmovusqd
[Core Instruction] VPMOVQW — Down Convert QWord to Word	https://www.felixcloutier.com/x86/vpmovqw:vpmovsqw:vpmovusqw
[Core Instruction] VPMOVSDB — Down Convert DWord to Byte	https://www.felixcloutier.com/x86/vpmovdb:vpmovsdb:vpmovusdb
[Core Instruction] VPMOVSDW — Down Convert DWord to Word	https://www.felixcloutier.com/x86/vpmovdw:vpmovsdw:vpmovusdw
[Core Instruction] VPMOVSQB — Down Convert QWord to Byte	https://www.felixcloutier.com/x86/vpmovqb:vpmovsqb:vpmovusqb
[Core Instruction] VPMOVSQD — Down Convert QWord to DWord	https://www.felixcloutier.com/x86/vpmovqd:vpmovsqd:vpmovusqd
[Core Instruction] VPMOVSQW — Down Convert QWord to Word	https://www.felixcloutier.com/x86/vpmovqw:vpmovsqw:vpmovusqw
[Core Instruction] VPMOVSWB — Down Convert Word to Byte	https://www.felixcloutier.com/x86/vpmovwb:vpmovswb:vpmovuswb
[Core Instruction] VPMOVUSDB — Down Convert DWord to Byte	https://www.felixcloutier.com/x86/vpmovdb:vpmovsdb:vpmovusdb
[Core Instruction] VPMOVUSDW — Down Convert DWord to Word	https://www.felixcloutier.com/x86/vpmovdw:vpmovsdw:vpmovusdw
[Core Instruction] VPMOVUSQB — Down Convert QWord to Byte	https://www.felixcloutier.com/x86/vpmovqb:vpmovsqb:vpmovusqb
[Core Instruction] VPMOVUSQD — Down Convert QWord to DWord	https://www.felixcloutier.com/x86/vpmovqd:vpmovsqd:vpmovusqd
[Core Instruction] VPMOVUSQW — Down Convert QWord to Word	https://www.felixcloutier.com/x86/vpmovqw:vpmovsqw:vpmovusqw
[Core Instruction] VPMOVUSWB — Down Convert Word to Byte	https://www.felixcloutier.com/x86/vpmovwb:vpmovswb:vpmovuswb
[Core Instruction] VPMOVW2M — Convert a Vector Register to a Mask	https://www.felixcloutier.com/x86/vpmovb2m:vpmovw2m:vpmovd2m:vpmovq2m
[Core Instruction] VPMOVWB — Down Convert Word to Byte	https://www.felixcloutier.com/x86/vpmovwb:vpmovswb:vpmovuswb
[Core Instruction] VPMULTISHIFTQB — Select Packed Unaligned Bytes From Quadword Sources	https://www.felixcloutier.com/x86/vpmultishiftqb
[Core Instruction] VPOPCNT — Return the Count of Number of Bits Set to 1 in BYTE/WORD/DWORD/QWORD	https://www.felixcloutier.com/x86/vpopcnt
[Core Instruction] VPROLD — Bit Rotate Left	https://www.felixcloutier.com/x86/vprold:vprolvd:vprolq:vprolvq
[Core Instruction] VPROLQ — Bit Rotate Left	https://www.felixcloutier.com/x86/vprold:vprolvd:vprolq:vprolvq
[Core Instruction] VPROLVD — Bit Rotate Left	https://www.felixcloutier.com/x86/vprold:vprolvd:vprolq:vprolvq
[Core Instruction] VPROLVQ — Bit Rotate Left	https://www.felixcloutier.com/x86/vprold:vprolvd:vprolq:vprolvq
[Core Instruction] VPRORD — Bit Rotate Right	https://www.felixcloutier.com/x86/vprord:vprorvd:vprorq:vprorvq
[Core Instruction] VPRORQ — Bit Rotate Right	https://www.felixcloutier.com/x86/vprord:vprorvd:vprorq:vprorvq
[Core Instruction] VPRORVD — Bit Rotate Right	https://www.felixcloutier.com/x86/vprord:vprorvd:vprorq:vprorvq
[Core Instruction] VPRORVQ — Bit Rotate Right	https://www.felixcloutier.com/x86/vprord:vprorvd:vprorq:vprorvq
[Core Instruction] VPSCATTERDD — Scatter Packed Dword, PackedQword with Signed Dword, Signed Qword Indices	https://www.felixcloutier.com/x86/vpscatterdd:vpscatterdq:vpscatterqd:vpscatterqq
[Core Instruction] VPSCATTERDQ — Scatter Packed Dword, PackedQword with Signed Dword, Signed Qword Indices	https://www.felixcloutier.com/x86/vpscatterdd:vpscatterdq:vpscatterqd:vpscatterqq
[Core Instruction] VPSCATTERQD — Scatter Packed Dword, PackedQword with Signed Dword, Signed Qword Indices	https://www.felixcloutier.com/x86/vpscatterdd:vpscatterdq:vpscatterqd:vpscatterqq
[Core Instruction] VPSCATTERQQ — Scatter Packed Dword, PackedQword with Signed Dword, Signed Qword Indices	https://www.felixcloutier.com/x86/vpscatterdd:vpscatterdq:vpscatterqd:vpscatterqq
[Core Instruction] VPSHLD — Concatenate and Shift Packed Data Left Logical	https://www.felixcloutier.com/x86/vpshld
[Core Instruction] VPSHLDV — Concatenate and Variable Shift Packed Data Left Logical	https://www.felixcloutier.com/x86/vpshldv
[Core Instruction] VPSHRD — Concatenate and Shift Packed Data Right Logical	https://www.felixcloutier.com/x86/vpshrd
[Core Instruction] VPSHRDV — Concatenate and Variable Shift Packed Data Right Logical	https://www.felixcloutier.com/x86/vpshrdv
[Core Instruction] VPSHUFBITQMB — Shuffle Bits From Quadword Elements Using Byte Indexes Into Mask	https://www.felixcloutier.com/x86/vpshufbitqmb
[Core Instruction] VPSLLVD — Variable Bit Shift Left Logical	https://www.felixcloutier.com/x86/vpsllvw:vpsllvd:vpsllvq
[Core Instruction] VPSLLVQ — Variable Bit Shift Left Logical	https://www.felixcloutier.com/x86/vpsllvw:vpsllvd:vpsllvq
[Core Instruction] VPSLLVW — Variable Bit Shift Left Logical	https://www.felixcloutier.com/x86/vpsllvw:vpsllvd:vpsllvq
[Core Instruction] VPSRAVD — Variable Bit Shift Right Arithmetic	https://www.felixcloutier.com/x86/vpsravw:vpsravd:vpsravq
[Core Instruction] VPSRAVQ — Variable Bit Shift Right Arithmetic	https://www.felixcloutier.com/x86/vpsravw:vpsravd:vpsravq
[Core Instruction] VPSRAVW — Variable Bit Shift Right Arithmetic	https://www.felixcloutier.com/x86/vpsravw:vpsravd:vpsravq
[Core Instruction] VPSRLVD — Variable Bit Shift Right Logical	https://www.felixcloutier.com/x86/vpsrlvw:vpsrlvd:vpsrlvq
[Core Instruction] VPSRLVQ — Variable Bit Shift Right Logical	https://www.felixcloutier.com/x86/vpsrlvw:vpsrlvd:vpsrlvq
[Core Instruction] VPSRLVW — Variable Bit Shift Right Logical	https://www.felixcloutier.com/x86/vpsrlvw:vpsrlvd:vpsrlvq
[Core Instruction] VPTERNLOGD — Bitwise Ternary Logic	https://www.felixcloutier.com/x86/vpternlogd:vpternlogq
[Core Instruction] VPTERNLOGQ — Bitwise Ternary Logic	https://www.felixcloutier.com/x86/vpternlogd:vpternlogq
[Core Instruction] VPTESTMB — Logical AND and Set Mask	https://www.felixcloutier.com/x86/vptestmb:vptestmw:vptestmd:vptestmq
[Core Instruction] VPTESTMD — Logical AND and Set Mask	https://www.felixcloutier.com/x86/vptestmb:vptestmw:vptestmd:vptestmq
[Core Instruction] VPTESTMQ — Logical AND and Set Mask	https://www.felixcloutier.com/x86/vptestmb:vptestmw:vptestmd:vptestmq
[Core Instruction] VPTESTMW — Logical AND and Set Mask	https://www.felixcloutier.com/x86/vptestmb:vptestmw:vptestmd:vptestmq
[Core Instruction] VPTESTNMB — Logical NAND and Set	https://www.felixcloutier.com/x86/vptestnmb:vptestnmw:vptestnmd:vptestnmq
[Core Instruction] VPTESTNMD — Logical NAND and Set	https://www.felixcloutier.com/x86/vptestnmb:vptestnmw:vptestnmd:vptestnmq
[Core Instruction] VPTESTNMQ — Logical NAND and Set	https://www.felixcloutier.com/x86/vptestnmb:vptestnmw:vptestnmd:vptestnmq
[Core Instruction] VPTESTNMW — Logical NAND and Set	https://www.felixcloutier.com/x86/vptestnmb:vptestnmw:vptestnmd:vptestnmq
[Core Instruction] VRANGEPD — Range Restriction Calculation for Packed Pairs of Float64 Values	https://www.felixcloutier.com/x86/vrangepd
[Core Instruction] VRANGEPS — Range Restriction Calculation for Packed Pairs of Float32 Values	https://www.felixcloutier.com/x86/vrangeps
[Core Instruction] VRANGESD — Range Restriction Calculation From a Pair of Scalar Float64 Values	https://www.felixcloutier.com/x86/vrangesd
[Core Instruction] VRANGESS — Range Restriction Calculation From a Pair of Scalar Float32 Values	https://www.felixcloutier.com/x86/vrangess
[Core Instruction] VRCP14PD — Compute Approximate Reciprocals of Packed Float64 Values	https://www.felixcloutier.com/x86/vrcp14pd
[Core Instruction] VRCP14PS — Compute Approximate Reciprocals of Packed Float32 Values	https://www.felixcloutier.com/x86/vrcp14ps
[Core Instruction] VRCP14SD — Compute Approximate Reciprocal of Scalar Float64 Value	https://www.felixcloutier.com/x86/vrcp14sd
[Core Instruction] VRCP14SS — Compute Approximate Reciprocal of Scalar Float32 Value	https://www.felixcloutier.com/x86/vrcp14ss
[Core Instruction] VRCPPH — Compute Reciprocals of Packed FP16 Values	https://www.felixcloutier.com/x86/vrcpph
[Core Instruction] VRCPSH — Compute Reciprocal of Scalar FP16 Value	https://www.felixcloutier.com/x86/vrcpsh
[Core Instruction] VREDUCEPD — Perform Reduction Transformation on Packed Float64 Values	https://www.felixcloutier.com/x86/vreducepd
[Core Instruction] VREDUCEPH — Perform Reduction Transformation on Packed FP16 Values	https://www.felixcloutier.com/x86/vreduceph
[Core Instruction] VREDUCEPS — Perform Reduction Transformation on Packed Float32 Values	https://www.felixcloutier.com/x86/vreduceps
[Core Instruction] VREDUCESD — Perform a Reduction Transformation on a Scalar Float64 Value	https://www.felixcloutier.com/x86/vreducesd
[Core Instruction] VREDUCESH — Perform Reduction Transformation on Scalar FP16 Value	https://www.felixcloutier.com/x86/vreducesh
[Core Instruction] VREDUCESS — Perform a Reduction Transformation on a Scalar Float32 Value	https://www.felixcloutier.com/x86/vreducess
[Core Instruction] VRNDSCALEPD — Round Packed Float64 Values to Include a Given Number of Fraction Bits	https://www.felixcloutier.com/x86/vrndscalepd
[Core Instruction] VRNDSCALEPH — Round Packed FP16 Values to Include a Given Number of Fraction Bits	https://www.felixcloutier.com/x86/vrndscaleph
[Core Instruction] VRNDSCALEPS — Round Packed Float32 Values to Include a Given Number of Fraction Bits	https://www.felixcloutier.com/x86/vrndscaleps
[Core Instruction] VRNDSCALESD — Round Scalar Float64 Value to Include a Given Number of Fraction Bits	https://www.felixcloutier.com/x86/vrndscalesd
[Core Instruction] VRNDSCALESH — Round Scalar FP16 Value to Include a Given Number of Fraction Bits	https://www.felixcloutier.com/x86/vrndscalesh
[Core Instruction] VRNDSCALESS — Round Scalar Float32 Value to Include a Given Number of Fraction Bits	https://www.felixcloutier.com/x86/vrndscaless
[Core Instruction] VRSQRT14PD — Compute Approximate Reciprocals of Square Roots of Packed Float64 Values	https://www.felixcloutier.com/x86/vrsqrt14pd
[Core Instruction] VRSQRT14PS — Compute Approximate Reciprocals of Square Roots of Packed Float32 Values	https://www.felixcloutier.com/x86/vrsqrt14ps
[Core Instruction] VRSQRT14SD — Compute Approximate Reciprocal of Square Root of Scalar Float64 Value	https://www.felixcloutier.com/x86/vrsqrt14sd
[Core Instruction] VRSQRT14SS — Compute Approximate Reciprocal of Square Root of Scalar Float32 Value	https://www.felixcloutier.com/x86/vrsqrt14ss
[Core Instruction] VRSQRTPH — Compute Reciprocals of Square Roots of Packed FP16 Values	https://www.felixcloutier.com/x86/vrsqrtph
[Core Instruction] VRSQRTSH — Compute Approximate Reciprocal of Square Root of Scalar FP16 Value	https://www.felixcloutier.com/x86/vrsqrtsh
[Core Instruction] VSCALEFPD — Scale Packed Float64 Values With Float64 Values	https://www.felixcloutier.com/x86/vscalefpd
[Core Instruction] VSCALEFPH — Scale Packed FP16 Values with FP16 Values	https://www.felixcloutier.com/x86/vscalefph
[Core Instruction] VSCALEFPS — Scale Packed Float32 Values With Float32 Values	https://www.felixcloutier.com/x86/vscalefps
[Core Instruction] VSCALEFSD — Scale Scalar Float64 Values With Float64 Values	https://www.felixcloutier.com/x86/vscalefsd
[Core Instruction] VSCALEFSH — Scale Scalar FP16 Values with FP16 Values	https://www.felixcloutier.com/x86/vscalefsh
[Core Instruction] VSCALEFSS — Scale Scalar Float32 Value With Float32 Value	https://www.felixcloutier.com/x86/vscalefss
[Core Instruction] VSCATTERDPD — Scatter Packed Single, PackedDouble with Signed Dword and Qword Indices	https://www.felixcloutier.com/x86/vscatterdps:vscatterdpd:vscatterqps:vscatterqpd
[Core Instruction] VSCATTERDPS — Scatter Packed Single, PackedDouble with Signed Dword and Qword Indices	https://www.felixcloutier.com/x86/vscatterdps:vscatterdpd:vscatterqps:vscatterqpd
[Core Instruction] VSCATTERQPD — Scatter Packed Single, PackedDouble with Signed Dword and Qword Indices	https://www.felixcloutier.com/x86/vscatterdps:vscatterdpd:vscatterqps:vscatterqpd
[Core Instruction] VSCATTERQPS — Scatter Packed Single, PackedDouble with Signed Dword and Qword Indices	https://www.felixcloutier.com/x86/vscatterdps:vscatterdpd:vscatterqps:vscatterqpd
[Core Instruction] VSHUFF32x4 — Shuffle Packed Values at 128-BitGranularity	https://www.felixcloutier.com/x86/vshuff32x4:vshuff64x2:vshufi32x4:vshufi64x2
[Core Instruction] VSHUFF64x2 — Shuffle Packed Values at 128-BitGranularity	https://www.felixcloutier.com/x86/vshuff32x4:vshuff64x2:vshufi32x4:vshufi64x2
[Core Instruction] VSHUFI32x4 — Shuffle Packed Values at 128-BitGranularity	https://www.felixcloutier.com/x86/vshuff32x4:vshuff64x2:vshufi32x4:vshufi64x2
[Core Instruction] VSHUFI64x2 — Shuffle Packed Values at 128-BitGranularity	https://www.felixcloutier.com/x86/vshuff32x4:vshuff64x2:vshufi32x4:vshufi64x2
[Core Instruction] VSQRTPH — Compute Square Root of Packed FP16 Values	https://www.felixcloutier.com/x86/vsqrtph
[Core Instruction] VSQRTSH — Compute Square Root of Scalar FP16 Value	https://www.felixcloutier.com/x86/vsqrtsh
[Core Instruction] VSUBPH — Subtract Packed FP16 Values	https://www.felixcloutier.com/x86/vsubph
[Core Instruction] VSUBSH — Subtract Scalar FP16 Value	https://www.felixcloutier.com/x86/vsubsh
[Core Instruction] VTESTPD — Packed Bit Test	https://www.felixcloutier.com/x86/vtestpd:vtestps
[Core Instruction] VTESTPS — Packed Bit Test	https://www.felixcloutier.com/x86/vtestpd:vtestps
[Core Instruction] VUCOMISH — Unordered Compare Scalar FP16 Values and Set EFLAGS	https://www.felixcloutier.com/x86/vucomish
[Core Instruction] VZEROALL — Zero XMM, YMM, and ZMM Registers	https://www.felixcloutier.com/x86/vzeroall
[Core Instruction] VZEROUPPER — Zero Upper Bits of YMM and ZMM Registers	https://www.felixcloutier.com/x86/vzeroupper
[Core Instruction] WAIT — Wait	https://www.felixcloutier.com/x86/wait:fwait
[Core Instruction] WBINVD — Write Back and Invalidate Cache	https://www.felixcloutier.com/x86/wbinvd
[Core Instruction] WBNOINVD — Write Back and Do Not Invalidate Cache	https://www.felixcloutier.com/x86/wbnoinvd
[Core Instruction] WRFSBASE — Write FS/GS Segment Base	https://www.felixcloutier.com/x86/wrfsbase:wrgsbase
[Core Instruction] WRGSBASE — Write FS/GS Segment Base	https://www.felixcloutier.com/x86/wrfsbase:wrgsbase
[Core Instruction] WRMSR — Write to Model Specific Register	https://www.felixcloutier.com/x86/wrmsr
[Core Instruction] WRPKRU — Write Data to User Page Key Register	https://www.felixcloutier.com/x86/wrpkru
[Core Instruction] WRSSD — Write to Shadow Stack	https://www.felixcloutier.com/x86/wrssd:wrssq
[Core Instruction] WRSSQ — Write to Shadow Stack	https://www.felixcloutier.com/x86/wrssd:wrssq
[Core Instruction] WRUSSD — Write to User Shadow Stack	https://www.felixcloutier.com/x86/wrussd:wrussq
[Core Instruction] WRUSSQ — Write to User Shadow Stack	https://www.felixcloutier.com/x86/wrussd:wrussq
[Core Instruction] XABORT — Transactional Abort	https://www.felixcloutier.com/x86/xabort
[Core Instruction] XACQUIRE — Hardware Lock Elision Prefix Hints	https://www.felixcloutier.com/x86/xacquire:xrelease
[Core Instruction] XADD — Exchange and Add	https://www.felixcloutier.com/x86/xadd
[Core Instruction] XBEGIN — Transactional Begin	https://www.felixcloutier.com/x86/xbegin
[Core Instruction] XCHG — Exchange Register/Memory With Register	https://www.felixcloutier.com/x86/xchg
[Core Instruction] XEND — Transactional End	https://www.felixcloutier.com/x86/xend
[Core Instruction] XGETBV — Get Value of Extended Control Register	https://www.felixcloutier.com/x86/xgetbv
[Core Instruction] XLAT — Table Look-up Translation	https://www.felixcloutier.com/x86/xlat:xlatb
[Core Instruction] XLATB — Table Look-up Translation	https://www.felixcloutier.com/x86/xlat:xlatb
[Core Instruction] XOR — Logical Exclusive OR	https://www.felixcloutier.com/x86/xor
[Core Instruction] XORPD — Bitwise Logical XOR of Packed Double Precision Floating-Point Values	https://www.felixcloutier.com/x86/xorpd
[Core Instruction] XORPS — Bitwise Logical XOR of Packed Single Precision Floating-Point Values	https://www.felixcloutier.com/x86/xorps
[Core Instruction] XRELEASE — Hardware Lock Elision Prefix Hints	https://www.felixcloutier.com/x86/xacquire:xrelease
[Core Instruction] XRESLDTRK — Resume Tracking Load Addresses	https://www.felixcloutier.com/x86/xresldtrk
[Core Instruction] XRSTOR — Restore Processor Extended States	https://www.felixcloutier.com/x86/xrstor
[Core Instruction] XRSTORS — Restore Processor Extended States Supervisor	https://www.felixcloutier.com/x86/xrstors
[Core Instruction] XSAVE — Save Processor Extended States	https://www.felixcloutier.com/x86/xsave
[Core Instruction] XSAVEC — Save Processor Extended States With Compaction	https://www.felixcloutier.com/x86/xsavec
[Core Instruction] XSAVEOPT — Save Processor Extended States Optimized	https://www.felixcloutier.com/x86/xsaveopt
[Core Instruction] XSAVES — Save Processor Extended States Supervisor	https://www.felixcloutier.com/x86/xsaves
[Core Instruction] XSETBV — Set Extended Control Register	https://www.felixcloutier.com/x86/xsetbv
[Core Instruction] XSUSLDTRK — Suspend Tracking Load Addresses	https://www.felixcloutier.com/x86/xsusldtrk
[Core Instruction] XTEST — Test if in Transactional Execution	https://www.felixcloutier.com/x86/xtest
[SGX Instruction] ENCLS — Execute an Enclave System Function of Specified Leaf Number	https://www.felixcloutier.com/x86/encls
[SGX Instruction] ENCLS[EADD] — Add a Page to an Uninitialized Enclave	https://www.felixcloutier.com/x86/eadd
[SGX Instruction] ENCLS[EAUG] — Add a Page to an Initialized Enclave	https://www.felixcloutier.com/x86/eaug
[SGX Instruction] ENCLS[EBLOCK] — Mark a page in EPC as Blocked	https://www.felixcloutier.com/x86/eblock
[SGX Instruction] ENCLS[ECREATE] — Create an SECS page in the Enclave Page Cache	https://www.felixcloutier.com/x86/ecreate
[SGX Instruction] ENCLS[EDBGRD] — Read From a Debug Enclave	https://www.felixcloutier.com/x86/edbgrd
[SGX Instruction] ENCLS[EDBGWR] — Write to a Debug Enclave	https://www.felixcloutier.com/x86/edbgwr
[SGX Instruction] ENCLS[EEXTEND] — Extend Uninitialized Enclave Measurement by 256 Bytes	https://www.felixcloutier.com/x86/eextend
[SGX Instruction] ENCLS[EINIT] — Initialize an Enclave for Execution	https://www.felixcloutier.com/x86/einit
[SGX Instruction] ENCLS[ELDBC] — Load an EPC Page and Mark its State	https://www.felixcloutier.com/x86/eldb:eldu:eldbc:elduc
[SGX Instruction] ENCLS[ELDB] — Load an EPC Page and Mark its State	https://www.felixcloutier.com/x86/eldb:eldu:eldbc:elduc
[SGX Instruction] ENCLS[ELDUC] — Load an EPC Page and Mark its State	https://www.felixcloutier.com/x86/eldb:eldu:eldbc:elduc
[SGX Instruction] ENCLS[ELDU] — Load an EPC Page and Mark its State	https://www.felixcloutier.com/x86/eldb:eldu:eldbc:elduc
[SGX Instruction] ENCLS[EMODPR] — Restrict the Permissions of an EPC Page	https://www.felixcloutier.com/x86/emodpr
[SGX Instruction] ENCLS[EMODT] — Change the Type of an EPC Page	https://www.felixcloutier.com/x86/emodt
[SGX Instruction] ENCLS[EPA] — Add Version Array	https://www.felixcloutier.com/x86/epa
[SGX Instruction] ENCLS[ERDINFO] — Read Type and Status Information About an EPC Page	https://www.felixcloutier.com/x86/erdinfo
[SGX Instruction] ENCLS[EREMOVE] — Remove a page from the EPC	https://www.felixcloutier.com/x86/eremove
[SGX Instruction] ENCLS[ETRACKC] — Activates EBLOCK Checks	https://www.felixcloutier.com/x86/etrackc
[SGX Instruction] ENCLS[ETRACK] — Activates EBLOCK Checks	https://www.felixcloutier.com/x86/etrack
[SGX Instruction] ENCLS[EWB] — Invalidate an EPC Page and Write out to Main Memory	https://www.felixcloutier.com/x86/ewb
[SGX Instruction] ENCLU — Execute an Enclave User Function of Specified Leaf Number	https://www.felixcloutier.com/x86/enclu
[SGX Instruction] ENCLU[EACCEPTCOPY] — Initialize a Pending Page	https://www.felixcloutier.com/x86/eacceptcopy
[SGX Instruction] ENCLU[EACCEPT] — Accept Changes to an EPC Page	https://www.felixcloutier.com/x86/eaccept
[SGX Instruction] ENCLU[EDECCSSA] — Decrements TCS.CSSA	https://www.felixcloutier.com/x86/edeccssa
[SGX Instruction] ENCLU[EENTER] — Enters an Enclave	https://www.felixcloutier.com/x86/eenter
[SGX Instruction] ENCLU[EEXIT] — Exits an Enclave	https://www.felixcloutier.com/x86/eexit
[SGX Instruction] ENCLU[EGETKEY] — Retrieves a Cryptographic Key	https://www.felixcloutier.com/x86/egetkey
[SGX Instruction] ENCLU[EMODPE] — Extend an EPC Page Permissions	https://www.felixcloutier.com/x86/emodpe
[SGX Instruction] ENCLU[EREPORT] — Create a Cryptographic Report of the Enclave	https://www.felixcloutier.com/x86/ereport
[SGX Instruction] ENCLU[ERESUME] — Re-Enters an Enclave	https://www.felixcloutier.com/x86/eresume
[SGX Instruction] ENCLV — Execute an Enclave VMM Function of Specified Leaf Number	https://www.felixcloutier.com/x86/enclv
[SGX Instruction] ENCLV[EDECVIRTCHILD] — Decrement VIRTCHILDCNT in SECS	https://www.felixcloutier.com/x86/edecvirtchild
[SGX Instruction] ENCLV[EINCVIRTCHILD] — Increment VIRTCHILDCNT in SECS	https://www.felixcloutier.com/x86/eincvirtchild
[SGX Instruction] ENCLV[ESETCONTEXT] — Set the ENCLAVECONTEXT Field in SECS	https://www.felixcloutier.com/x86/esetcontext
[SMX Instruction] GETSEC[CAPABILITIES] — Report the SMX Capabilities	https://www.felixcloutier.com/x86/capabilities
[SMX Instruction] GETSEC[ENTERACCS] — Execute Authenticated Chipset Code	https://www.felixcloutier.com/x86/enteraccs
[SMX Instruction] GETSEC[EXITAC] — Exit Authenticated Code Execution Mode	https://www.felixcloutier.com/x86/exitac
[SMX Instruction] GETSEC[PARAMETERS] — Report the SMX Parameters	https://www.felixcloutier.com/x86/parameters
[SMX Instruction] GETSEC[SENTER] — Enter a Measured Environment	https://www.felixcloutier.com/x86/senter
[SMX Instruction] GETSEC[SEXIT] — Exit Measured Environment	https://www.felixcloutier.com/x86/sexit
[SMX Instruction] GETSEC[SMCTRL] — SMX Mode Control	https://www.felixcloutier.com/x86/smctrl
[SMX Instruction] GETSEC[WAKEUP] — Wake Up Sleeping Processors in Measured Environment	https://www.felixcloutier.com/x86/wakeup
[VMX Instruction] INVEPT — Invalidate Translations Derived from EPT	https://www.felixcloutier.com/x86/invept
[VMX Instruction] INVVPID — Invalidate Translations Based on VPID	https://www.felixcloutier.com/x86/invvpid
[VMX Instruction] VMCALL — Call to VM Monitor	https://www.felixcloutier.com/x86/vmcall
[VMX Instruction] VMCLEAR — Clear Virtual-Machine Control Structure	https://www.felixcloutier.com/x86/vmclear
[VMX Instruction] VMFUNC — Invoke VM function	https://www.felixcloutier.com/x86/vmfunc
[VMX Instruction] VMLAUNCH — Launch/Resume Virtual Machine	https://www.felixcloutier.com/x86/vmlaunch:vmresume
[VMX Instruction] VMPTRLD — Load Pointer to Virtual-Machine Control Structure	https://www.felixcloutier.com/x86/vmptrld
[VMX Instruction] VMPTRST — Store Pointer to Virtual-Machine Control Structure	https://www.felixcloutier.com/x86/vmptrst
[VMX Instruction] VMREAD — Read Field from Virtual-Machine Control Structure	https://www.felixcloutier.com/x86/vmread
[VMX Instruction] VMRESUME — Launch/Resume Virtual Machine	https://www.felixcloutier.com/x86/vmlaunch:vmresume
[VMX Instruction] VMRESUME (1) — Resume Virtual Machine	https://www.felixcloutier.com/x86/vmresume
[VMX Instruction] VMWRITE — Write Field to Virtual-Machine Control Structure	https://www.felixcloutier.com/x86/vmwrite
[VMX Instruction] VMXOFF — Leave VMX Operation	https://www.felixcloutier.com/x86/vmxoff
[VMX Instruction] VMXON — Enter VMX Operation	https://www.felixcloutier.com/x86/vmxon
[Xeon Phi Instruction] PREFETCHWT1 — Prefetch Vector Data Into Caches With Intent to Write and T1 Hint	https://www.felixcloutier.com/x86/prefetchwt1
[Xeon Phi Instruction] V4FMADDPS — Packed Single Precision Floating-Point Fused Multiply-Add(4-Iterations)	https://www.felixcloutier.com/x86/v4fmaddps:v4fnmaddps
[Xeon Phi Instruction] V4FMADDSS — Scalar Single Precision Floating-Point Fused Multiply-Add(4-Iterations)	https://www.felixcloutier.com/x86/v4fmaddss:v4fnmaddss
[Xeon Phi Instruction] V4FNMADDPS — Packed Single Precision Floating-Point Fused Multiply-Add(4-Iterations)	https://www.felixcloutier.com/x86/v4fmaddps:v4fnmaddps
[Xeon Phi Instruction] V4FNMADDSS — Scalar Single Precision Floating-Point Fused Multiply-Add(4-Iterations)	https://www.felixcloutier.com/x86/v4fmaddss:v4fnmaddss
[Xeon Phi Instruction] VEXP2PD — Approximation to the Exponential 2^x of Packed Double Precision Floating-PointValues With Less Than 2^-23 Relative Error	https://www.felixcloutier.com/x86/vexp2pd
[Xeon Phi Instruction] VEXP2PS — Approximation to the Exponential 2^x of Packed Single Precision Floating-PointValues With Less Than 2^-23 Relative Error	https://www.felixcloutier.com/x86/vexp2ps
[Xeon Phi Instruction] VGATHERPF0DPD — Sparse PrefetchPacked SP/DP Data Values With Signed Dword, Signed Qword Indices Using T0 Hint	https://www.felixcloutier.com/x86/vgatherpf0dps:vgatherpf0qps:vgatherpf0dpd:vgatherpf0qpd
[Xeon Phi Instruction] VGATHERPF0DPS — Sparse PrefetchPacked SP/DP Data Values With Signed Dword, Signed Qword Indices Using T0 Hint	https://www.felixcloutier.com/x86/vgatherpf0dps:vgatherpf0qps:vgatherpf0dpd:vgatherpf0qpd
[Xeon Phi Instruction] VGATHERPF0QPD — Sparse PrefetchPacked SP/DP Data Values With Signed Dword, Signed Qword Indices Using T0 Hint	https://www.felixcloutier.com/x86/vgatherpf0dps:vgatherpf0qps:vgatherpf0dpd:vgatherpf0qpd
[Xeon Phi Instruction] VGATHERPF0QPS — Sparse PrefetchPacked SP/DP Data Values With Signed Dword, Signed Qword Indices Using T0 Hint	https://www.felixcloutier.com/x86/vgatherpf0dps:vgatherpf0qps:vgatherpf0dpd:vgatherpf0qpd
[Xeon Phi Instruction] VGATHERPF1DPD — Sparse PrefetchPacked SP/DP Data Values With Signed Dword, Signed Qword Indices Using T1 Hint	https://www.felixcloutier.com/x86/vgatherpf1dps:vgatherpf1qps:vgatherpf1dpd:vgatherpf1qpd
[Xeon Phi Instruction] VGATHERPF1DPS — Sparse PrefetchPacked SP/DP Data Values With Signed Dword, Signed Qword Indices Using T1 Hint	https://www.felixcloutier.com/x86/vgatherpf1dps:vgatherpf1qps:vgatherpf1dpd:vgatherpf1qpd
[Xeon Phi Instruction] VGATHERPF1QPD — Sparse PrefetchPacked SP/DP Data Values With Signed Dword, Signed Qword Indices Using T1 Hint	https://www.felixcloutier.com/x86/vgatherpf1dps:vgatherpf1qps:vgatherpf1dpd:vgatherpf1qpd
[Xeon Phi Instruction] VGATHERPF1QPS — Sparse PrefetchPacked SP/DP Data Values With Signed Dword, Signed Qword Indices Using T1 Hint	https://www.felixcloutier.com/x86/vgatherpf1dps:vgatherpf1qps:vgatherpf1dpd:vgatherpf1qpd
[Xeon Phi Instruction] VP4DPWSSD — Dot Product of Signed Words With Dword Accumulation (4-Iterations)	https://www.felixcloutier.com/x86/vp4dpwssd
[Xeon Phi Instruction] VP4DPWSSDS — Dot Product of Signed Words With Dword Accumulation and Saturation(4-Iterations)	https://www.felixcloutier.com/x86/vp4dpwssds
[Xeon Phi Instruction] VRCP28PD — Approximation to the Reciprocal of Packed Double Precision Floating-Point ValuesWith Less Than 2^-28 Relative Error	https://www.felixcloutier.com/x86/vrcp28pd
[Xeon Phi Instruction] VRCP28PS — Approximation to the Reciprocal of Packed Single Precision Floating-Point ValuesWith Less Than 2^-28 Relative Error	https://www.felixcloutier.com/x86/vrcp28ps
[Xeon Phi Instruction] VRCP28SD — Approximation to the Reciprocal of Scalar Double Precision Floating-Point ValueWith Less Than 2^-28 Relative Error	https://www.felixcloutier.com/x86/vrcp28sd
[Xeon Phi Instruction] VRCP28SS — Approximation to the Reciprocal of Scalar Single Precision Floating-Point ValueWith Less Than 2^-28 Relative Error	https://www.felixcloutier.com/x86/vrcp28ss
[Xeon Phi Instruction] VRSQRT28PD — Approximation to the Reciprocal Square Root of Packed Double PrecisionFloating-Point Values With Less Than 2^-28 Relative Error	https://www.felixcloutier.com/x86/vrsqrt28pd
[Xeon Phi Instruction] VRSQRT28PS — Approximation to the Reciprocal Square Root of Packed Single PrecisionFloating-Point Values With Less Than 2^-28 Relative Error	https://www.felixcloutier.com/x86/vrsqrt28ps
[Xeon Phi Instruction] VRSQRT28SD — Approximation to the Reciprocal Square Root of Scalar Double PrecisionFloating-Point Value With Less Than 2^-28 Relative Error	https://www.felixcloutier.com/x86/vrsqrt28sd
[Xeon Phi Instruction] VRSQRT28SS — Approximation to the Reciprocal Square Root of Scalar Single Precision Floating-Point Value With Less Than 2^-28 Relative Error	https://www.felixcloutier.com/x86/vrsqrt28ss
[Xeon Phi Instruction] VSCATTERPF0DPD — Sparse PrefetchPacked SP/DP Data Values with Signed Dword, Signed Qword Indices Using T0 Hint With Intentto Write	https://www.felixcloutier.com/x86/vscatterpf0dps:vscatterpf0qps:vscatterpf0dpd:vscatterpf0qpd
[Xeon Phi Instruction] VSCATTERPF0DPS — Sparse PrefetchPacked SP/DP Data Values with Signed Dword, Signed Qword Indices Using T0 Hint With Intentto Write	https://www.felixcloutier.com/x86/vscatterpf0dps:vscatterpf0qps:vscatterpf0dpd:vscatterpf0qpd
[Xeon Phi Instruction] VSCATTERPF0QPD — Sparse PrefetchPacked SP/DP Data Values with Signed Dword, Signed Qword Indices Using T0 Hint With Intentto Write	https://www.felixcloutier.com/x86/vscatterpf0dps:vscatterpf0qps:vscatterpf0dpd:vscatterpf0qpd
[Xeon Phi Instruction] VSCATTERPF0QPS — Sparse PrefetchPacked SP/DP Data Values with Signed Dword, Signed Qword Indices Using T0 Hint With Intentto Write	https://www.felixcloutier.com/x86/vscatterpf0dps:vscatterpf0qps:vscatterpf0dpd:vscatterpf0qpd
[Xeon Phi Instruction] VSCATTERPF1DPD — Sparse PrefetchPacked SP/DP Data Values With Signed Dword, Signed Qword Indices Using T1 Hint With Intentto Write	https://www.felixcloutier.com/x86/vscatterpf1dps:vscatterpf1qps:vscatterpf1dpd:vscatterpf1qpd
[Xeon Phi Instruction] VSCATTERPF1DPS — Sparse PrefetchPacked SP/DP Data Values With Signed Dword, Signed Qword Indices Using T1 Hint With Intentto Write	https://www.felixcloutier.com/x86/vscatterpf1dps:vscatterpf1qps:vscatterpf1dpd:vscatterpf1qpd
[Xeon Phi Instruction] VSCATTERPF1QPD — Sparse PrefetchPacked SP/DP Data Values With Signed Dword, Signed Qword Indices Using T1 Hint With Intentto Write	https://www.felixcloutier.com/x86/vscatterpf1dps:vscatterpf1qps:vscatterpf1dpd:vscatterpf1qpd
[Xeon Phi Instruction] VSCATTERPF1QPS — Sparse PrefetchPacked SP/DP Data Values With Signed Dword, Signed Qword Indices Using T1 Hint With Intentto Write	https://www.felixcloutier.com/x86/vscatterpf1dps:vscatterpf1qps:vscatterpf1dpd:vscatterpf1qpd
