Solver Engine	https://docs.angr.io/en/latest/advanced-topics/claripy.html
Symbolic memory addressing	https://docs.angr.io/en/latest/advanced-topics/concretization_strategies.html
Debug variable resolution	https://docs.angr.io/en/latest/advanced-topics/debug_var.html
Working with File System, Sockets, and Pipes	https://docs.angr.io/en/latest/advanced-topics/file_system.html
Gotchas when using angr	https://docs.angr.io/en/latest/advanced-topics/gotchas.html
Advanced Topics	https://docs.angr.io/en/latest/advanced-topics/index.html
Intermediate Representation	https://docs.angr.io/en/latest/advanced-topics/ir.html
Java Support	https://docs.angr.io/en/latest/advanced-topics/java_support.html
What’s Up With Mixins, Anyway?	https://docs.angr.io/en/latest/advanced-topics/mixins.html
Understanding the Execution Pipeline	https://docs.angr.io/en/latest/advanced-topics/pipeline.html
Optimization considerations	https://docs.angr.io/en/latest/advanced-topics/speed.html
Working with Data and Conventions	https://docs.angr.io/en/latest/advanced-topics/structured_data.html
Backward Slicing	https://docs.angr.io/en/latest/analyses/backward_slice.html
Control-flow Graph Recovery (CFG)	https://docs.angr.io/en/latest/analyses/cfg.html
angr Decompiler	https://docs.angr.io/en/latest/analyses/decompiler.html
Identifier	https://docs.angr.io/en/latest/analyses/identifier.html
Build-in Analyses	https://docs.angr.io/en/latest/analyses/index.html
api	https://docs.angr.io/en/latest/api.html
angr.ail_callable	https://docs.angr.io/en/latest/api/angr.ail_callable.html
angr.ailment.block	https://docs.angr.io/en/latest/api/angr.ailment.block.html
angr.ailment.block_walker	https://docs.angr.io/en/latest/api/angr.ailment.block_walker.html
angr.ailment.converter_common	https://docs.angr.io/en/latest/api/angr.ailment.converter_common.html
angr.ailment.converter_pcode	https://docs.angr.io/en/latest/api/angr.ailment.converter_pcode.html
angr.ailment.converter_vex	https://docs.angr.io/en/latest/api/angr.ailment.converter_vex.html
angr.ailment.expression	https://docs.angr.io/en/latest/api/angr.ailment.expression.html
angr.ailment	https://docs.angr.io/en/latest/api/angr.ailment.html
angr.ailment.manager	https://docs.angr.io/en/latest/api/angr.ailment.manager.html
angr.ailment.statement	https://docs.angr.io/en/latest/api/angr.ailment.statement.html
angr.ailment.tagged_object	https://docs.angr.io/en/latest/api/angr.ailment.tagged_object.html
angr.ailment.utils	https://docs.angr.io/en/latest/api/angr.ailment.utils.html
angr.analyses.analysis	https://docs.angr.io/en/latest/api/angr.analyses.analysis.html
angr.analyses.backward_slice	https://docs.angr.io/en/latest/api/angr.analyses.backward_slice.html
angr.analyses.binary_optimizer	https://docs.angr.io/en/latest/api/angr.analyses.binary_optimizer.html
angr.analyses.bindiff	https://docs.angr.io/en/latest/api/angr.analyses.bindiff.html
angr.analyses.boyscout	https://docs.angr.io/en/latest/api/angr.analyses.boyscout.html
angr.analyses.callee_cleanup_finder	https://docs.angr.io/en/latest/api/angr.analyses.callee_cleanup_finder.html
angr.analyses.calling_convention.calling_convention	https://docs.angr.io/en/latest/api/angr.analyses.calling_convention.calling_convention.html
angr.analyses.calling_convention.fact_collector	https://docs.angr.io/en/latest/api/angr.analyses.calling_convention.fact_collector.html
angr.analyses.calling_convention	https://docs.angr.io/en/latest/api/angr.analyses.calling_convention.html
angr.analyses.calling_convention.utils	https://docs.angr.io/en/latest/api/angr.analyses.calling_convention.utils.html
angr.analyses.cdg	https://docs.angr.io/en/latest/api/angr.analyses.cdg.html
angr.analyses.cfg.cfb	https://docs.angr.io/en/latest/api/angr.analyses.cfg.cfb.html
angr.analyses.cfg.cfg	https://docs.angr.io/en/latest/api/angr.analyses.cfg.cfg.html
angr.analyses.cfg.cfg_arch_options	https://docs.angr.io/en/latest/api/angr.analyses.cfg.cfg_arch_options.html
angr.analyses.cfg.cfg_base	https://docs.angr.io/en/latest/api/angr.analyses.cfg.cfg_base.html
angr.analyses.cfg.cfg_emulated	https://docs.angr.io/en/latest/api/angr.analyses.cfg.cfg_emulated.html
angr.analyses.cfg.cfg_fast	https://docs.angr.io/en/latest/api/angr.analyses.cfg.cfg_fast.html
angr.analyses.cfg.cfg_fast_soot	https://docs.angr.io/en/latest/api/angr.analyses.cfg.cfg_fast_soot.html
angr.analyses.cfg.cfg_job_base	https://docs.angr.io/en/latest/api/angr.analyses.cfg.cfg_job_base.html
angr.analyses.cfg.go_prologue	https://docs.angr.io/en/latest/api/angr.analyses.cfg.go_prologue.html
angr.analyses.cfg	https://docs.angr.io/en/latest/api/angr.analyses.cfg.html
angr.analyses.cfg.indirect_jump_resolvers.aarch64_macho_got	https://docs.angr.io/en/latest/api/angr.analyses.cfg.indirect_jump_resolvers.aarch64_macho_got.html
angr.analyses.cfg.indirect_jump_resolvers.amd64_elf_got	https://docs.angr.io/en/latest/api/angr.analyses.cfg.indirect_jump_resolvers.amd64_elf_got.html
angr.analyses.cfg.indirect_jump_resolvers.amd64_pe_iat	https://docs.angr.io/en/latest/api/angr.analyses.cfg.indirect_jump_resolvers.amd64_pe_iat.html
angr.analyses.cfg.indirect_jump_resolvers.arm_elf_fast	https://docs.angr.io/en/latest/api/angr.analyses.cfg.indirect_jump_resolvers.arm_elf_fast.html
angr.analyses.cfg.indirect_jump_resolvers.const_resolver	https://docs.angr.io/en/latest/api/angr.analyses.cfg.indirect_jump_resolvers.const_resolver.html
angr.analyses.cfg.indirect_jump_resolvers.constant_value_manager	https://docs.angr.io/en/latest/api/angr.analyses.cfg.indirect_jump_resolvers.constant_value_manager.html
angr.analyses.cfg.indirect_jump_resolvers.default_resolvers	https://docs.angr.io/en/latest/api/angr.analyses.cfg.indirect_jump_resolvers.default_resolvers.html
angr.analyses.cfg.indirect_jump_resolvers	https://docs.angr.io/en/latest/api/angr.analyses.cfg.indirect_jump_resolvers.html
angr.analyses.cfg.indirect_jump_resolvers.jumptable	https://docs.angr.io/en/latest/api/angr.analyses.cfg.indirect_jump_resolvers.jumptable.html
angr.analyses.cfg.indirect_jump_resolvers.memload_resolver	https://docs.angr.io/en/latest/api/angr.analyses.cfg.indirect_jump_resolvers.memload_resolver.html
angr.analyses.cfg.indirect_jump_resolvers.mips_elf_fast	https://docs.angr.io/en/latest/api/angr.analyses.cfg.indirect_jump_resolvers.mips_elf_fast.html
angr.analyses.cfg.indirect_jump_resolvers.mips_elf_got	https://docs.angr.io/en/latest/api/angr.analyses.cfg.indirect_jump_resolvers.mips_elf_got.html
angr.analyses.cfg.indirect_jump_resolvers.propagator_utils	https://docs.angr.io/en/latest/api/angr.analyses.cfg.indirect_jump_resolvers.propagator_utils.html
angr.analyses.cfg.indirect_jump_resolvers.resolver	https://docs.angr.io/en/latest/api/angr.analyses.cfg.indirect_jump_resolvers.resolver.html
angr.analyses.cfg.indirect_jump_resolvers.syscall_resolver	https://docs.angr.io/en/latest/api/angr.analyses.cfg.indirect_jump_resolvers.syscall_resolver.html
angr.analyses.cfg.indirect_jump_resolvers.x86_elf_pic_plt	https://docs.angr.io/en/latest/api/angr.analyses.cfg.indirect_jump_resolvers.x86_elf_pic_plt.html
angr.analyses.cfg.indirect_jump_resolvers.x86_pe_iat	https://docs.angr.io/en/latest/api/angr.analyses.cfg.indirect_jump_resolvers.x86_pe_iat.html
angr.analyses.cfg.meta_structs	https://docs.angr.io/en/latest/api/angr.analyses.cfg.meta_structs.html
angr.analyses.cfg.pe_msvc_eh_structs	https://docs.angr.io/en/latest/api/angr.analyses.cfg.pe_msvc_eh_structs.html
angr.analyses.cfg_slice_to_sink.cfg_slice_to_sink	https://docs.angr.io/en/latest/api/angr.analyses.cfg_slice_to_sink.cfg_slice_to_sink.html
angr.analyses.cfg_slice_to_sink.graph	https://docs.angr.io/en/latest/api/angr.analyses.cfg_slice_to_sink.graph.html
angr.analyses.cfg_slice_to_sink	https://docs.angr.io/en/latest/api/angr.analyses.cfg_slice_to_sink.html
angr.analyses.cfg_slice_to_sink.transitions	https://docs.angr.io/en/latest/api/angr.analyses.cfg_slice_to_sink.transitions.html
angr.analyses.class_identifier	https://docs.angr.io/en/latest/api/angr.analyses.class_identifier.html
angr.analyses.code_tagging	https://docs.angr.io/en/latest/api/angr.analyses.code_tagging.html
angr.analyses.codecave	https://docs.angr.io/en/latest/api/angr.analyses.codecave.html
angr.analyses.complete_calling_conventions	https://docs.angr.io/en/latest/api/angr.analyses.complete_calling_conventions.html
angr.analyses.congruency_check	https://docs.angr.io/en/latest/api/angr.analyses.congruency_check.html
angr.analyses.data_dep.data_dependency_analysis	https://docs.angr.io/en/latest/api/angr.analyses.data_dep.data_dependency_analysis.html
angr.analyses.data_dep.dep_nodes	https://docs.angr.io/en/latest/api/angr.analyses.data_dep.dep_nodes.html
angr.analyses.data_dep	https://docs.angr.io/en/latest/api/angr.analyses.data_dep.html
angr.analyses.data_dep.sim_act_location	https://docs.angr.io/en/latest/api/angr.analyses.data_dep.sim_act_location.html
angr.analyses.datagraph_meta	https://docs.angr.io/en/latest/api/angr.analyses.datagraph_meta.html
angr.analyses.ddg	https://docs.angr.io/en/latest/api/angr.analyses.ddg.html
angr.analyses.decompiler.ail_simplifier	https://docs.angr.io/en/latest/api/angr.analyses.decompiler.ail_simplifier.html
angr.analyses.decompiler.ailgraph_walker	https://docs.angr.io/en/latest/api/angr.analyses.decompiler.ailgraph_walker.html
angr.analyses.decompiler.block_io_finder	https://docs.angr.io/en/latest/api/angr.analyses.decompiler.block_io_finder.html
angr.analyses.decompiler.block_similarity	https://docs.angr.io/en/latest/api/angr.analyses.decompiler.block_similarity.html
angr.analyses.decompiler.block_simplifier	https://docs.angr.io/en/latest/api/angr.analyses.decompiler.block_simplifier.html
angr.analyses.decompiler.block_walkers	https://docs.angr.io/en/latest/api/angr.analyses.decompiler.block_walkers.html
angr.analyses.decompiler.callsite_maker	https://docs.angr.io/en/latest/api/angr.analyses.decompiler.callsite_maker.html
angr.analyses.decompiler.ccall_rewriters.amd64_ccalls	https://docs.angr.io/en/latest/api/angr.analyses.decompiler.ccall_rewriters.amd64_ccalls.html
angr.analyses.decompiler.ccall_rewriters.arm_ccalls	https://docs.angr.io/en/latest/api/angr.analyses.decompiler.ccall_rewriters.arm_ccalls.html
angr.analyses.decompiler.ccall_rewriters	https://docs.angr.io/en/latest/api/angr.analyses.decompiler.ccall_rewriters.html
angr.analyses.decompiler.ccall_rewriters.rewriter_base	https://docs.angr.io/en/latest/api/angr.analyses.decompiler.ccall_rewriters.rewriter_base.html
angr.analyses.decompiler.ccall_rewriters.x86_ccalls	https://docs.angr.io/en/latest/api/angr.analyses.decompiler.ccall_rewriters.x86_ccalls.html
angr.analyses.decompiler.clinic	https://docs.angr.io/en/latest/api/angr.analyses.decompiler.clinic.html
angr.analyses.decompiler.condition_processor	https://docs.angr.io/en/latest/api/angr.analyses.decompiler.condition_processor.html
angr.analyses.decompiler.counters.boolean_counter	https://docs.angr.io/en/latest/api/angr.analyses.decompiler.counters.boolean_counter.html
angr.analyses.decompiler.counters.call_counter	https://docs.angr.io/en/latest/api/angr.analyses.decompiler.counters.call_counter.html
angr.analyses.decompiler.counters.expression_counters	https://docs.angr.io/en/latest/api/angr.analyses.decompiler.counters.expression_counters.html
angr.analyses.decompiler.counters	https://docs.angr.io/en/latest/api/angr.analyses.decompiler.counters.html
angr.analyses.decompiler.counters.seq_cf_structure_counter	https://docs.angr.io/en/latest/api/angr.analyses.decompiler.counters.seq_cf_structure_counter.html
angr.analyses.decompiler.decompilation_cache	https://docs.angr.io/en/latest/api/angr.analyses.decompiler.decompilation_cache.html
angr.analyses.decompiler.decompilation_options	https://docs.angr.io/en/latest/api/angr.analyses.decompiler.decompilation_options.html
angr.analyses.decompiler.decompiler	https://docs.angr.io/en/latest/api/angr.analyses.decompiler.decompiler.html
angr.analyses.decompiler.dephication.dephication_base	https://docs.angr.io/en/latest/api/angr.analyses.decompiler.dephication.dephication_base.html
angr.analyses.decompiler.dephication.graph_dephication	https://docs.angr.io/en/latest/api/angr.analyses.decompiler.dephication.graph_dephication.html
angr.analyses.decompiler.dephication.graph_rewriting	https://docs.angr.io/en/latest/api/angr.analyses.decompiler.dephication.graph_rewriting.html
angr.analyses.decompiler.dephication.graph_vvar_mapping	https://docs.angr.io/en/latest/api/angr.analyses.decompiler.dephication.graph_vvar_mapping.html
angr.analyses.decompiler.dephication	https://docs.angr.io/en/latest/api/angr.analyses.decompiler.dephication.html
angr.analyses.decompiler.dephication.rewriting_engine	https://docs.angr.io/en/latest/api/angr.analyses.decompiler.dephication.rewriting_engine.html
angr.analyses.decompiler.dephication.seqnode_dephication	https://docs.angr.io/en/latest/api/angr.analyses.decompiler.dephication.seqnode_dephication.html
angr.analyses.decompiler.dirty_rewriters.amd64_dirty	https://docs.angr.io/en/latest/api/angr.analyses.decompiler.dirty_rewriters.amd64_dirty.html
angr.analyses.decompiler.dirty_rewriters	https://docs.angr.io/en/latest/api/angr.analyses.decompiler.dirty_rewriters.html
angr.analyses.decompiler.dirty_rewriters.rewriter_base	https://docs.angr.io/en/latest/api/angr.analyses.decompiler.dirty_rewriters.rewriter_base.html
angr.analyses.decompiler.edits.cache	https://docs.angr.io/en/latest/api/angr.analyses.decompiler.edits.cache.html
angr.analyses.decompiler.edits.errors	https://docs.angr.io/en/latest/api/angr.analyses.decompiler.edits.errors.html
angr.analyses.decompiler.edits.hooks	https://docs.angr.io/en/latest/api/angr.analyses.decompiler.edits.hooks.html
angr.analyses.decompiler.edits	https://docs.angr.io/en/latest/api/angr.analyses.decompiler.edits.html
angr.analyses.decompiler.edits.ops	https://docs.angr.io/en/latest/api/angr.analyses.decompiler.edits.ops.html
angr.analyses.decompiler.edits.resolve	https://docs.angr.io/en/latest/api/angr.analyses.decompiler.edits.resolve.html
angr.analyses.decompiler.edits.results	https://docs.angr.io/en/latest/api/angr.analyses.decompiler.edits.results.html
angr.analyses.decompiler.empty_node_remover	https://docs.angr.io/en/latest/api/angr.analyses.decompiler.empty_node_remover.html
angr.analyses.decompiler.expression_narrower	https://docs.angr.io/en/latest/api/angr.analyses.decompiler.expression_narrower.html
angr.analyses.decompiler.goto_manager	https://docs.angr.io/en/latest/api/angr.analyses.decompiler.goto_manager.html
angr.analyses.decompiler	https://docs.angr.io/en/latest/api/angr.analyses.decompiler.html
angr.analyses.decompiler.jump_target_collector	https://docs.angr.io/en/latest/api/angr.analyses.decompiler.jump_target_collector.html
angr.analyses.decompiler.jumptable_entry_condition_rewriter	https://docs.angr.io/en/latest/api/angr.analyses.decompiler.jumptable_entry_condition_rewriter.html
angr.analyses.decompiler.label_collector	https://docs.angr.io/en/latest/api/angr.analyses.decompiler.label_collector.html
angr.analyses.decompiler.node_replacer	https://docs.angr.io/en/latest/api/angr.analyses.decompiler.node_replacer.html
angr.analyses.decompiler.notes.decompilation_note	https://docs.angr.io/en/latest/api/angr.analyses.decompiler.notes.decompilation_note.html
angr.analyses.decompiler.notes.deobfuscated_strings	https://docs.angr.io/en/latest/api/angr.analyses.decompiler.notes.deobfuscated_strings.html
angr.analyses.decompiler.notes	https://docs.angr.io/en/latest/api/angr.analyses.decompiler.notes.html
angr.analyses.decompiler.optimization_pass_registry	https://docs.angr.io/en/latest/api/angr.analyses.decompiler.optimization_pass_registry.html
angr.analyses.decompiler.optimization_passes.base_ptr_save_simplifier	https://docs.angr.io/en/latest/api/angr.analyses.decompiler.optimization_passes.base_ptr_save_simplifier.html
angr.analyses.decompiler.optimization_passes.call_stmt_rewriter	https://docs.angr.io/en/latest/api/angr.analyses.decompiler.optimization_passes.call_stmt_rewriter.html
angr.analyses.decompiler.optimization_passes.code_motion	https://docs.angr.io/en/latest/api/angr.analyses.decompiler.optimization_passes.code_motion.html
angr.analyses.decompiler.optimization_passes.condition_constprop	https://docs.angr.io/en/latest/api/angr.analyses.decompiler.optimization_passes.condition_constprop.html
angr.analyses.decompiler.optimization_passes.const_derefs	https://docs.angr.io/en/latest/api/angr.analyses.decompiler.optimization_passes.const_derefs.html
angr.analyses.decompiler.optimization_passes.const_prop_reverter	https://docs.angr.io/en/latest/api/angr.analyses.decompiler.optimization_passes.const_prop_reverter.html
angr.analyses.decompiler.optimization_passes.cross_jump_reverter	https://docs.angr.io/en/latest/api/angr.analyses.decompiler.optimization_passes.cross_jump_reverter.html
angr.analyses.decompiler.optimization_passes.deadblock_remover	https://docs.angr.io/en/latest/api/angr.analyses.decompiler.optimization_passes.deadblock_remover.html
angr.analyses.decompiler.optimization_passes.determine_load_sizes	https://docs.angr.io/en/latest/api/angr.analyses.decompiler.optimization_passes.determine_load_sizes.html
angr.analyses.decompiler.optimization_passes.div_simplifier	https://docs.angr.io/en/latest/api/angr.analyses.decompiler.optimization_passes.div_simplifier.html
angr.analyses.decompiler.optimization_passes.duplication_reverter.ail_merge_graph	https://docs.angr.io/en/latest/api/angr.analyses.decompiler.optimization_passes.duplication_reverter.ail_merge_graph.html
angr.analyses.decompiler.optimization_passes.duplication_reverter.duplication_reverter	https://docs.angr.io/en/latest/api/angr.analyses.decompiler.optimization_passes.duplication_reverter.duplication_reverter.html
angr.analyses.decompiler.optimization_passes.duplication_reverter.errors	https://docs.angr.io/en/latest/api/angr.analyses.decompiler.optimization_passes.duplication_reverter.errors.html
angr.analyses.decompiler.optimization_passes.duplication_reverter	https://docs.angr.io/en/latest/api/angr.analyses.decompiler.optimization_passes.duplication_reverter.html
angr.analyses.decompiler.optimization_passes.duplication_reverter.similarity	https://docs.angr.io/en/latest/api/angr.analyses.decompiler.optimization_passes.duplication_reverter.similarity.html
angr.analyses.decompiler.optimization_passes.duplication_reverter.utils	https://docs.angr.io/en/latest/api/angr.analyses.decompiler.optimization_passes.duplication_reverter.utils.html
angr.analyses.decompiler.optimization_passes.eager_std_string_concatenation	https://docs.angr.io/en/latest/api/angr.analyses.decompiler.optimization_passes.eager_std_string_concatenation.html
angr.analyses.decompiler.optimization_passes.eager_std_string_eval	https://docs.angr.io/en/latest/api/angr.analyses.decompiler.optimization_passes.eager_std_string_eval.html
angr.analyses.decompiler.optimization_passes.engine_base	https://docs.angr.io/en/latest/api/angr.analyses.decompiler.optimization_passes.engine_base.html
angr.analyses.decompiler.optimization_passes.expr_op_swapper	https://docs.angr.io/en/latest/api/angr.analyses.decompiler.optimization_passes.expr_op_swapper.html
angr.analyses.decompiler.optimization_passes.flip_boolean_cmp	https://docs.angr.io/en/latest/api/angr.analyses.decompiler.optimization_passes.flip_boolean_cmp.html
angr.analyses.decompiler.optimization_passes	https://docs.angr.io/en/latest/api/angr.analyses.decompiler.optimization_passes.html
angr.analyses.decompiler.optimization_passes.inlined_memcpy_simplifier	https://docs.angr.io/en/latest/api/angr.analyses.decompiler.optimization_passes.inlined_memcpy_simplifier.html
angr.analyses.decompiler.optimization_passes.inlined_memset_simplifier	https://docs.angr.io/en/latest/api/angr.analyses.decompiler.optimization_passes.inlined_memset_simplifier.html
angr.analyses.decompiler.optimization_passes.inlined_strcpy_simplifier	https://docs.angr.io/en/latest/api/angr.analyses.decompiler.optimization_passes.inlined_strcpy_simplifier.html
angr.analyses.decompiler.optimization_passes.inlined_string_transformation_simplifier	https://docs.angr.io/en/latest/api/angr.analyses.decompiler.optimization_passes.inlined_string_transformation_simplifier.html
angr.analyses.decompiler.optimization_passes.inlined_strlen_simplifier	https://docs.angr.io/en/latest/api/angr.analyses.decompiler.optimization_passes.inlined_strlen_simplifier.html
angr.analyses.decompiler.optimization_passes.inlined_wcscpy_simplifier	https://docs.angr.io/en/latest/api/angr.analyses.decompiler.optimization_passes.inlined_wcscpy_simplifier.html
angr.analyses.decompiler.optimization_passes.ite_expr_converter	https://docs.angr.io/en/latest/api/angr.analyses.decompiler.optimization_passes.ite_expr_converter.html
angr.analyses.decompiler.optimization_passes.ite_region_converter	https://docs.angr.io/en/latest/api/angr.analyses.decompiler.optimization_passes.ite_region_converter.html
angr.analyses.decompiler.optimization_passes.lowered_switch_simplifier	https://docs.angr.io/en/latest/api/angr.analyses.decompiler.optimization_passes.lowered_switch_simplifier.html
angr.analyses.decompiler.optimization_passes.mips_gp_setting_simplifier	https://docs.angr.io/en/latest/api/angr.analyses.decompiler.optimization_passes.mips_gp_setting_simplifier.html
angr.analyses.decompiler.optimization_passes.mod_simplifier	https://docs.angr.io/en/latest/api/angr.analyses.decompiler.optimization_passes.mod_simplifier.html
angr.analyses.decompiler.optimization_passes.optimization_pass	https://docs.angr.io/en/latest/api/angr.analyses.decompiler.optimization_passes.optimization_pass.html
angr.analyses.decompiler.optimization_passes.peephole_simplifier	https://docs.angr.io/en/latest/api/angr.analyses.decompiler.optimization_passes.peephole_simplifier.html
angr.analyses.decompiler.optimization_passes.register_save_area_simplifier	https://docs.angr.io/en/latest/api/angr.analyses.decompiler.optimization_passes.register_save_area_simplifier.html
angr.analyses.decompiler.optimization_passes.register_save_area_simplifier_adv	https://docs.angr.io/en/latest/api/angr.analyses.decompiler.optimization_passes.register_save_area_simplifier_adv.html
angr.analyses.decompiler.optimization_passes.ret_addr_save_simplifier	https://docs.angr.io/en/latest/api/angr.analyses.decompiler.optimization_passes.ret_addr_save_simplifier.html
angr.analyses.decompiler.optimization_passes.ret_deduplicator	https://docs.angr.io/en/latest/api/angr.analyses.decompiler.optimization_passes.ret_deduplicator.html
angr.analyses.decompiler.optimization_passes.return_duplicator_base	https://docs.angr.io/en/latest/api/angr.analyses.decompiler.optimization_passes.return_duplicator_base.html
angr.analyses.decompiler.optimization_passes.return_duplicator_high	https://docs.angr.io/en/latest/api/angr.analyses.decompiler.optimization_passes.return_duplicator_high.html
angr.analyses.decompiler.optimization_passes.return_duplicator_low	https://docs.angr.io/en/latest/api/angr.analyses.decompiler.optimization_passes.return_duplicator_low.html
angr.analyses.decompiler.optimization_passes.stack_canary_simplifier	https://docs.angr.io/en/latest/api/angr.analyses.decompiler.optimization_passes.stack_canary_simplifier.html
angr.analyses.decompiler.optimization_passes.static_vvar_rewriter	https://docs.angr.io/en/latest/api/angr.analyses.decompiler.optimization_passes.static_vvar_rewriter.html
angr.analyses.decompiler.optimization_passes.switch_default_case_duplicator	https://docs.angr.io/en/latest/api/angr.analyses.decompiler.optimization_passes.switch_default_case_duplicator.html
angr.analyses.decompiler.optimization_passes.switch_reused_entry_rewriter	https://docs.angr.io/en/latest/api/angr.analyses.decompiler.optimization_passes.switch_reused_entry_rewriter.html
angr.analyses.decompiler.optimization_passes.tag_slicer	https://docs.angr.io/en/latest/api/angr.analyses.decompiler.optimization_passes.tag_slicer.html
angr.analyses.decompiler.optimization_passes.win_stack_canary_simplifier	https://docs.angr.io/en/latest/api/angr.analyses.decompiler.optimization_passes.win_stack_canary_simplifier.html
angr.analyses.decompiler.optimization_passes.x86_gcc_getpc_simplifier	https://docs.angr.io/en/latest/api/angr.analyses.decompiler.optimization_passes.x86_gcc_getpc_simplifier.html
angr.analyses.decompiler.peephole_optimizations.a_div_const_add_a_mul_n_div_const	https://docs.angr.io/en/latest/api/angr.analyses.decompiler.peephole_optimizations.a_div_const_add_a_mul_n_div_const.html
angr.analyses.decompiler.peephole_optimizations.a_mul_const_div_shr_const	https://docs.angr.io/en/latest/api/angr.analyses.decompiler.peephole_optimizations.a_mul_const_div_shr_const.html
angr.analyses.decompiler.peephole_optimizations.a_mul_const_sub_a	https://docs.angr.io/en/latest/api/angr.analyses.decompiler.peephole_optimizations.a_mul_const_sub_a.html
angr.analyses.decompiler.peephole_optimizations.a_shl_const_sub_a	https://docs.angr.io/en/latest/api/angr.analyses.decompiler.peephole_optimizations.a_shl_const_sub_a.html
angr.analyses.decompiler.peephole_optimizations.a_sub_a_div	https://docs.angr.io/en/latest/api/angr.analyses.decompiler.peephole_optimizations.a_sub_a_div.html
angr.analyses.decompiler.peephole_optimizations.a_sub_a_shr_const_shr_const	https://docs.angr.io/en/latest/api/angr.analyses.decompiler.peephole_optimizations.a_sub_a_shr_const_shr_const.html
angr.analyses.decompiler.peephole_optimizations.a_sub_a_sub_n	https://docs.angr.io/en/latest/api/angr.analyses.decompiler.peephole_optimizations.a_sub_a_sub_n.html
angr.analyses.decompiler.peephole_optimizations.arm_cmpf	https://docs.angr.io/en/latest/api/angr.analyses.decompiler.peephole_optimizations.arm_cmpf.html
angr.analyses.decompiler.peephole_optimizations.base	https://docs.angr.io/en/latest/api/angr.analyses.decompiler.peephole_optimizations.base.html
angr.analyses.decompiler.peephole_optimizations.basepointeroffset_add_n	https://docs.angr.io/en/latest/api/angr.analyses.decompiler.peephole_optimizations.basepointeroffset_add_n.html
angr.analyses.decompiler.peephole_optimizations.basepointeroffset_and_mask	https://docs.angr.io/en/latest/api/angr.analyses.decompiler.peephole_optimizations.basepointeroffset_and_mask.html
angr.analyses.decompiler.peephole_optimizations.bitwise_inserts	https://docs.angr.io/en/latest/api/angr.analyses.decompiler.peephole_optimizations.bitwise_inserts.html
angr.analyses.decompiler.peephole_optimizations.bitwise_or_to_logical_or	https://docs.angr.io/en/latest/api/angr.analyses.decompiler.peephole_optimizations.bitwise_or_to_logical_or.html
angr.analyses.decompiler.peephole_optimizations.bool_expr_xor_1	https://docs.angr.io/en/latest/api/angr.analyses.decompiler.peephole_optimizations.bool_expr_xor_1.html
angr.analyses.decompiler.peephole_optimizations.bswap	https://docs.angr.io/en/latest/api/angr.analyses.decompiler.peephole_optimizations.bswap.html
angr.analyses.decompiler.peephole_optimizations.bt_rflags_merge	https://docs.angr.io/en/latest/api/angr.analyses.decompiler.peephole_optimizations.bt_rflags_merge.html
angr.analyses.decompiler.peephole_optimizations.cas_intrinsics	https://docs.angr.io/en/latest/api/angr.analyses.decompiler.peephole_optimizations.cas_intrinsics.html
angr.analyses.decompiler.peephole_optimizations.cmp_masked_shift	https://docs.angr.io/en/latest/api/angr.analyses.decompiler.peephole_optimizations.cmp_masked_shift.html
angr.analyses.decompiler.peephole_optimizations.cmp_sub_const	https://docs.angr.io/en/latest/api/angr.analyses.decompiler.peephole_optimizations.cmp_sub_const.html
angr.analyses.decompiler.peephole_optimizations.cmpord_rewriter	https://docs.angr.io/en/latest/api/angr.analyses.decompiler.peephole_optimizations.cmpord_rewriter.html
angr.analyses.decompiler.peephole_optimizations.coalesce_adjacent_shrs	https://docs.angr.io/en/latest/api/angr.analyses.decompiler.peephole_optimizations.coalesce_adjacent_shrs.html
angr.analyses.decompiler.peephole_optimizations.coalesce_same_cascading_ifs	https://docs.angr.io/en/latest/api/angr.analyses.decompiler.peephole_optimizations.coalesce_same_cascading_ifs.html
angr.analyses.decompiler.peephole_optimizations.concat_simplifier	https://docs.angr.io/en/latest/api/angr.analyses.decompiler.peephole_optimizations.concat_simplifier.html
angr.analyses.decompiler.peephole_optimizations.constant_derefs	https://docs.angr.io/en/latest/api/angr.analyses.decompiler.peephole_optimizations.constant_derefs.html
angr.analyses.decompiler.peephole_optimizations.conv_a_sub0_shr_and	https://docs.angr.io/en/latest/api/angr.analyses.decompiler.peephole_optimizations.conv_a_sub0_shr_and.html
angr.analyses.decompiler.peephole_optimizations.conv_shl_shr	https://docs.angr.io/en/latest/api/angr.analyses.decompiler.peephole_optimizations.conv_shl_shr.html
angr.analyses.decompiler.peephole_optimizations.eager_eval	https://docs.angr.io/en/latest/api/angr.analyses.decompiler.peephole_optimizations.eager_eval.html
angr.analyses.decompiler.peephole_optimizations.evaluate_const_conversions	https://docs.angr.io/en/latest/api/angr.analyses.decompiler.peephole_optimizations.evaluate_const_conversions.html
angr.analyses.decompiler.peephole_optimizations.extended_byte_and_mask	https://docs.angr.io/en/latest/api/angr.analyses.decompiler.peephole_optimizations.extended_byte_and_mask.html
angr.analyses.decompiler.peephole_optimizations	https://docs.angr.io/en/latest/api/angr.analyses.decompiler.peephole_optimizations.html
angr.analyses.decompiler.peephole_optimizations.inlined_strcpy	https://docs.angr.io/en/latest/api/angr.analyses.decompiler.peephole_optimizations.inlined_strcpy.html
angr.analyses.decompiler.peephole_optimizations.inlined_strcpy_consolidation	https://docs.angr.io/en/latest/api/angr.analyses.decompiler.peephole_optimizations.inlined_strcpy_consolidation.html
angr.analyses.decompiler.peephole_optimizations.invert_negated_logical_conjuction_disjunction	https://docs.angr.io/en/latest/api/angr.analyses.decompiler.peephole_optimizations.invert_negated_logical_conjuction_disjunction.html
angr.analyses.decompiler.peephole_optimizations.modulo_simplifier	https://docs.angr.io/en/latest/api/angr.analyses.decompiler.peephole_optimizations.modulo_simplifier.html
angr.analyses.decompiler.peephole_optimizations.one_sub_bool	https://docs.angr.io/en/latest/api/angr.analyses.decompiler.peephole_optimizations.one_sub_bool.html
angr.analyses.decompiler.peephole_optimizations.optimized_div_simplifier	https://docs.angr.io/en/latest/api/angr.analyses.decompiler.peephole_optimizations.optimized_div_simplifier.html
angr.analyses.decompiler.peephole_optimizations.remove_cascading_conversions	https://docs.angr.io/en/latest/api/angr.analyses.decompiler.peephole_optimizations.remove_cascading_conversions.html
angr.analyses.decompiler.peephole_optimizations.remove_const_insert	https://docs.angr.io/en/latest/api/angr.analyses.decompiler.peephole_optimizations.remove_const_insert.html
angr.analyses.decompiler.peephole_optimizations.remove_cxx_destructor_calls	https://docs.angr.io/en/latest/api/angr.analyses.decompiler.peephole_optimizations.remove_cxx_destructor_calls.html
angr.analyses.decompiler.peephole_optimizations.remove_empty_if_body	https://docs.angr.io/en/latest/api/angr.analyses.decompiler.peephole_optimizations.remove_empty_if_body.html
angr.analyses.decompiler.peephole_optimizations.remove_noop_conversions	https://docs.angr.io/en/latest/api/angr.analyses.decompiler.peephole_optimizations.remove_noop_conversions.html
angr.analyses.decompiler.peephole_optimizations.remove_redundant_bitmasks	https://docs.angr.io/en/latest/api/angr.analyses.decompiler.peephole_optimizations.remove_redundant_bitmasks.html
angr.analyses.decompiler.peephole_optimizations.remove_redundant_conversions	https://docs.angr.io/en/latest/api/angr.analyses.decompiler.peephole_optimizations.remove_redundant_conversions.html
angr.analyses.decompiler.peephole_optimizations.remove_redundant_derefs	https://docs.angr.io/en/latest/api/angr.analyses.decompiler.peephole_optimizations.remove_redundant_derefs.html
angr.analyses.decompiler.peephole_optimizations.remove_redundant_insert	https://docs.angr.io/en/latest/api/angr.analyses.decompiler.peephole_optimizations.remove_redundant_insert.html
angr.analyses.decompiler.peephole_optimizations.remove_redundant_ite_branch	https://docs.angr.io/en/latest/api/angr.analyses.decompiler.peephole_optimizations.remove_redundant_ite_branch.html
angr.analyses.decompiler.peephole_optimizations.remove_redundant_ite_comparisons	https://docs.angr.io/en/latest/api/angr.analyses.decompiler.peephole_optimizations.remove_redundant_ite_comparisons.html
angr.analyses.decompiler.peephole_optimizations.remove_redundant_nots	https://docs.angr.io/en/latest/api/angr.analyses.decompiler.peephole_optimizations.remove_redundant_nots.html
angr.analyses.decompiler.peephole_optimizations.remove_redundant_reinterprets	https://docs.angr.io/en/latest/api/angr.analyses.decompiler.peephole_optimizations.remove_redundant_reinterprets.html
angr.analyses.decompiler.peephole_optimizations.remove_redundant_shifts	https://docs.angr.io/en/latest/api/angr.analyses.decompiler.peephole_optimizations.remove_redundant_shifts.html
angr.analyses.decompiler.peephole_optimizations.remove_redundant_shifts_around_comparators	https://docs.angr.io/en/latest/api/angr.analyses.decompiler.peephole_optimizations.remove_redundant_shifts_around_comparators.html
angr.analyses.decompiler.peephole_optimizations.rewrite_bit_extractions	https://docs.angr.io/en/latest/api/angr.analyses.decompiler.peephole_optimizations.rewrite_bit_extractions.html
angr.analyses.decompiler.peephole_optimizations.rewrite_conv_mul	https://docs.angr.io/en/latest/api/angr.analyses.decompiler.peephole_optimizations.rewrite_conv_mul.html
angr.analyses.decompiler.peephole_optimizations.rewrite_cxx_operator_calls	https://docs.angr.io/en/latest/api/angr.analyses.decompiler.peephole_optimizations.rewrite_cxx_operator_calls.html
angr.analyses.decompiler.peephole_optimizations.rewrite_mips_gp_loads	https://docs.angr.io/en/latest/api/angr.analyses.decompiler.peephole_optimizations.rewrite_mips_gp_loads.html
angr.analyses.decompiler.peephole_optimizations.rol_ror	https://docs.angr.io/en/latest/api/angr.analyses.decompiler.peephole_optimizations.rol_ror.html
angr.analyses.decompiler.peephole_optimizations.sar_to_signed_div	https://docs.angr.io/en/latest/api/angr.analyses.decompiler.peephole_optimizations.sar_to_signed_div.html
angr.analyses.decompiler.peephole_optimizations.shl_to_mul	https://docs.angr.io/en/latest/api/angr.analyses.decompiler.peephole_optimizations.shl_to_mul.html
angr.analyses.decompiler.peephole_optimizations.simplify_pc_relative_loads	https://docs.angr.io/en/latest/api/angr.analyses.decompiler.peephole_optimizations.simplify_pc_relative_loads.html
angr.analyses.decompiler.peephole_optimizations.single_bit_cond_to_boolexpr	https://docs.angr.io/en/latest/api/angr.analyses.decompiler.peephole_optimizations.single_bit_cond_to_boolexpr.html
angr.analyses.decompiler.peephole_optimizations.single_bit_xor	https://docs.angr.io/en/latest/api/angr.analyses.decompiler.peephole_optimizations.single_bit_xor.html
angr.analyses.decompiler.peephole_optimizations.tidy_stack_addr	https://docs.angr.io/en/latest/api/angr.analyses.decompiler.peephole_optimizations.tidy_stack_addr.html
angr.analyses.decompiler.peephole_optimizations.utils	https://docs.angr.io/en/latest/api/angr.analyses.decompiler.peephole_optimizations.utils.html
angr.analyses.decompiler.presets	https://docs.angr.io/en/latest/api/angr.analyses.decompiler.presets.html
angr.analyses.decompiler.presets.preset	https://docs.angr.io/en/latest/api/angr.analyses.decompiler.presets.preset.html
angr.analyses.decompiler.redundant_label_remover	https://docs.angr.io/en/latest/api/angr.analyses.decompiler.redundant_label_remover.html
angr.analyses.decompiler.region_identifier	https://docs.angr.io/en/latest/api/angr.analyses.decompiler.region_identifier.html
angr.analyses.decompiler.region_overlay	https://docs.angr.io/en/latest/api/angr.analyses.decompiler.region_overlay.html
angr.analyses.decompiler.region_simplifiers.cascading_cond_transformer	https://docs.angr.io/en/latest/api/angr.analyses.decompiler.region_simplifiers.cascading_cond_transformer.html
angr.analyses.decompiler.region_simplifiers.cascading_ifs	https://docs.angr.io/en/latest/api/angr.analyses.decompiler.region_simplifiers.cascading_ifs.html
angr.analyses.decompiler.region_simplifiers.expr_folding	https://docs.angr.io/en/latest/api/angr.analyses.decompiler.region_simplifiers.expr_folding.html
angr.analyses.decompiler.region_simplifiers.goto	https://docs.angr.io/en/latest/api/angr.analyses.decompiler.region_simplifiers.goto.html
angr.analyses.decompiler.region_simplifiers	https://docs.angr.io/en/latest/api/angr.analyses.decompiler.region_simplifiers.html
angr.analyses.decompiler.region_simplifiers.if\_	https://docs.angr.io/en/latest/api/angr.analyses.decompiler.region_simplifiers.if_.html
angr.analyses.decompiler.region_simplifiers.ifelse	https://docs.angr.io/en/latest/api/angr.analyses.decompiler.region_simplifiers.ifelse.html
angr.analyses.decompiler.region_simplifiers.loop	https://docs.angr.io/en/latest/api/angr.analyses.decompiler.region_simplifiers.loop.html
angr.analyses.decompiler.region_simplifiers.node_address_finder	https://docs.angr.io/en/latest/api/angr.analyses.decompiler.region_simplifiers.node_address_finder.html
angr.analyses.decompiler.region_simplifiers.region_simplifier	https://docs.angr.io/en/latest/api/angr.analyses.decompiler.region_simplifiers.region_simplifier.html
angr.analyses.decompiler.region_simplifiers.switch_cluster_simplifier	https://docs.angr.io/en/latest/api/angr.analyses.decompiler.region_simplifiers.switch_cluster_simplifier.html
angr.analyses.decompiler.region_simplifiers.switch_expr_simplifier	https://docs.angr.io/en/latest/api/angr.analyses.decompiler.region_simplifiers.switch_expr_simplifier.html
angr.analyses.decompiler.region_walker	https://docs.angr.io/en/latest/api/angr.analyses.decompiler.region_walker.html
angr.analyses.decompiler.return_maker	https://docs.angr.io/en/latest/api/angr.analyses.decompiler.return_maker.html
angr.analyses.decompiler.semantic_naming.array_index_naming	https://docs.angr.io/en/latest/api/angr.analyses.decompiler.semantic_naming.array_index_naming.html
angr.analyses.decompiler.semantic_naming.boolean_naming	https://docs.angr.io/en/latest/api/angr.analyses.decompiler.semantic_naming.boolean_naming.html
angr.analyses.decompiler.semantic_naming.call_result_naming	https://docs.angr.io/en/latest/api/angr.analyses.decompiler.semantic_naming.call_result_naming.html
angr.analyses.decompiler.semantic_naming	https://docs.angr.io/en/latest/api/angr.analyses.decompiler.semantic_naming.html
angr.analyses.decompiler.semantic_naming.naming_base	https://docs.angr.io/en/latest/api/angr.analyses.decompiler.semantic_naming.naming_base.html
angr.analyses.decompiler.semantic_naming.orchestrator	https://docs.angr.io/en/latest/api/angr.analyses.decompiler.semantic_naming.orchestrator.html
angr.analyses.decompiler.semantic_naming.pointer_naming	https://docs.angr.io/en/latest/api/angr.analyses.decompiler.semantic_naming.pointer_naming.html
angr.analyses.decompiler.semantic_naming.region_loop_counter_naming	https://docs.angr.io/en/latest/api/angr.analyses.decompiler.semantic_naming.region_loop_counter_naming.html
angr.analyses.decompiler.semantic_naming.size_naming	https://docs.angr.io/en/latest/api/angr.analyses.decompiler.semantic_naming.size_naming.html
angr.analyses.decompiler.seq_to_blocks	https://docs.angr.io/en/latest/api/angr.analyses.decompiler.seq_to_blocks.html
angr.analyses.decompiler.sequence_walker	https://docs.angr.io/en/latest/api/angr.analyses.decompiler.sequence_walker.html
angr.analyses.decompiler.ssailification	https://docs.angr.io/en/latest/api/angr.analyses.decompiler.ssailification.html
angr.analyses.decompiler.ssailification.rewriting	https://docs.angr.io/en/latest/api/angr.analyses.decompiler.ssailification.rewriting.html
angr.analyses.decompiler.ssailification.rewriting_engine	https://docs.angr.io/en/latest/api/angr.analyses.decompiler.ssailification.rewriting_engine.html
angr.analyses.decompiler.ssailification.rewriting_state	https://docs.angr.io/en/latest/api/angr.analyses.decompiler.ssailification.rewriting_state.html
angr.analyses.decompiler.ssailification.ssailification	https://docs.angr.io/en/latest/api/angr.analyses.decompiler.ssailification.ssailification.html
angr.analyses.decompiler.ssailification.traversal	https://docs.angr.io/en/latest/api/angr.analyses.decompiler.ssailification.traversal.html
angr.analyses.decompiler.ssailification.traversal_engine	https://docs.angr.io/en/latest/api/angr.analyses.decompiler.ssailification.traversal_engine.html
angr.analyses.decompiler.ssailification.traversal_state	https://docs.angr.io/en/latest/api/angr.analyses.decompiler.ssailification.traversal_state.html
angr.analyses.decompiler.stack_item	https://docs.angr.io/en/latest/api/angr.analyses.decompiler.stack_item.html
angr.analyses.decompiler.stackarg_offset_manager	https://docs.angr.io/en/latest/api/angr.analyses.decompiler.stackarg_offset_manager.html
angr.analyses.decompiler.structured_codegen.base	https://docs.angr.io/en/latest/api/angr.analyses.decompiler.structured_codegen.base.html
angr.analyses.decompiler.structured_codegen.c	https://docs.angr.io/en/latest/api/angr.analyses.decompiler.structured_codegen.c.html
angr.analyses.decompiler.structured_codegen.c_serialize	https://docs.angr.io/en/latest/api/angr.analyses.decompiler.structured_codegen.c_serialize.html
angr.analyses.decompiler.structured_codegen.dummy	https://docs.angr.io/en/latest/api/angr.analyses.decompiler.structured_codegen.dummy.html
angr.analyses.decompiler.structured_codegen.dwarf_import	https://docs.angr.io/en/latest/api/angr.analyses.decompiler.structured_codegen.dwarf_import.html
angr.analyses.decompiler.structured_codegen	https://docs.angr.io/en/latest/api/angr.analyses.decompiler.structured_codegen.html
angr.analyses.decompiler.structured_codegen.rust	https://docs.angr.io/en/latest/api/angr.analyses.decompiler.structured_codegen.rust.html
angr.analyses.decompiler.structurer_nodes	https://docs.angr.io/en/latest/api/angr.analyses.decompiler.structurer_nodes.html
angr.analyses.decompiler.structuring.dream	https://docs.angr.io/en/latest/api/angr.analyses.decompiler.structuring.dream.html
angr.analyses.decompiler.structuring	https://docs.angr.io/en/latest/api/angr.analyses.decompiler.structuring.html
angr.analyses.decompiler.structuring.phoenix	https://docs.angr.io/en/latest/api/angr.analyses.decompiler.structuring.phoenix.html
angr.analyses.decompiler.structuring.recursive_structurer	https://docs.angr.io/en/latest/api/angr.analyses.decompiler.structuring.recursive_structurer.html
angr.analyses.decompiler.structuring.sailr	https://docs.angr.io/en/latest/api/angr.analyses.decompiler.structuring.sailr.html
angr.analyses.decompiler.structuring.structurer_base	https://docs.angr.io/en/latest/api/angr.analyses.decompiler.structuring.structurer_base.html
angr.analyses.decompiler.utils	https://docs.angr.io/en/latest/api/angr.analyses.decompiler.utils.html
angr.analyses.decompiler.variable_map	https://docs.angr.io/en/latest/api/angr.analyses.decompiler.variable_map.html
angr.analyses.deobfuscator.api_obf_finder	https://docs.angr.io/en/latest/api/angr.analyses.deobfuscator.api_obf_finder.html
angr.analyses.deobfuscator.api_obf_peephole_optimizer	https://docs.angr.io/en/latest/api/angr.analyses.deobfuscator.api_obf_peephole_optimizer.html
angr.analyses.deobfuscator.api_obf_type2_finder	https://docs.angr.io/en/latest/api/angr.analyses.deobfuscator.api_obf_type2_finder.html
angr.analyses.deobfuscator.data_transformation_embedder	https://docs.angr.io/en/latest/api/angr.analyses.deobfuscator.data_transformation_embedder.html
angr.analyses.deobfuscator.hash_lookup_api_deobfuscator	https://docs.angr.io/en/latest/api/angr.analyses.deobfuscator.hash_lookup_api_deobfuscator.html
angr.analyses.deobfuscator	https://docs.angr.io/en/latest/api/angr.analyses.deobfuscator.html
angr.analyses.deobfuscator.irsb_reg_collector	https://docs.angr.io/en/latest/api/angr.analyses.deobfuscator.irsb_reg_collector.html
angr.analyses.deobfuscator.scope_ops_analyzer	https://docs.angr.io/en/latest/api/angr.analyses.deobfuscator.scope_ops_analyzer.html
angr.analyses.deobfuscator.string_obf_finder	https://docs.angr.io/en/latest/api/angr.analyses.deobfuscator.string_obf_finder.html
angr.analyses.deobfuscator.string_obf_opt_passes	https://docs.angr.io/en/latest/api/angr.analyses.deobfuscator.string_obf_opt_passes.html
angr.analyses.deobfuscator.string_obf_peephole_optimizer	https://docs.angr.io/en/latest/api/angr.analyses.deobfuscator.string_obf_peephole_optimizer.html
angr.analyses.disassembly	https://docs.angr.io/en/latest/api/angr.analyses.disassembly.html
angr.analyses.disassembly_utils	https://docs.angr.io/en/latest/api/angr.analyses.disassembly_utils.html
angr.analyses.dominance_frontier	https://docs.angr.io/en/latest/api/angr.analyses.dominance_frontier.html
angr.analyses.fcp.fcp	https://docs.angr.io/en/latest/api/angr.analyses.fcp.fcp.html
angr.analyses.fcp	https://docs.angr.io/en/latest/api/angr.analyses.fcp.html
angr.analyses.find_objects_static	https://docs.angr.io/en/latest/api/angr.analyses.find_objects_static.html
angr.analyses.flirt.consts	https://docs.angr.io/en/latest/api/angr.analyses.flirt.consts.html
angr.analyses.flirt.flirt	https://docs.angr.io/en/latest/api/angr.analyses.flirt.flirt.html
angr.analyses.flirt.flirt_function	https://docs.angr.io/en/latest/api/angr.analyses.flirt.flirt_function.html
angr.analyses.flirt.flirt_matcher	https://docs.angr.io/en/latest/api/angr.analyses.flirt.flirt_matcher.html
angr.analyses.flirt.flirt_module	https://docs.angr.io/en/latest/api/angr.analyses.flirt.flirt_module.html
angr.analyses.flirt.flirt_node	https://docs.angr.io/en/latest/api/angr.analyses.flirt.flirt_node.html
angr.analyses.flirt.flirt_sig	https://docs.angr.io/en/latest/api/angr.analyses.flirt.flirt_sig.html
angr.analyses.flirt.flirt_utils	https://docs.angr.io/en/latest/api/angr.analyses.flirt.flirt_utils.html
angr.analyses.flirt	https://docs.angr.io/en/latest/api/angr.analyses.flirt.html
angr.analyses.forward_analysis.forward_analysis	https://docs.angr.io/en/latest/api/angr.analyses.forward_analysis.forward_analysis.html
angr.analyses.forward_analysis	https://docs.angr.io/en/latest/api/angr.analyses.forward_analysis.html
angr.analyses.forward_analysis.job_info	https://docs.angr.io/en/latest/api/angr.analyses.forward_analysis.job_info.html
angr.analyses.forward_analysis.visitors.call_graph	https://docs.angr.io/en/latest/api/angr.analyses.forward_analysis.visitors.call_graph.html
angr.analyses.forward_analysis.visitors.function_graph	https://docs.angr.io/en/latest/api/angr.analyses.forward_analysis.visitors.function_graph.html
angr.analyses.forward_analysis.visitors.graph	https://docs.angr.io/en/latest/api/angr.analyses.forward_analysis.visitors.graph.html
angr.analyses.forward_analysis.visitors	https://docs.angr.io/en/latest/api/angr.analyses.forward_analysis.visitors.html
angr.analyses.forward_analysis.visitors.loop	https://docs.angr.io/en/latest/api/angr.analyses.forward_analysis.visitors.loop.html
angr.analyses.forward_analysis.visitors.single_node_graph	https://docs.angr.io/en/latest/api/angr.analyses.forward_analysis.visitors.single_node_graph.html
angr.analyses	https://docs.angr.io/en/latest/api/angr.analyses.html
angr.analyses.identifier.custom_callable	https://docs.angr.io/en/latest/api/angr.analyses.identifier.custom_callable.html
angr.analyses.identifier.errors	https://docs.angr.io/en/latest/api/angr.analyses.identifier.errors.html
angr.analyses.identifier.func	https://docs.angr.io/en/latest/api/angr.analyses.identifier.func.html
angr.analyses.identifier.functions.atoi	https://docs.angr.io/en/latest/api/angr.analyses.identifier.functions.atoi.html
angr.analyses.identifier.functions.based_atoi	https://docs.angr.io/en/latest/api/angr.analyses.identifier.functions.based_atoi.html
angr.analyses.identifier.functions.fdprintf	https://docs.angr.io/en/latest/api/angr.analyses.identifier.functions.fdprintf.html
angr.analyses.identifier.functions.free	https://docs.angr.io/en/latest/api/angr.analyses.identifier.functions.free.html
angr.analyses.identifier.functions	https://docs.angr.io/en/latest/api/angr.analyses.identifier.functions.html
angr.analyses.identifier.functions.int2str	https://docs.angr.io/en/latest/api/angr.analyses.identifier.functions.int2str.html
angr.analyses.identifier.functions.malloc	https://docs.angr.io/en/latest/api/angr.analyses.identifier.functions.malloc.html
angr.analyses.identifier.functions.memcmp	https://docs.angr.io/en/latest/api/angr.analyses.identifier.functions.memcmp.html
angr.analyses.identifier.functions.memcpy	https://docs.angr.io/en/latest/api/angr.analyses.identifier.functions.memcpy.html
angr.analyses.identifier.functions.memset	https://docs.angr.io/en/latest/api/angr.analyses.identifier.functions.memset.html
angr.analyses.identifier.functions.printf	https://docs.angr.io/en/latest/api/angr.analyses.identifier.functions.printf.html
angr.analyses.identifier.functions.recv_until	https://docs.angr.io/en/latest/api/angr.analyses.identifier.functions.recv_until.html
angr.analyses.identifier.functions.skip_calloc	https://docs.angr.io/en/latest/api/angr.analyses.identifier.functions.skip_calloc.html
angr.analyses.identifier.functions.skip_realloc	https://docs.angr.io/en/latest/api/angr.analyses.identifier.functions.skip_realloc.html
angr.analyses.identifier.functions.skip_recv_n	https://docs.angr.io/en/latest/api/angr.analyses.identifier.functions.skip_recv_n.html
angr.analyses.identifier.functions.snprintf	https://docs.angr.io/en/latest/api/angr.analyses.identifier.functions.snprintf.html
angr.analyses.identifier.functions.sprintf	https://docs.angr.io/en/latest/api/angr.analyses.identifier.functions.sprintf.html
angr.analyses.identifier.functions.strcasecmp	https://docs.angr.io/en/latest/api/angr.analyses.identifier.functions.strcasecmp.html
angr.analyses.identifier.functions.strcmp	https://docs.angr.io/en/latest/api/angr.analyses.identifier.functions.strcmp.html
angr.analyses.identifier.functions.strcpy	https://docs.angr.io/en/latest/api/angr.analyses.identifier.functions.strcpy.html
angr.analyses.identifier.functions.strlen	https://docs.angr.io/en/latest/api/angr.analyses.identifier.functions.strlen.html
angr.analyses.identifier.functions.strncmp	https://docs.angr.io/en/latest/api/angr.analyses.identifier.functions.strncmp.html
angr.analyses.identifier.functions.strncpy	https://docs.angr.io/en/latest/api/angr.analyses.identifier.functions.strncpy.html
angr.analyses.identifier.functions.strtol	https://docs.angr.io/en/latest/api/angr.analyses.identifier.functions.strtol.html
angr.analyses.identifier	https://docs.angr.io/en/latest/api/angr.analyses.identifier.html
angr.analyses.identifier.identify	https://docs.angr.io/en/latest/api/angr.analyses.identifier.identify.html
angr.analyses.identifier.runner	https://docs.angr.io/en/latest/api/angr.analyses.identifier.runner.html
angr.analyses.init_finder	https://docs.angr.io/en/latest/api/angr.analyses.init_finder.html
angr.analyses.language_detector	https://docs.angr.io/en/latest/api/angr.analyses.language_detector.html
angr.analyses.loop_analysis	https://docs.angr.io/en/latest/api/angr.analyses.loop_analysis.html
angr.analyses.loop_analysis.loop_analysis	https://docs.angr.io/en/latest/api/angr.analyses.loop_analysis.loop_analysis.html
angr.analyses.loop_unroller	https://docs.angr.io/en/latest/api/angr.analyses.loop_unroller.html
angr.analyses.loop_unroller.loop_unroller	https://docs.angr.io/en/latest/api/angr.analyses.loop_unroller.loop_unroller.html
angr.analyses.loopfinder	https://docs.angr.io/en/latest/api/angr.analyses.loopfinder.html
angr.analyses.outliner	https://docs.angr.io/en/latest/api/angr.analyses.outliner.html
angr.analyses.outliner.outliner	https://docs.angr.io/en/latest/api/angr.analyses.outliner.outliner.html
angr.analyses.patchfinder	https://docs.angr.io/en/latest/api/angr.analyses.patchfinder.html
angr.analyses.pathfinder	https://docs.angr.io/en/latest/api/angr.analyses.pathfinder.html
angr.analyses.propagator.engine_base	https://docs.angr.io/en/latest/api/angr.analyses.propagator.engine_base.html
angr.analyses.propagator.engine_vex	https://docs.angr.io/en/latest/api/angr.analyses.propagator.engine_vex.html
angr.analyses.propagator	https://docs.angr.io/en/latest/api/angr.analyses.propagator.html
angr.analyses.propagator.propagator	https://docs.angr.io/en/latest/api/angr.analyses.propagator.propagator.html
angr.analyses.propagator.top_checker_mixin	https://docs.angr.io/en/latest/api/angr.analyses.propagator.top_checker_mixin.html
angr.analyses.propagator.values	https://docs.angr.io/en/latest/api/angr.analyses.propagator.values.html
angr.analyses.propagator.vex_vars	https://docs.angr.io/en/latest/api/angr.analyses.propagator.vex_vars.html
angr.analyses.proximity_graph	https://docs.angr.io/en/latest/api/angr.analyses.proximity_graph.html
angr.analyses.purity.analysis	https://docs.angr.io/en/latest/api/angr.analyses.purity.analysis.html
angr.analyses.purity.engine	https://docs.angr.io/en/latest/api/angr.analyses.purity.engine.html
angr.analyses.purity	https://docs.angr.io/en/latest/api/angr.analyses.purity.html
angr.analyses.reaching_definitions.call_trace	https://docs.angr.io/en/latest/api/angr.analyses.reaching_definitions.call_trace.html
angr.analyses.reaching_definitions.dep_graph	https://docs.angr.io/en/latest/api/angr.analyses.reaching_definitions.dep_graph.html
angr.analyses.reaching_definitions.engine_ail	https://docs.angr.io/en/latest/api/angr.analyses.reaching_definitions.engine_ail.html
angr.analyses.reaching_definitions.engine_vex	https://docs.angr.io/en/latest/api/angr.analyses.reaching_definitions.engine_vex.html
angr.analyses.reaching_definitions.external_codeloc	https://docs.angr.io/en/latest/api/angr.analyses.reaching_definitions.external_codeloc.html
angr.analyses.reaching_definitions.function_handler	https://docs.angr.io/en/latest/api/angr.analyses.reaching_definitions.function_handler.html
angr.analyses.reaching_definitions.function_handler_library	https://docs.angr.io/en/latest/api/angr.analyses.reaching_definitions.function_handler_library.html
angr.analyses.reaching_definitions.function_handler_library.stdio	https://docs.angr.io/en/latest/api/angr.analyses.reaching_definitions.function_handler_library.stdio.html
angr.analyses.reaching_definitions.function_handler_library.stdlib	https://docs.angr.io/en/latest/api/angr.analyses.reaching_definitions.function_handler_library.stdlib.html
angr.analyses.reaching_definitions.function_handler_library.string	https://docs.angr.io/en/latest/api/angr.analyses.reaching_definitions.function_handler_library.string.html
angr.analyses.reaching_definitions.function_handler_library.unistd	https://docs.angr.io/en/latest/api/angr.analyses.reaching_definitions.function_handler_library.unistd.html
angr.analyses.reaching_definitions.heap_allocator	https://docs.angr.io/en/latest/api/angr.analyses.reaching_definitions.heap_allocator.html
angr.analyses.reaching_definitions	https://docs.angr.io/en/latest/api/angr.analyses.reaching_definitions.html
angr.analyses.reaching_definitions.rd_initializer	https://docs.angr.io/en/latest/api/angr.analyses.reaching_definitions.rd_initializer.html
angr.analyses.reaching_definitions.rd_state	https://docs.angr.io/en/latest/api/angr.analyses.reaching_definitions.rd_state.html
angr.analyses.reaching_definitions.reaching_definitions	https://docs.angr.io/en/latest/api/angr.analyses.reaching_definitions.reaching_definitions.html
angr.analyses.reaching_definitions.subject	https://docs.angr.io/en/latest/api/angr.analyses.reaching_definitions.subject.html
angr.analyses.reassembler	https://docs.angr.io/en/latest/api/angr.analyses.reassembler.html
angr.analyses.s_liveness	https://docs.angr.io/en/latest/api/angr.analyses.s_liveness.html
angr.analyses.s_propagator	https://docs.angr.io/en/latest/api/angr.analyses.s_propagator.html
angr.analyses.s_reaching_definitions	https://docs.angr.io/en/latest/api/angr.analyses.s_reaching_definitions.html
angr.analyses.s_reaching_definitions.s_rda_model	https://docs.angr.io/en/latest/api/angr.analyses.s_reaching_definitions.s_rda_model.html
angr.analyses.s_reaching_definitions.s_rda_view	https://docs.angr.io/en/latest/api/angr.analyses.s_reaching_definitions.s_rda_view.html
angr.analyses.s_reaching_definitions.s_reaching_definitions	https://docs.angr.io/en/latest/api/angr.analyses.s_reaching_definitions.s_reaching_definitions.html
angr.analyses.smc	https://docs.angr.io/en/latest/api/angr.analyses.smc.html
angr.analyses.soot_class_hierarchy	https://docs.angr.io/en/latest/api/angr.analyses.soot_class_hierarchy.html
angr.analyses.stack_pointer_tracker	https://docs.angr.io/en/latest/api/angr.analyses.stack_pointer_tracker.html
angr.analyses.static_hooker	https://docs.angr.io/en/latest/api/angr.analyses.static_hooker.html
angr.analyses.typehoon.dfa	https://docs.angr.io/en/latest/api/angr.analyses.typehoon.dfa.html
angr.analyses.typehoon	https://docs.angr.io/en/latest/api/angr.analyses.typehoon.html
angr.analyses.typehoon.simple_solver	https://docs.angr.io/en/latest/api/angr.analyses.typehoon.simple_solver.html
angr.analyses.typehoon.translator	https://docs.angr.io/en/latest/api/angr.analyses.typehoon.translator.html
angr.analyses.typehoon.typeconsts	https://docs.angr.io/en/latest/api/angr.analyses.typehoon.typeconsts.html
angr.analyses.typehoon.typehoon	https://docs.angr.io/en/latest/api/angr.analyses.typehoon.typehoon.html
angr.analyses.typehoon.typevars	https://docs.angr.io/en/latest/api/angr.analyses.typehoon.typevars.html
angr.analyses.typehoon.variance	https://docs.angr.io/en/latest/api/angr.analyses.typehoon.variance.html
angr.analyses.unpacker	https://docs.angr.io/en/latest/api/angr.analyses.unpacker.html
angr.analyses.unpacker.obfuscation_detector	https://docs.angr.io/en/latest/api/angr.analyses.unpacker.obfuscation_detector.html
angr.analyses.unpacker.packing_detector	https://docs.angr.io/en/latest/api/angr.analyses.unpacker.packing_detector.html
angr.analyses.variable_recovery.annotations	https://docs.angr.io/en/latest/api/angr.analyses.variable_recovery.annotations.html
angr.analyses.variable_recovery.engine_ail	https://docs.angr.io/en/latest/api/angr.analyses.variable_recovery.engine_ail.html
angr.analyses.variable_recovery.engine_base	https://docs.angr.io/en/latest/api/angr.analyses.variable_recovery.engine_base.html
angr.analyses.variable_recovery.engine_vex	https://docs.angr.io/en/latest/api/angr.analyses.variable_recovery.engine_vex.html
angr.analyses.variable_recovery	https://docs.angr.io/en/latest/api/angr.analyses.variable_recovery.html
angr.analyses.variable_recovery.irsb_scanner	https://docs.angr.io/en/latest/api/angr.analyses.variable_recovery.irsb_scanner.html
angr.analyses.variable_recovery.variable_recovery	https://docs.angr.io/en/latest/api/angr.analyses.variable_recovery.variable_recovery.html
angr.analyses.variable_recovery.variable_recovery_base	https://docs.angr.io/en/latest/api/angr.analyses.variable_recovery.variable_recovery_base.html
angr.analyses.variable_recovery.variable_recovery_fast	https://docs.angr.io/en/latest/api/angr.analyses.variable_recovery.variable_recovery_fast.html
angr.analyses.veritesting	https://docs.angr.io/en/latest/api/angr.analyses.veritesting.html
angr.analyses.vfg	https://docs.angr.io/en/latest/api/angr.analyses.vfg.html
angr.analyses.vsa_ddg	https://docs.angr.io/en/latest/api/angr.analyses.vsa_ddg.html
angr.analyses.vtable	https://docs.angr.io/en/latest/api/angr.analyses.vtable.html
angr.analyses.xrefs	https://docs.angr.io/en/latest/api/angr.analyses.xrefs.html
angr.angrdb.db	https://docs.angr.io/en/latest/api/angr.angrdb.db.html
angr.angrdb	https://docs.angr.io/en/latest/api/angr.angrdb.html
angr.angrdb.models	https://docs.angr.io/en/latest/api/angr.angrdb.models.html
angr.angrdb.serializers.bookmarks	https://docs.angr.io/en/latest/api/angr.angrdb.serializers.bookmarks.html
angr.angrdb.serializers.callgraph	https://docs.angr.io/en/latest/api/angr.angrdb.serializers.callgraph.html
angr.angrdb.serializers.cfg_model	https://docs.angr.io/en/latest/api/angr.angrdb.serializers.cfg_model.html
angr.angrdb.serializers.comments	https://docs.angr.io/en/latest/api/angr.angrdb.serializers.comments.html
angr.angrdb.serializers.funcs	https://docs.angr.io/en/latest/api/angr.angrdb.serializers.funcs.html
angr.angrdb.serializers	https://docs.angr.io/en/latest/api/angr.angrdb.serializers.html
angr.angrdb.serializers.kb	https://docs.angr.io/en/latest/api/angr.angrdb.serializers.kb.html
angr.angrdb.serializers.labels	https://docs.angr.io/en/latest/api/angr.angrdb.serializers.labels.html
angr.angrdb.serializers.loader	https://docs.angr.io/en/latest/api/angr.angrdb.serializers.loader.html
angr.angrdb.serializers.structured_code	https://docs.angr.io/en/latest/api/angr.angrdb.serializers.structured_code.html
angr.angrdb.serializers.variables	https://docs.angr.io/en/latest/api/angr.angrdb.serializers.variables.html
angr.angrdb.serializers.xrefs	https://docs.angr.io/en/latest/api/angr.angrdb.serializers.xrefs.html
angr.annocfg	https://docs.angr.io/en/latest/api/angr.annocfg.html
angr.blade	https://docs.angr.io/en/latest/api/angr.blade.html
angr.block	https://docs.angr.io/en/latest/api/angr.block.html
angr.callable	https://docs.angr.io/en/latest/api/angr.callable.html
angr.calling_conventions	https://docs.angr.io/en/latest/api/angr.calling_conventions.html
angr.code_location	https://docs.angr.io/en/latest/api/angr.code_location.html
angr.codenode	https://docs.angr.io/en/latest/api/angr.codenode.html
angr.concretization_strategies.any	https://docs.angr.io/en/latest/api/angr.concretization_strategies.any.html
angr.concretization_strategies.any_named	https://docs.angr.io/en/latest/api/angr.concretization_strategies.any_named.html
angr.concretization_strategies.base	https://docs.angr.io/en/latest/api/angr.concretization_strategies.base.html
angr.concretization_strategies.controlled_data	https://docs.angr.io/en/latest/api/angr.concretization_strategies.controlled_data.html
angr.concretization_strategies.eval	https://docs.angr.io/en/latest/api/angr.concretization_strategies.eval.html
angr.concretization_strategies	https://docs.angr.io/en/latest/api/angr.concretization_strategies.html
angr.concretization_strategies.logging	https://docs.angr.io/en/latest/api/angr.concretization_strategies.logging.html
angr.concretization_strategies.max	https://docs.angr.io/en/latest/api/angr.concretization_strategies.max.html
angr.concretization_strategies.nonzero	https://docs.angr.io/en/latest/api/angr.concretization_strategies.nonzero.html
angr.concretization_strategies.nonzero_range	https://docs.angr.io/en/latest/api/angr.concretization_strategies.nonzero_range.html
angr.concretization_strategies.norepeats	https://docs.angr.io/en/latest/api/angr.concretization_strategies.norepeats.html
angr.concretization_strategies.norepeats_range	https://docs.angr.io/en/latest/api/angr.concretization_strategies.norepeats_range.html
angr.concretization_strategies.range	https://docs.angr.io/en/latest/api/angr.concretization_strategies.range.html
angr.concretization_strategies.signed_add	https://docs.angr.io/en/latest/api/angr.concretization_strategies.signed_add.html
angr.concretization_strategies.single	https://docs.angr.io/en/latest/api/angr.concretization_strategies.single.html
angr.concretization_strategies.solutions	https://docs.angr.io/en/latest/api/angr.concretization_strategies.solutions.html
angr.concretization_strategies.unlimited_range	https://docs.angr.io/en/latest/api/angr.concretization_strategies.unlimited_range.html
angr.distributed	https://docs.angr.io/en/latest/api/angr.distributed.html
angr.distributed.server	https://docs.angr.io/en/latest/api/angr.distributed.server.html
angr.distributed.worker	https://docs.angr.io/en/latest/api/angr.distributed.worker.html
angr.emulator	https://docs.angr.io/en/latest/api/angr.emulator.html
angr.engines.ail.callstack	https://docs.angr.io/en/latest/api/angr.engines.ail.callstack.html
angr.engines.ail.engine_light	https://docs.angr.io/en/latest/api/angr.engines.ail.engine_light.html
angr.engines.ail.engine_successors	https://docs.angr.io/en/latest/api/angr.engines.ail.engine_successors.html
angr.engines.ail	https://docs.angr.io/en/latest/api/angr.engines.ail.html
angr.engines.ail.setup	https://docs.angr.io/en/latest/api/angr.engines.ail.setup.html
angr.engines.engine	https://docs.angr.io/en/latest/api/angr.engines.engine.html
angr.engines.failure	https://docs.angr.io/en/latest/api/angr.engines.failure.html
angr.engines.hook	https://docs.angr.io/en/latest/api/angr.engines.hook.html
angr.engines	https://docs.angr.io/en/latest/api/angr.engines.html
angr.engines.icicle	https://docs.angr.io/en/latest/api/angr.engines.icicle.html
angr.engines.light.data	https://docs.angr.io/en/latest/api/angr.engines.light.data.html
angr.engines.light.engine	https://docs.angr.io/en/latest/api/angr.engines.light.engine.html
angr.engines.light	https://docs.angr.io/en/latest/api/angr.engines.light.html
angr.engines.pcode.behavior	https://docs.angr.io/en/latest/api/angr.engines.pcode.behavior.html
angr.engines.pcode.cc	https://docs.angr.io/en/latest/api/angr.engines.pcode.cc.html
angr.engines.pcode.emulate	https://docs.angr.io/en/latest/api/angr.engines.pcode.emulate.html
angr.engines.pcode.engine	https://docs.angr.io/en/latest/api/angr.engines.pcode.engine.html
angr.engines.pcode	https://docs.angr.io/en/latest/api/angr.engines.pcode.html
angr.engines.pcode.lifter	https://docs.angr.io/en/latest/api/angr.engines.pcode.lifter.html
angr.engines.procedure	https://docs.angr.io/en/latest/api/angr.engines.procedure.html
angr.engines.soot.engine	https://docs.angr.io/en/latest/api/angr.engines.soot.engine.html
angr.engines.soot.exceptions	https://docs.angr.io/en/latest/api/angr.engines.soot.exceptions.html
angr.engines.soot.expressions.arrayref	https://docs.angr.io/en/latest/api/angr.engines.soot.expressions.arrayref.html
angr.engines.soot.expressions.base	https://docs.angr.io/en/latest/api/angr.engines.soot.expressions.base.html
angr.engines.soot.expressions.binop	https://docs.angr.io/en/latest/api/angr.engines.soot.expressions.binop.html
angr.engines.soot.expressions.cast	https://docs.angr.io/en/latest/api/angr.engines.soot.expressions.cast.html
angr.engines.soot.expressions.condition	https://docs.angr.io/en/latest/api/angr.engines.soot.expressions.condition.html
angr.engines.soot.expressions.constants	https://docs.angr.io/en/latest/api/angr.engines.soot.expressions.constants.html
angr.engines.soot.expressions	https://docs.angr.io/en/latest/api/angr.engines.soot.expressions.html
angr.engines.soot.expressions.instanceOf	https://docs.angr.io/en/latest/api/angr.engines.soot.expressions.instanceOf.html
angr.engines.soot.expressions.instancefieldref	https://docs.angr.io/en/latest/api/angr.engines.soot.expressions.instancefieldref.html
angr.engines.soot.expressions.invoke	https://docs.angr.io/en/latest/api/angr.engines.soot.expressions.invoke.html
angr.engines.soot.expressions.length	https://docs.angr.io/en/latest/api/angr.engines.soot.expressions.length.html
angr.engines.soot.expressions.local	https://docs.angr.io/en/latest/api/angr.engines.soot.expressions.local.html
angr.engines.soot.expressions.new	https://docs.angr.io/en/latest/api/angr.engines.soot.expressions.new.html
angr.engines.soot.expressions.newArray	https://docs.angr.io/en/latest/api/angr.engines.soot.expressions.newArray.html
angr.engines.soot.expressions.newMultiArray	https://docs.angr.io/en/latest/api/angr.engines.soot.expressions.newMultiArray.html
angr.engines.soot.expressions.paramref	https://docs.angr.io/en/latest/api/angr.engines.soot.expressions.paramref.html
angr.engines.soot.expressions.phi	https://docs.angr.io/en/latest/api/angr.engines.soot.expressions.phi.html
angr.engines.soot.expressions.staticfieldref	https://docs.angr.io/en/latest/api/angr.engines.soot.expressions.staticfieldref.html
angr.engines.soot.expressions.thisref	https://docs.angr.io/en/latest/api/angr.engines.soot.expressions.thisref.html
angr.engines.soot.expressions.unsupported	https://docs.angr.io/en/latest/api/angr.engines.soot.expressions.unsupported.html
angr.engines.soot.field_dispatcher	https://docs.angr.io/en/latest/api/angr.engines.soot.field_dispatcher.html
angr.engines.soot	https://docs.angr.io/en/latest/api/angr.engines.soot.html
angr.engines.soot.method_dispatcher	https://docs.angr.io/en/latest/api/angr.engines.soot.method_dispatcher.html
angr.engines.soot.statements.assign	https://docs.angr.io/en/latest/api/angr.engines.soot.statements.assign.html
angr.engines.soot.statements.base	https://docs.angr.io/en/latest/api/angr.engines.soot.statements.base.html
angr.engines.soot.statements.goto	https://docs.angr.io/en/latest/api/angr.engines.soot.statements.goto.html
angr.engines.soot.statements	https://docs.angr.io/en/latest/api/angr.engines.soot.statements.html
angr.engines.soot.statements.identity	https://docs.angr.io/en/latest/api/angr.engines.soot.statements.identity.html
angr.engines.soot.statements.if\_	https://docs.angr.io/en/latest/api/angr.engines.soot.statements.if_.html
angr.engines.soot.statements.invoke	https://docs.angr.io/en/latest/api/angr.engines.soot.statements.invoke.html
angr.engines.soot.statements.return\_	https://docs.angr.io/en/latest/api/angr.engines.soot.statements.return_.html
angr.engines.soot.statements.switch	https://docs.angr.io/en/latest/api/angr.engines.soot.statements.switch.html
angr.engines.soot.statements.throw	https://docs.angr.io/en/latest/api/angr.engines.soot.statements.throw.html
angr.engines.soot.values.arrayref	https://docs.angr.io/en/latest/api/angr.engines.soot.values.arrayref.html
angr.engines.soot.values.base	https://docs.angr.io/en/latest/api/angr.engines.soot.values.base.html
angr.engines.soot.values.constants	https://docs.angr.io/en/latest/api/angr.engines.soot.values.constants.html
angr.engines.soot.values	https://docs.angr.io/en/latest/api/angr.engines.soot.values.html
angr.engines.soot.values.instancefieldref	https://docs.angr.io/en/latest/api/angr.engines.soot.values.instancefieldref.html
angr.engines.soot.values.local	https://docs.angr.io/en/latest/api/angr.engines.soot.values.local.html
angr.engines.soot.values.paramref	https://docs.angr.io/en/latest/api/angr.engines.soot.values.paramref.html
angr.engines.soot.values.staticfieldref	https://docs.angr.io/en/latest/api/angr.engines.soot.values.staticfieldref.html
angr.engines.soot.values.strref	https://docs.angr.io/en/latest/api/angr.engines.soot.values.strref.html
angr.engines.soot.values.thisref	https://docs.angr.io/en/latest/api/angr.engines.soot.values.thisref.html
angr.engines.successors	https://docs.angr.io/en/latest/api/angr.engines.successors.html
angr.engines.syscall	https://docs.angr.io/en/latest/api/angr.engines.syscall.html
angr.engines.unicorn	https://docs.angr.io/en/latest/api/angr.engines.unicorn.html
angr.engines.vex.claripy.ccall	https://docs.angr.io/en/latest/api/angr.engines.vex.claripy.ccall.html
angr.engines.vex.claripy.datalayer	https://docs.angr.io/en/latest/api/angr.engines.vex.claripy.datalayer.html
angr.engines.vex.claripy	https://docs.angr.io/en/latest/api/angr.engines.vex.claripy.html
angr.engines.vex.claripy.irop	https://docs.angr.io/en/latest/api/angr.engines.vex.claripy.irop.html
angr.engines.vex.heavy.actions	https://docs.angr.io/en/latest/api/angr.engines.vex.heavy.actions.html
angr.engines.vex.heavy.concretizers	https://docs.angr.io/en/latest/api/angr.engines.vex.heavy.concretizers.html
angr.engines.vex.heavy.dirty	https://docs.angr.io/en/latest/api/angr.engines.vex.heavy.dirty.html
angr.engines.vex.heavy.heavy	https://docs.angr.io/en/latest/api/angr.engines.vex.heavy.heavy.html
angr.engines.vex.heavy	https://docs.angr.io/en/latest/api/angr.engines.vex.heavy.html
angr.engines.vex.heavy.inspect	https://docs.angr.io/en/latest/api/angr.engines.vex.heavy.inspect.html
angr.engines.vex.heavy.resilience	https://docs.angr.io/en/latest/api/angr.engines.vex.heavy.resilience.html
angr.engines.vex.heavy.super_fastpath	https://docs.angr.io/en/latest/api/angr.engines.vex.heavy.super_fastpath.html
angr.engines.vex	https://docs.angr.io/en/latest/api/angr.engines.vex.html
angr.engines.vex.lifter	https://docs.angr.io/en/latest/api/angr.engines.vex.lifter.html
angr.engines.vex.light	https://docs.angr.io/en/latest/api/angr.engines.vex.light.html
angr.engines.vex.light.light	https://docs.angr.io/en/latest/api/angr.engines.vex.light.light.html
angr.engines.vex.light.resilience	https://docs.angr.io/en/latest/api/angr.engines.vex.light.resilience.html
angr.engines.vex.light.slicing	https://docs.angr.io/en/latest/api/angr.engines.vex.light.slicing.html
angr.errors	https://docs.angr.io/en/latest/api/angr.errors.html
angr.exploration_techniques.base	https://docs.angr.io/en/latest/api/angr.exploration_techniques.base.html
angr.exploration_techniques.bucketizer	https://docs.angr.io/en/latest/api/angr.exploration_techniques.bucketizer.html
angr.exploration_techniques.common	https://docs.angr.io/en/latest/api/angr.exploration_techniques.common.html
angr.exploration_techniques.dfs	https://docs.angr.io/en/latest/api/angr.exploration_techniques.dfs.html
angr.exploration_techniques.director	https://docs.angr.io/en/latest/api/angr.exploration_techniques.director.html
angr.exploration_techniques.driller_core	https://docs.angr.io/en/latest/api/angr.exploration_techniques.driller_core.html
angr.exploration_techniques.explorer	https://docs.angr.io/en/latest/api/angr.exploration_techniques.explorer.html
angr.exploration_techniques	https://docs.angr.io/en/latest/api/angr.exploration_techniques.html
angr.exploration_techniques.lengthlimiter	https://docs.angr.io/en/latest/api/angr.exploration_techniques.lengthlimiter.html
angr.exploration_techniques.local_loop_seer	https://docs.angr.io/en/latest/api/angr.exploration_techniques.local_loop_seer.html
angr.exploration_techniques.loop_seer	https://docs.angr.io/en/latest/api/angr.exploration_techniques.loop_seer.html
angr.exploration_techniques.manual_mergepoint	https://docs.angr.io/en/latest/api/angr.exploration_techniques.manual_mergepoint.html
angr.exploration_techniques.memory_watcher	https://docs.angr.io/en/latest/api/angr.exploration_techniques.memory_watcher.html
angr.exploration_techniques.oppologist	https://docs.angr.io/en/latest/api/angr.exploration_techniques.oppologist.html
angr.exploration_techniques.slicecutor	https://docs.angr.io/en/latest/api/angr.exploration_techniques.slicecutor.html
angr.exploration_techniques.spiller	https://docs.angr.io/en/latest/api/angr.exploration_techniques.spiller.html
angr.exploration_techniques.spiller_db	https://docs.angr.io/en/latest/api/angr.exploration_techniques.spiller_db.html
angr.exploration_techniques.stochastic	https://docs.angr.io/en/latest/api/angr.exploration_techniques.stochastic.html
angr.exploration_techniques.stub_stasher	https://docs.angr.io/en/latest/api/angr.exploration_techniques.stub_stasher.html
angr.exploration_techniques.suggestions	https://docs.angr.io/en/latest/api/angr.exploration_techniques.suggestions.html
angr.exploration_techniques.tech_builder	https://docs.angr.io/en/latest/api/angr.exploration_techniques.tech_builder.html
angr.exploration_techniques.threading	https://docs.angr.io/en/latest/api/angr.exploration_techniques.threading.html
angr.exploration_techniques.timeout	https://docs.angr.io/en/latest/api/angr.exploration_techniques.timeout.html
angr.exploration_techniques.tracer	https://docs.angr.io/en/latest/api/angr.exploration_techniques.tracer.html
angr.exploration_techniques.unique	https://docs.angr.io/en/latest/api/angr.exploration_techniques.unique.html
angr.exploration_techniques.veritesting	https://docs.angr.io/en/latest/api/angr.exploration_techniques.veritesting.html
angr.factory	https://docs.angr.io/en/latest/api/angr.factory.html
angr.flirt.build_sig	https://docs.angr.io/en/latest/api/angr.flirt.build_sig.html
angr.flirt	https://docs.angr.io/en/latest/api/angr.flirt.html
API Reference	https://docs.angr.io/en/latest/api/angr.html
angr.keyed_region	https://docs.angr.io/en/latest/api/angr.keyed_region.html
angr.knowledge_base	https://docs.angr.io/en/latest/api/angr.knowledge_base.html
angr.knowledge_plugins.bookmarks	https://docs.angr.io/en/latest/api/angr.knowledge_plugins.bookmarks.html
angr.knowledge_plugins.callsite_prototypes	https://docs.angr.io/en/latest/api/angr.knowledge_plugins.callsite_prototypes.html
angr.knowledge_plugins.cfg.block_id	https://docs.angr.io/en/latest/api/angr.knowledge_plugins.cfg.block_id.html
angr.knowledge_plugins.cfg.cfg_manager	https://docs.angr.io/en/latest/api/angr.knowledge_plugins.cfg.cfg_manager.html
angr.knowledge_plugins.cfg.cfg_model	https://docs.angr.io/en/latest/api/angr.knowledge_plugins.cfg.cfg_model.html
angr.knowledge_plugins.cfg.cfg_node	https://docs.angr.io/en/latest/api/angr.knowledge_plugins.cfg.cfg_node.html
angr.knowledge_plugins.cfg	https://docs.angr.io/en/latest/api/angr.knowledge_plugins.cfg.html
angr.knowledge_plugins.cfg.indirect_jump	https://docs.angr.io/en/latest/api/angr.knowledge_plugins.cfg.indirect_jump.html
angr.knowledge_plugins.cfg.memory_data	https://docs.angr.io/en/latest/api/angr.knowledge_plugins.cfg.memory_data.html
angr.knowledge_plugins.cfg.spilling_cfg	https://docs.angr.io/en/latest/api/angr.knowledge_plugins.cfg.spilling_cfg.html
angr.knowledge_plugins.cfg.spilling_digraph	https://docs.angr.io/en/latest/api/angr.knowledge_plugins.cfg.spilling_digraph.html
angr.knowledge_plugins.cfg.types	https://docs.angr.io/en/latest/api/angr.knowledge_plugins.cfg.types.html
angr.knowledge_plugins.comments	https://docs.angr.io/en/latest/api/angr.knowledge_plugins.comments.html
angr.knowledge_plugins.custom_strings	https://docs.angr.io/en/latest/api/angr.knowledge_plugins.custom_strings.html
angr.knowledge_plugins.data	https://docs.angr.io/en/latest/api/angr.knowledge_plugins.data.html
angr.knowledge_plugins.debug_variables	https://docs.angr.io/en/latest/api/angr.knowledge_plugins.debug_variables.html
angr.knowledge_plugins.functions.function	https://docs.angr.io/en/latest/api/angr.knowledge_plugins.functions.function.html
angr.knowledge_plugins.functions.function_manager	https://docs.angr.io/en/latest/api/angr.knowledge_plugins.functions.function_manager.html
angr.knowledge_plugins.functions.function_parser	https://docs.angr.io/en/latest/api/angr.knowledge_plugins.functions.function_parser.html
angr.knowledge_plugins.functions	https://docs.angr.io/en/latest/api/angr.knowledge_plugins.functions.html
angr.knowledge_plugins.functions.soot_function	https://docs.angr.io/en/latest/api/angr.knowledge_plugins.functions.soot_function.html
angr.knowledge_plugins	https://docs.angr.io/en/latest/api/angr.knowledge_plugins.html
angr.knowledge_plugins.indirect_jumps	https://docs.angr.io/en/latest/api/angr.knowledge_plugins.indirect_jumps.html
angr.knowledge_plugins.key_definitions.atoms	https://docs.angr.io/en/latest/api/angr.knowledge_plugins.key_definitions.atoms.html
angr.knowledge_plugins.key_definitions.constants	https://docs.angr.io/en/latest/api/angr.knowledge_plugins.key_definitions.constants.html
angr.knowledge_plugins.key_definitions.definition	https://docs.angr.io/en/latest/api/angr.knowledge_plugins.key_definitions.definition.html
angr.knowledge_plugins.key_definitions.environment	https://docs.angr.io/en/latest/api/angr.knowledge_plugins.key_definitions.environment.html
angr.knowledge_plugins.key_definitions.heap_address	https://docs.angr.io/en/latest/api/angr.knowledge_plugins.key_definitions.heap_address.html
angr.knowledge_plugins.key_definitions	https://docs.angr.io/en/latest/api/angr.knowledge_plugins.key_definitions.html
angr.knowledge_plugins.key_definitions.key_definition_manager	https://docs.angr.io/en/latest/api/angr.knowledge_plugins.key_definitions.key_definition_manager.html
angr.knowledge_plugins.key_definitions.live_definitions	https://docs.angr.io/en/latest/api/angr.knowledge_plugins.key_definitions.live_definitions.html
angr.knowledge_plugins.key_definitions.liveness	https://docs.angr.io/en/latest/api/angr.knowledge_plugins.key_definitions.liveness.html
angr.knowledge_plugins.key_definitions.rd_model	https://docs.angr.io/en/latest/api/angr.knowledge_plugins.key_definitions.rd_model.html
angr.knowledge_plugins.key_definitions.tag	https://docs.angr.io/en/latest/api/angr.knowledge_plugins.key_definitions.tag.html
angr.knowledge_plugins.key_definitions.undefined	https://docs.angr.io/en/latest/api/angr.knowledge_plugins.key_definitions.undefined.html
angr.knowledge_plugins.key_definitions.unknown_size	https://docs.angr.io/en/latest/api/angr.knowledge_plugins.key_definitions.unknown_size.html
angr.knowledge_plugins.key_definitions.uses	https://docs.angr.io/en/latest/api/angr.knowledge_plugins.key_definitions.uses.html
angr.knowledge_plugins.labels	https://docs.angr.io/en/latest/api/angr.knowledge_plugins.labels.html
angr.knowledge_plugins.obfuscations	https://docs.angr.io/en/latest/api/angr.knowledge_plugins.obfuscations.html
angr.knowledge_plugins.patches	https://docs.angr.io/en/latest/api/angr.knowledge_plugins.patches.html
angr.knowledge_plugins.plugin	https://docs.angr.io/en/latest/api/angr.knowledge_plugins.plugin.html
angr.knowledge_plugins.propagations	https://docs.angr.io/en/latest/api/angr.knowledge_plugins.propagations.html
angr.knowledge_plugins.propagations.prop_value	https://docs.angr.io/en/latest/api/angr.knowledge_plugins.propagations.prop_value.html
angr.knowledge_plugins.propagations.propagation_manager	https://docs.angr.io/en/latest/api/angr.knowledge_plugins.propagations.propagation_manager.html
angr.knowledge_plugins.propagations.propagation_model	https://docs.angr.io/en/latest/api/angr.knowledge_plugins.propagations.propagation_model.html
angr.knowledge_plugins.propagations.states	https://docs.angr.io/en/latest/api/angr.knowledge_plugins.propagations.states.html
angr.knowledge_plugins.rtdb	https://docs.angr.io/en/latest/api/angr.knowledge_plugins.rtdb.html
angr.knowledge_plugins.rtdb.rtdb	https://docs.angr.io/en/latest/api/angr.knowledge_plugins.rtdb.rtdb.html
angr.knowledge_plugins.structured_code	https://docs.angr.io/en/latest/api/angr.knowledge_plugins.structured_code.html
angr.knowledge_plugins.types	https://docs.angr.io/en/latest/api/angr.knowledge_plugins.types.html
angr.knowledge_plugins.variables	https://docs.angr.io/en/latest/api/angr.knowledge_plugins.variables.html
angr.knowledge_plugins.variables.spilling_vardict	https://docs.angr.io/en/latest/api/angr.knowledge_plugins.variables.spilling_vardict.html
angr.knowledge_plugins.variables.variable_access	https://docs.angr.io/en/latest/api/angr.knowledge_plugins.variables.variable_access.html
angr.knowledge_plugins.variables.variable_manager	https://docs.angr.io/en/latest/api/angr.knowledge_plugins.variables.variable_manager.html
angr.knowledge_plugins.xrefs	https://docs.angr.io/en/latest/api/angr.knowledge_plugins.xrefs.html
angr.knowledge_plugins.xrefs.xref	https://docs.angr.io/en/latest/api/angr.knowledge_plugins.xrefs.xref.html
angr.knowledge_plugins.xrefs.xref_manager	https://docs.angr.io/en/latest/api/angr.knowledge_plugins.xrefs.xref_manager.html
angr.knowledge_plugins.xrefs.xref_types	https://docs.angr.io/en/latest/api/angr.knowledge_plugins.xrefs.xref_types.html
angr.llm_client	https://docs.angr.io/en/latest/api/angr.llm_client.html
angr.llm_models	https://docs.angr.io/en/latest/api/angr.llm_models.html
angr.mcp.edit_tools	https://docs.angr.io/en/latest/api/angr.mcp.edit_tools.html
angr.mcp.errors	https://docs.angr.io/en/latest/api/angr.mcp.errors.html
angr.mcp	https://docs.angr.io/en/latest/api/angr.mcp.html
angr.mcp.serializers	https://docs.angr.io/en/latest/api/angr.mcp.serializers.html
angr.mcp.server	https://docs.angr.io/en/latest/api/angr.mcp.server.html
angr.mcp.session	https://docs.angr.io/en/latest/api/angr.mcp.session.html
angr.misc.ansi	https://docs.angr.io/en/latest/api/angr.misc.ansi.html
angr.misc.autoimport	https://docs.angr.io/en/latest/api/angr.misc.autoimport.html
angr.misc.bug_report	https://docs.angr.io/en/latest/api/angr.misc.bug_report.html
angr.misc.hookset	https://docs.angr.io/en/latest/api/angr.misc.hookset.html
angr.misc	https://docs.angr.io/en/latest/api/angr.misc.html
angr.misc.loggers	https://docs.angr.io/en/latest/api/angr.misc.loggers.html
angr.misc.picklable_lock	https://docs.angr.io/en/latest/api/angr.misc.picklable_lock.html
angr.misc.plugins	https://docs.angr.io/en/latest/api/angr.misc.plugins.html
angr.misc.telemetry	https://docs.angr.io/en/latest/api/angr.misc.telemetry.html
angr.misc.testing	https://docs.angr.io/en/latest/api/angr.misc.testing.html
angr.misc.ux	https://docs.angr.io/en/latest/api/angr.misc.ux.html
angr.procedures.cgc.allocate	https://docs.angr.io/en/latest/api/angr.procedures.cgc.allocate.html
angr.procedures.cgc.deallocate	https://docs.angr.io/en/latest/api/angr.procedures.cgc.deallocate.html
angr.procedures.cgc.fdwait	https://docs.angr.io/en/latest/api/angr.procedures.cgc.fdwait.html
angr.procedures.cgc	https://docs.angr.io/en/latest/api/angr.procedures.cgc.html
angr.procedures.cgc.random	https://docs.angr.io/en/latest/api/angr.procedures.cgc.random.html
angr.procedures.cgc.receive	https://docs.angr.io/en/latest/api/angr.procedures.cgc.receive.html
angr.procedures.cgc.transmit	https://docs.angr.io/en/latest/api/angr.procedures.cgc.transmit.html
angr.procedures.definitions	https://docs.angr.io/en/latest/api/angr.procedures.definitions.html
angr.procedures.definitions.parse_glibc	https://docs.angr.io/en/latest/api/angr.procedures.definitions.parse_glibc.html
angr.procedures.definitions.parse_syscalls_from_local_system	https://docs.angr.io/en/latest/api/angr.procedures.definitions.parse_syscalls_from_local_system.html
angr.procedures.definitions.parse_win32json	https://docs.angr.io/en/latest/api/angr.procedures.definitions.parse_win32json.html
angr.procedures.glibc	https://docs.angr.io/en/latest/api/angr.procedures.glibc.html
angr.procedures.gnulib	https://docs.angr.io/en/latest/api/angr.procedures.gnulib.html
angr.procedures.gnulib.xalloc_die	https://docs.angr.io/en/latest/api/angr.procedures.gnulib.xalloc_die.html
angr.procedures.gnulib.xstrtol_fatal	https://docs.angr.io/en/latest/api/angr.procedures.gnulib.xstrtol_fatal.html
angr.procedures	https://docs.angr.io/en/latest/api/angr.procedures.html
angr.procedures.java	https://docs.angr.io/en/latest/api/angr.procedures.java.html
angr.procedures.java.unconstrained	https://docs.angr.io/en/latest/api/angr.procedures.java.unconstrained.html
angr.procedures.java_io	https://docs.angr.io/en/latest/api/angr.procedures.java_io.html
angr.procedures.java_io.read	https://docs.angr.io/en/latest/api/angr.procedures.java_io.read.html
angr.procedures.java_io.write	https://docs.angr.io/en/latest/api/angr.procedures.java_io.write.html
angr.procedures.java_jni.array_operations	https://docs.angr.io/en/latest/api/angr.procedures.java_jni.array_operations.html
angr.procedures.java_jni.class_and_interface_operations	https://docs.angr.io/en/latest/api/angr.procedures.java_jni.class_and_interface_operations.html
angr.procedures.java_jni.field_access	https://docs.angr.io/en/latest/api/angr.procedures.java_jni.field_access.html
angr.procedures.java_jni.global_and_local_refs	https://docs.angr.io/en/latest/api/angr.procedures.java_jni.global_and_local_refs.html
angr.procedures.java_jni	https://docs.angr.io/en/latest/api/angr.procedures.java_jni.html
angr.procedures.java_jni.method_calls	https://docs.angr.io/en/latest/api/angr.procedures.java_jni.method_calls.html
angr.procedures.java_jni.not_implemented	https://docs.angr.io/en/latest/api/angr.procedures.java_jni.not_implemented.html
angr.procedures.java_jni.object_operations	https://docs.angr.io/en/latest/api/angr.procedures.java_jni.object_operations.html
angr.procedures.java_jni.string_operations	https://docs.angr.io/en/latest/api/angr.procedures.java_jni.string_operations.html
angr.procedures.java_jni.version_information	https://docs.angr.io/en/latest/api/angr.procedures.java_jni.version_information.html
angr.procedures.java_lang.character	https://docs.angr.io/en/latest/api/angr.procedures.java_lang.character.html
angr.procedures.java_lang.double	https://docs.angr.io/en/latest/api/angr.procedures.java_lang.double.html
angr.procedures.java_lang.exit	https://docs.angr.io/en/latest/api/angr.procedures.java_lang.exit.html
angr.procedures.java_lang.getsimplename	https://docs.angr.io/en/latest/api/angr.procedures.java_lang.getsimplename.html
angr.procedures.java_lang	https://docs.angr.io/en/latest/api/angr.procedures.java_lang.html
angr.procedures.java_lang.integer	https://docs.angr.io/en/latest/api/angr.procedures.java_lang.integer.html
angr.procedures.java_lang.load_library	https://docs.angr.io/en/latest/api/angr.procedures.java_lang.load_library.html
angr.procedures.java_lang.math	https://docs.angr.io/en/latest/api/angr.procedures.java_lang.math.html
angr.procedures.java_lang.string	https://docs.angr.io/en/latest/api/angr.procedures.java_lang.string.html
angr.procedures.java_lang.stringbuilder	https://docs.angr.io/en/latest/api/angr.procedures.java_lang.stringbuilder.html
angr.procedures.java_lang.system	https://docs.angr.io/en/latest/api/angr.procedures.java_lang.system.html
angr.procedures.java_util.collection	https://docs.angr.io/en/latest/api/angr.procedures.java_util.collection.html
angr.procedures.java_util	https://docs.angr.io/en/latest/api/angr.procedures.java_util.html
angr.procedures.java_util.iterator	https://docs.angr.io/en/latest/api/angr.procedures.java_util.iterator.html
angr.procedures.java_util.list	https://docs.angr.io/en/latest/api/angr.procedures.java_util.list.html
angr.procedures.java_util.map	https://docs.angr.io/en/latest/api/angr.procedures.java_util.map.html
angr.procedures.java_util.random	https://docs.angr.io/en/latest/api/angr.procedures.java_util.random.html
angr.procedures.java_util.scanner_nextline	https://docs.angr.io/en/latest/api/angr.procedures.java_util.scanner_nextline.html
angr.procedures.libc.abort	https://docs.angr.io/en/latest/api/angr.procedures.libc.abort.html
angr.procedures.libc.access	https://docs.angr.io/en/latest/api/angr.procedures.libc.access.html
angr.procedures.libc.atoi	https://docs.angr.io/en/latest/api/angr.procedures.libc.atoi.html
angr.procedures.libc.atol	https://docs.angr.io/en/latest/api/angr.procedures.libc.atol.html
angr.procedures.libc.calloc	https://docs.angr.io/en/latest/api/angr.procedures.libc.calloc.html
angr.procedures.libc.closelog	https://docs.angr.io/en/latest/api/angr.procedures.libc.closelog.html
angr.procedures.libc.err	https://docs.angr.io/en/latest/api/angr.procedures.libc.err.html
angr.procedures.libc.error	https://docs.angr.io/en/latest/api/angr.procedures.libc.error.html
angr.procedures.libc.exit	https://docs.angr.io/en/latest/api/angr.procedures.libc.exit.html
angr.procedures.libc.fclose	https://docs.angr.io/en/latest/api/angr.procedures.libc.fclose.html
angr.procedures.libc.feof	https://docs.angr.io/en/latest/api/angr.procedures.libc.feof.html
angr.procedures.libc.fflush	https://docs.angr.io/en/latest/api/angr.procedures.libc.fflush.html
angr.procedures.libc.fgetc	https://docs.angr.io/en/latest/api/angr.procedures.libc.fgetc.html
angr.procedures.libc.fgets	https://docs.angr.io/en/latest/api/angr.procedures.libc.fgets.html
angr.procedures.libc.fopen	https://docs.angr.io/en/latest/api/angr.procedures.libc.fopen.html
angr.procedures.libc.fprintf	https://docs.angr.io/en/latest/api/angr.procedures.libc.fprintf.html
angr.procedures.libc.fputc	https://docs.angr.io/en/latest/api/angr.procedures.libc.fputc.html
angr.procedures.libc.fputs	https://docs.angr.io/en/latest/api/angr.procedures.libc.fputs.html
angr.procedures.libc.fread	https://docs.angr.io/en/latest/api/angr.procedures.libc.fread.html
angr.procedures.libc.free	https://docs.angr.io/en/latest/api/angr.procedures.libc.free.html
angr.procedures.libc.fscanf	https://docs.angr.io/en/latest/api/angr.procedures.libc.fscanf.html
angr.procedures.libc.fseek	https://docs.angr.io/en/latest/api/angr.procedures.libc.fseek.html
angr.procedures.libc.ftell	https://docs.angr.io/en/latest/api/angr.procedures.libc.ftell.html
angr.procedures.libc.fwrite	https://docs.angr.io/en/latest/api/angr.procedures.libc.fwrite.html
angr.procedures.libc.getchar	https://docs.angr.io/en/latest/api/angr.procedures.libc.getchar.html
angr.procedures.libc.getegid	https://docs.angr.io/en/latest/api/angr.procedures.libc.getegid.html
angr.procedures.libc.geteuid	https://docs.angr.io/en/latest/api/angr.procedures.libc.geteuid.html
angr.procedures.libc.getgid	https://docs.angr.io/en/latest/api/angr.procedures.libc.getgid.html
angr.procedures.libc.gets	https://docs.angr.io/en/latest/api/angr.procedures.libc.gets.html
angr.procedures.libc.getuid	https://docs.angr.io/en/latest/api/angr.procedures.libc.getuid.html
angr.procedures.libc	https://docs.angr.io/en/latest/api/angr.procedures.libc.html
angr.procedures.libc.isalnum	https://docs.angr.io/en/latest/api/angr.procedures.libc.isalnum.html
angr.procedures.libc.isalpha	https://docs.angr.io/en/latest/api/angr.procedures.libc.isalpha.html
angr.procedures.libc.isascii	https://docs.angr.io/en/latest/api/angr.procedures.libc.isascii.html
angr.procedures.libc.isblank	https://docs.angr.io/en/latest/api/angr.procedures.libc.isblank.html
angr.procedures.libc.iscntrl	https://docs.angr.io/en/latest/api/angr.procedures.libc.iscntrl.html
angr.procedures.libc.isdigit	https://docs.angr.io/en/latest/api/angr.procedures.libc.isdigit.html
angr.procedures.libc.isgraph	https://docs.angr.io/en/latest/api/angr.procedures.libc.isgraph.html
angr.procedures.libc.islower	https://docs.angr.io/en/latest/api/angr.procedures.libc.islower.html
angr.procedures.libc.isprint	https://docs.angr.io/en/latest/api/angr.procedures.libc.isprint.html
angr.procedures.libc.ispunct	https://docs.angr.io/en/latest/api/angr.procedures.libc.ispunct.html
angr.procedures.libc.isspace	https://docs.angr.io/en/latest/api/angr.procedures.libc.isspace.html
angr.procedures.libc.isupper	https://docs.angr.io/en/latest/api/angr.procedures.libc.isupper.html
angr.procedures.libc.isxdigit	https://docs.angr.io/en/latest/api/angr.procedures.libc.isxdigit.html
angr.procedures.libc.malloc	https://docs.angr.io/en/latest/api/angr.procedures.libc.malloc.html
angr.procedures.libc.memccpy	https://docs.angr.io/en/latest/api/angr.procedures.libc.memccpy.html
angr.procedures.libc.memchr	https://docs.angr.io/en/latest/api/angr.procedures.libc.memchr.html
angr.procedures.libc.memcmp	https://docs.angr.io/en/latest/api/angr.procedures.libc.memcmp.html
angr.procedures.libc.memcpy	https://docs.angr.io/en/latest/api/angr.procedures.libc.memcpy.html
angr.procedures.libc.memmove	https://docs.angr.io/en/latest/api/angr.procedures.libc.memmove.html
angr.procedures.libc.mempcpy	https://docs.angr.io/en/latest/api/angr.procedures.libc.mempcpy.html
angr.procedures.libc.memset	https://docs.angr.io/en/latest/api/angr.procedures.libc.memset.html
angr.procedures.libc.openlog	https://docs.angr.io/en/latest/api/angr.procedures.libc.openlog.html
angr.procedures.libc.perror	https://docs.angr.io/en/latest/api/angr.procedures.libc.perror.html
angr.procedures.libc.printf	https://docs.angr.io/en/latest/api/angr.procedures.libc.printf.html
angr.procedures.libc.putchar	https://docs.angr.io/en/latest/api/angr.procedures.libc.putchar.html
angr.procedures.libc.puts	https://docs.angr.io/en/latest/api/angr.procedures.libc.puts.html
angr.procedures.libc.rand	https://docs.angr.io/en/latest/api/angr.procedures.libc.rand.html
angr.procedures.libc.realloc	https://docs.angr.io/en/latest/api/angr.procedures.libc.realloc.html
angr.procedures.libc.rewind	https://docs.angr.io/en/latest/api/angr.procedures.libc.rewind.html
angr.procedures.libc.scanf	https://docs.angr.io/en/latest/api/angr.procedures.libc.scanf.html
angr.procedures.libc.setbuf	https://docs.angr.io/en/latest/api/angr.procedures.libc.setbuf.html
angr.procedures.libc.setvbuf	https://docs.angr.io/en/latest/api/angr.procedures.libc.setvbuf.html
angr.procedures.libc.snprintf	https://docs.angr.io/en/latest/api/angr.procedures.libc.snprintf.html
angr.procedures.libc.sprintf	https://docs.angr.io/en/latest/api/angr.procedures.libc.sprintf.html
angr.procedures.libc.srand	https://docs.angr.io/en/latest/api/angr.procedures.libc.srand.html
angr.procedures.libc.sscanf	https://docs.angr.io/en/latest/api/angr.procedures.libc.sscanf.html
angr.procedures.libc.stpcpy	https://docs.angr.io/en/latest/api/angr.procedures.libc.stpcpy.html
angr.procedures.libc.strcat	https://docs.angr.io/en/latest/api/angr.procedures.libc.strcat.html
angr.procedures.libc.strchr	https://docs.angr.io/en/latest/api/angr.procedures.libc.strchr.html
angr.procedures.libc.strcmp	https://docs.angr.io/en/latest/api/angr.procedures.libc.strcmp.html
angr.procedures.libc.strcoll	https://docs.angr.io/en/latest/api/angr.procedures.libc.strcoll.html
angr.procedures.libc.strcpy	https://docs.angr.io/en/latest/api/angr.procedures.libc.strcpy.html
angr.procedures.libc.strlen	https://docs.angr.io/en/latest/api/angr.procedures.libc.strlen.html
angr.procedures.libc.strncat	https://docs.angr.io/en/latest/api/angr.procedures.libc.strncat.html
angr.procedures.libc.strncmp	https://docs.angr.io/en/latest/api/angr.procedures.libc.strncmp.html
angr.procedures.libc.strncpy	https://docs.angr.io/en/latest/api/angr.procedures.libc.strncpy.html
angr.procedures.libc.strnlen	https://docs.angr.io/en/latest/api/angr.procedures.libc.strnlen.html
angr.procedures.libc.strstr	https://docs.angr.io/en/latest/api/angr.procedures.libc.strstr.html
angr.procedures.libc.strtok	https://docs.angr.io/en/latest/api/angr.procedures.libc.strtok.html
angr.procedures.libc.strtol	https://docs.angr.io/en/latest/api/angr.procedures.libc.strtol.html
angr.procedures.libc.strtoul	https://docs.angr.io/en/latest/api/angr.procedures.libc.strtoul.html
angr.procedures.libc.strxfrm	https://docs.angr.io/en/latest/api/angr.procedures.libc.strxfrm.html
angr.procedures.libc.system	https://docs.angr.io/en/latest/api/angr.procedures.libc.system.html
angr.procedures.libc.time	https://docs.angr.io/en/latest/api/angr.procedures.libc.time.html
angr.procedures.libc.tmpnam	https://docs.angr.io/en/latest/api/angr.procedures.libc.tmpnam.html
angr.procedures.libc.tolower	https://docs.angr.io/en/latest/api/angr.procedures.libc.tolower.html
angr.procedures.libc.toupper	https://docs.angr.io/en/latest/api/angr.procedures.libc.toupper.html
angr.procedures.libc.ungetc	https://docs.angr.io/en/latest/api/angr.procedures.libc.ungetc.html
angr.procedures.libc.vsnprintf	https://docs.angr.io/en/latest/api/angr.procedures.libc.vsnprintf.html
angr.procedures.libc.wchar	https://docs.angr.io/en/latest/api/angr.procedures.libc.wchar.html
angr.procedures.libstdcpp	https://docs.angr.io/en/latest/api/angr.procedures.libstdcpp.html
angr.procedures.libstdcpp.std\_\_\_\_throw_bad_alloc	https://docs.angr.io/en/latest/api/angr.procedures.libstdcpp.std____throw_bad_alloc.html
angr.procedures.libstdcpp.std\_\_\_\_throw_bad_cast	https://docs.angr.io/en/latest/api/angr.procedures.libstdcpp.std____throw_bad_cast.html
angr.procedures.libstdcpp.std\_\_\_\_throw_length_error	https://docs.angr.io/en/latest/api/angr.procedures.libstdcpp.std____throw_length_error.html
angr.procedures.libstdcpp.std\_\_\_\_throw_logic_error	https://docs.angr.io/en/latest/api/angr.procedures.libstdcpp.std____throw_logic_error.html
angr.procedures.libstdcpp.std\_\_terminate	https://docs.angr.io/en/latest/api/angr.procedures.libstdcpp.std__terminate.html
angr.procedures.linux_kernel.access	https://docs.angr.io/en/latest/api/angr.procedures.linux_kernel.access.html
angr.procedures.linux_kernel.arch_prctl	https://docs.angr.io/en/latest/api/angr.procedures.linux_kernel.arch_prctl.html
angr.procedures.linux_kernel.brk	https://docs.angr.io/en/latest/api/angr.procedures.linux_kernel.brk.html
angr.procedures.linux_kernel.cwd	https://docs.angr.io/en/latest/api/angr.procedures.linux_kernel.cwd.html
angr.procedures.linux_kernel.fstat	https://docs.angr.io/en/latest/api/angr.procedures.linux_kernel.fstat.html
angr.procedures.linux_kernel.fstat64	https://docs.angr.io/en/latest/api/angr.procedures.linux_kernel.fstat64.html
angr.procedures.linux_kernel.futex	https://docs.angr.io/en/latest/api/angr.procedures.linux_kernel.futex.html
angr.procedures.linux_kernel.getegid	https://docs.angr.io/en/latest/api/angr.procedures.linux_kernel.getegid.html
angr.procedures.linux_kernel.geteuid	https://docs.angr.io/en/latest/api/angr.procedures.linux_kernel.geteuid.html
angr.procedures.linux_kernel.getgid	https://docs.angr.io/en/latest/api/angr.procedures.linux_kernel.getgid.html
angr.procedures.linux_kernel.getpid	https://docs.angr.io/en/latest/api/angr.procedures.linux_kernel.getpid.html
angr.procedures.linux_kernel.getrlimit	https://docs.angr.io/en/latest/api/angr.procedures.linux_kernel.getrlimit.html
angr.procedures.linux_kernel.gettid	https://docs.angr.io/en/latest/api/angr.procedures.linux_kernel.gettid.html
angr.procedures.linux_kernel.getuid	https://docs.angr.io/en/latest/api/angr.procedures.linux_kernel.getuid.html
angr.procedures.linux_kernel	https://docs.angr.io/en/latest/api/angr.procedures.linux_kernel.html
angr.procedures.linux_kernel.iovec	https://docs.angr.io/en/latest/api/angr.procedures.linux_kernel.iovec.html
angr.procedures.linux_kernel.lseek	https://docs.angr.io/en/latest/api/angr.procedures.linux_kernel.lseek.html
angr.procedures.linux_kernel.mmap	https://docs.angr.io/en/latest/api/angr.procedures.linux_kernel.mmap.html
angr.procedures.linux_kernel.mprotect	https://docs.angr.io/en/latest/api/angr.procedures.linux_kernel.mprotect.html
angr.procedures.linux_kernel.munmap	https://docs.angr.io/en/latest/api/angr.procedures.linux_kernel.munmap.html
angr.procedures.linux_kernel.openat	https://docs.angr.io/en/latest/api/angr.procedures.linux_kernel.openat.html
angr.procedures.linux_kernel.set_tid_address	https://docs.angr.io/en/latest/api/angr.procedures.linux_kernel.set_tid_address.html
angr.procedures.linux_kernel.sigaction	https://docs.angr.io/en/latest/api/angr.procedures.linux_kernel.sigaction.html
angr.procedures.linux_kernel.sigprocmask	https://docs.angr.io/en/latest/api/angr.procedures.linux_kernel.sigprocmask.html
angr.procedures.linux_kernel.stat	https://docs.angr.io/en/latest/api/angr.procedures.linux_kernel.stat.html
angr.procedures.linux_kernel.sysinfo	https://docs.angr.io/en/latest/api/angr.procedures.linux_kernel.sysinfo.html
angr.procedures.linux_kernel.tgkill	https://docs.angr.io/en/latest/api/angr.procedures.linux_kernel.tgkill.html
angr.procedures.linux_kernel.time	https://docs.angr.io/en/latest/api/angr.procedures.linux_kernel.time.html
angr.procedures.linux_kernel.uid	https://docs.angr.io/en/latest/api/angr.procedures.linux_kernel.uid.html
angr.procedures.linux_kernel.uname	https://docs.angr.io/en/latest/api/angr.procedures.linux_kernel.uname.html
angr.procedures.linux_kernel.unlink	https://docs.angr.io/en/latest/api/angr.procedures.linux_kernel.unlink.html
angr.procedures.linux_loader	https://docs.angr.io/en/latest/api/angr.procedures.linux_loader.html
angr.procedures.linux_loader.sim_loader	https://docs.angr.io/en/latest/api/angr.procedures.linux_loader.sim_loader.html
angr.procedures.linux_loader.tls	https://docs.angr.io/en/latest/api/angr.procedures.linux_loader.tls.html
angr.procedures.msvcr	https://docs.angr.io/en/latest/api/angr.procedures.msvcr.html
angr.procedures.ntdll.exceptions	https://docs.angr.io/en/latest/api/angr.procedures.ntdll.exceptions.html
angr.procedures.ntdll	https://docs.angr.io/en/latest/api/angr.procedures.ntdll.html
angr.procedures.posix.accept	https://docs.angr.io/en/latest/api/angr.procedures.posix.accept.html
angr.procedures.posix.bind	https://docs.angr.io/en/latest/api/angr.procedures.posix.bind.html
angr.procedures.posix.bzero	https://docs.angr.io/en/latest/api/angr.procedures.posix.bzero.html
angr.procedures.posix.chroot	https://docs.angr.io/en/latest/api/angr.procedures.posix.chroot.html
angr.procedures.posix.close	https://docs.angr.io/en/latest/api/angr.procedures.posix.close.html
angr.procedures.posix.closedir	https://docs.angr.io/en/latest/api/angr.procedures.posix.closedir.html
angr.procedures.posix.dup	https://docs.angr.io/en/latest/api/angr.procedures.posix.dup.html
angr.procedures.posix.fcntl	https://docs.angr.io/en/latest/api/angr.procedures.posix.fcntl.html
angr.procedures.posix.fdopen	https://docs.angr.io/en/latest/api/angr.procedures.posix.fdopen.html
angr.procedures.posix.fileno	https://docs.angr.io/en/latest/api/angr.procedures.posix.fileno.html
angr.procedures.posix.fork	https://docs.angr.io/en/latest/api/angr.procedures.posix.fork.html
angr.procedures.posix.getenv	https://docs.angr.io/en/latest/api/angr.procedures.posix.getenv.html
angr.procedures.posix.gethostbyname	https://docs.angr.io/en/latest/api/angr.procedures.posix.gethostbyname.html
angr.procedures.posix.getpass	https://docs.angr.io/en/latest/api/angr.procedures.posix.getpass.html
angr.procedures.posix.getsockopt	https://docs.angr.io/en/latest/api/angr.procedures.posix.getsockopt.html
angr.procedures.posix	https://docs.angr.io/en/latest/api/angr.procedures.posix.html
angr.procedures.posix.htonl	https://docs.angr.io/en/latest/api/angr.procedures.posix.htonl.html
angr.procedures.posix.htons	https://docs.angr.io/en/latest/api/angr.procedures.posix.htons.html
angr.procedures.posix.inet_ntoa	https://docs.angr.io/en/latest/api/angr.procedures.posix.inet_ntoa.html
angr.procedures.posix.listen	https://docs.angr.io/en/latest/api/angr.procedures.posix.listen.html
angr.procedures.posix.mmap	https://docs.angr.io/en/latest/api/angr.procedures.posix.mmap.html
angr.procedures.posix.open	https://docs.angr.io/en/latest/api/angr.procedures.posix.open.html
angr.procedures.posix.opendir	https://docs.angr.io/en/latest/api/angr.procedures.posix.opendir.html
angr.procedures.posix.poll	https://docs.angr.io/en/latest/api/angr.procedures.posix.poll.html
angr.procedures.posix.pread64	https://docs.angr.io/en/latest/api/angr.procedures.posix.pread64.html
angr.procedures.posix.pthread	https://docs.angr.io/en/latest/api/angr.procedures.posix.pthread.html
angr.procedures.posix.pwrite64	https://docs.angr.io/en/latest/api/angr.procedures.posix.pwrite64.html
angr.procedures.posix.read	https://docs.angr.io/en/latest/api/angr.procedures.posix.read.html
angr.procedures.posix.readdir	https://docs.angr.io/en/latest/api/angr.procedures.posix.readdir.html
angr.procedures.posix.recv	https://docs.angr.io/en/latest/api/angr.procedures.posix.recv.html
angr.procedures.posix.recvfrom	https://docs.angr.io/en/latest/api/angr.procedures.posix.recvfrom.html
angr.procedures.posix.select	https://docs.angr.io/en/latest/api/angr.procedures.posix.select.html
angr.procedures.posix.send	https://docs.angr.io/en/latest/api/angr.procedures.posix.send.html
angr.procedures.posix.setsockopt	https://docs.angr.io/en/latest/api/angr.procedures.posix.setsockopt.html
angr.procedures.posix.sigaction	https://docs.angr.io/en/latest/api/angr.procedures.posix.sigaction.html
angr.procedures.posix.sim_time	https://docs.angr.io/en/latest/api/angr.procedures.posix.sim_time.html
angr.procedures.posix.sleep	https://docs.angr.io/en/latest/api/angr.procedures.posix.sleep.html
angr.procedures.posix.socket	https://docs.angr.io/en/latest/api/angr.procedures.posix.socket.html
angr.procedures.posix.strcasecmp	https://docs.angr.io/en/latest/api/angr.procedures.posix.strcasecmp.html
angr.procedures.posix.strdup	https://docs.angr.io/en/latest/api/angr.procedures.posix.strdup.html
angr.procedures.posix.strncasecmp	https://docs.angr.io/en/latest/api/angr.procedures.posix.strncasecmp.html
angr.procedures.posix.strndup	https://docs.angr.io/en/latest/api/angr.procedures.posix.strndup.html
angr.procedures.posix.strtok_r	https://docs.angr.io/en/latest/api/angr.procedures.posix.strtok_r.html
angr.procedures.posix.syslog	https://docs.angr.io/en/latest/api/angr.procedures.posix.syslog.html
angr.procedures.posix.tz	https://docs.angr.io/en/latest/api/angr.procedures.posix.tz.html
angr.procedures.posix.unlink	https://docs.angr.io/en/latest/api/angr.procedures.posix.unlink.html
angr.procedures.posix.usleep	https://docs.angr.io/en/latest/api/angr.procedures.posix.usleep.html
angr.procedures.posix.write	https://docs.angr.io/en/latest/api/angr.procedures.posix.write.html
angr.procedures.stubs.CallReturn	https://docs.angr.io/en/latest/api/angr.procedures.stubs.CallReturn.html
angr.procedures.stubs.NoReturnUnconstrained	https://docs.angr.io/en/latest/api/angr.procedures.stubs.NoReturnUnconstrained.html
angr.procedures.stubs.Nop	https://docs.angr.io/en/latest/api/angr.procedures.stubs.Nop.html
angr.procedures.stubs.PathTerminator	https://docs.angr.io/en/latest/api/angr.procedures.stubs.PathTerminator.html
angr.procedures.stubs.Redirect	https://docs.angr.io/en/latest/api/angr.procedures.stubs.Redirect.html
angr.procedures.stubs.ReturnChar	https://docs.angr.io/en/latest/api/angr.procedures.stubs.ReturnChar.html
angr.procedures.stubs.ReturnUnconstrained	https://docs.angr.io/en/latest/api/angr.procedures.stubs.ReturnUnconstrained.html
angr.procedures.stubs.UnresolvableCallTarget	https://docs.angr.io/en/latest/api/angr.procedures.stubs.UnresolvableCallTarget.html
angr.procedures.stubs.UnresolvableJumpTarget	https://docs.angr.io/en/latest/api/angr.procedures.stubs.UnresolvableJumpTarget.html
angr.procedures.stubs.UserHook	https://docs.angr.io/en/latest/api/angr.procedures.stubs.UserHook.html
angr.procedures.stubs.b64_decode	https://docs.angr.io/en/latest/api/angr.procedures.stubs.b64_decode.html
angr.procedures.stubs.caller	https://docs.angr.io/en/latest/api/angr.procedures.stubs.caller.html
angr.procedures.stubs.crazy_scanf	https://docs.angr.io/en/latest/api/angr.procedures.stubs.crazy_scanf.html
angr.procedures.stubs.format_parser	https://docs.angr.io/en/latest/api/angr.procedures.stubs.format_parser.html
angr.procedures.stubs	https://docs.angr.io/en/latest/api/angr.procedures.stubs.html
angr.procedures.stubs.syscall_stub	https://docs.angr.io/en/latest/api/angr.procedures.stubs.syscall_stub.html
angr.procedures.testing	https://docs.angr.io/en/latest/api/angr.procedures.testing.html
angr.procedures.testing.manyargs	https://docs.angr.io/en/latest/api/angr.procedures.testing.manyargs.html
angr.procedures.testing.retreg	https://docs.angr.io/en/latest/api/angr.procedures.testing.retreg.html
angr.procedures.tracer	https://docs.angr.io/en/latest/api/angr.procedures.tracer.html
angr.procedures.tracer.random	https://docs.angr.io/en/latest/api/angr.procedures.tracer.random.html
angr.procedures.tracer.receive	https://docs.angr.io/en/latest/api/angr.procedures.tracer.receive.html
angr.procedures.tracer.transmit	https://docs.angr.io/en/latest/api/angr.procedures.tracer.transmit.html
angr.procedures.uclibc	https://docs.angr.io/en/latest/api/angr.procedures.uclibc.html
angr.procedures.win32.EncodePointer	https://docs.angr.io/en/latest/api/angr.procedures.win32.EncodePointer.html
angr.procedures.win32.ExitProcess	https://docs.angr.io/en/latest/api/angr.procedures.win32.ExitProcess.html
angr.procedures.win32.GetCommandLine	https://docs.angr.io/en/latest/api/angr.procedures.win32.GetCommandLine.html
angr.procedures.win32.GetCurrentProcessId	https://docs.angr.io/en/latest/api/angr.procedures.win32.GetCurrentProcessId.html
angr.procedures.win32.GetCurrentThreadId	https://docs.angr.io/en/latest/api/angr.procedures.win32.GetCurrentThreadId.html
angr.procedures.win32.GetLastInputInfo	https://docs.angr.io/en/latest/api/angr.procedures.win32.GetLastInputInfo.html
angr.procedures.win32.GetModuleHandle	https://docs.angr.io/en/latest/api/angr.procedures.win32.GetModuleHandle.html
angr.procedures.win32.GetProcessAffinityMask	https://docs.angr.io/en/latest/api/angr.procedures.win32.GetProcessAffinityMask.html
angr.procedures.win32.InterlockedExchange	https://docs.angr.io/en/latest/api/angr.procedures.win32.InterlockedExchange.html
angr.procedures.win32.IsProcessorFeaturePresent	https://docs.angr.io/en/latest/api/angr.procedures.win32.IsProcessorFeaturePresent.html
angr.procedures.win32.VirtualAlloc	https://docs.angr.io/en/latest/api/angr.procedures.win32.VirtualAlloc.html
angr.procedures.win32.VirtualProtect	https://docs.angr.io/en/latest/api/angr.procedures.win32.VirtualProtect.html
angr.procedures.win32.critical_section	https://docs.angr.io/en/latest/api/angr.procedures.win32.critical_section.html
angr.procedures.win32.dynamic_loading	https://docs.angr.io/en/latest/api/angr.procedures.win32.dynamic_loading.html
angr.procedures.win32.file_handles	https://docs.angr.io/en/latest/api/angr.procedures.win32.file_handles.html
angr.procedures.win32.gethostbyname	https://docs.angr.io/en/latest/api/angr.procedures.win32.gethostbyname.html
angr.procedures.win32.heap	https://docs.angr.io/en/latest/api/angr.procedures.win32.heap.html
angr.procedures.win32	https://docs.angr.io/en/latest/api/angr.procedures.win32.html
angr.procedures.win32.is_bad_ptr	https://docs.angr.io/en/latest/api/angr.procedures.win32.is_bad_ptr.html
angr.procedures.win32.local_storage	https://docs.angr.io/en/latest/api/angr.procedures.win32.local_storage.html
angr.procedures.win32.mutex	https://docs.angr.io/en/latest/api/angr.procedures.win32.mutex.html
angr.procedures.win32.sim_time	https://docs.angr.io/en/latest/api/angr.procedures.win32.sim_time.html
angr.procedures.win32.system_paths	https://docs.angr.io/en/latest/api/angr.procedures.win32.system_paths.html
angr.procedures.win32_kernel.ExAllocatePool	https://docs.angr.io/en/latest/api/angr.procedures.win32_kernel.ExAllocatePool.html
angr.procedures.win32_kernel.ExFreePoolWithTag	https://docs.angr.io/en/latest/api/angr.procedures.win32_kernel.ExFreePoolWithTag.html
angr.procedures.win32_kernel	https://docs.angr.io/en/latest/api/angr.procedures.win32_kernel.html
angr.procedures.win_user32.chars	https://docs.angr.io/en/latest/api/angr.procedures.win_user32.chars.html
angr.procedures.win_user32	https://docs.angr.io/en/latest/api/angr.procedures.win_user32.html
angr.procedures.win_user32.keyboard	https://docs.angr.io/en/latest/api/angr.procedures.win_user32.keyboard.html
angr.procedures.win_user32.messagebox	https://docs.angr.io/en/latest/api/angr.procedures.win_user32.messagebox.html
angr.project	https://docs.angr.io/en/latest/api/angr.project.html
angr.protos.ail_types_pb2	https://docs.angr.io/en/latest/api/angr.protos.ail_types_pb2.html
angr.protos.cfg_pb2	https://docs.angr.io/en/latest/api/angr.protos.cfg_pb2.html
angr.protos.clinic_pb2	https://docs.angr.io/en/latest/api/angr.protos.clinic_pb2.html
angr.protos.codegen_pb2	https://docs.angr.io/en/latest/api/angr.protos.codegen_pb2.html
angr.protos.decompilation_cache_pb2	https://docs.angr.io/en/latest/api/angr.protos.decompilation_cache_pb2.html
angr.protos.function_pb2	https://docs.angr.io/en/latest/api/angr.protos.function_pb2.html
angr.protos	https://docs.angr.io/en/latest/api/angr.protos.html
angr.protos.primitives_pb2	https://docs.angr.io/en/latest/api/angr.protos.primitives_pb2.html
angr.protos.variables_pb2	https://docs.angr.io/en/latest/api/angr.protos.variables_pb2.html
angr.protos.xrefs_pb2	https://docs.angr.io/en/latest/api/angr.protos.xrefs_pb2.html
angr.rust.analyses.cleanup_function_identification	https://docs.angr.io/en/latest/api/angr.rust.analyses.cleanup_function_identification.html
angr.rust.analyses.flirt_sig_propagation	https://docs.angr.io/en/latest/api/angr.rust.analyses.flirt_sig_propagation.html
angr.rust.analyses	https://docs.angr.io/en/latest/api/angr.rust.analyses.html
angr.rust.analyses.rust_calling_convention.fact_collector	https://docs.angr.io/en/latest/api/angr.rust.analyses.rust_calling_convention.fact_collector.html
angr.rust.analyses.rust_calling_convention	https://docs.angr.io/en/latest/api/angr.rust.analyses.rust_calling_convention.html
angr.rust.analyses.rust_calling_convention.pathfinder	https://docs.angr.io/en/latest/api/angr.rust.analyses.rust_calling_convention.pathfinder.html
angr.rust.analyses.rust_calling_convention.rust_calling_convention	https://docs.angr.io/en/latest/api/angr.rust.analyses.rust_calling_convention.rust_calling_convention.html
angr.rust.analyses.rust_calling_convention.rust_calling_convention_model	https://docs.angr.io/en/latest/api/angr.rust.analyses.rust_calling_convention.rust_calling_convention_model.html
angr.rust.analyses.rust_symbol_recovery	https://docs.angr.io/en/latest/api/angr.rust.analyses.rust_symbol_recovery.html
angr.rust.analyses.rust_type_hints	https://docs.angr.io/en/latest/api/angr.rust.analyses.rust_type_hints.html
angr.rust.analyses.rustc_version_identification	https://docs.angr.io/en/latest/api/angr.rust.analyses.rustc_version_identification.html
angr.rust.analyses.struct_builder	https://docs.angr.io/en/latest/api/angr.rust.analyses.struct_builder.html
angr.rust.analyses.type_db_loader	https://docs.angr.io/en/latest/api/angr.rust.analyses.type_db_loader.html
angr.rust	https://docs.angr.io/en/latest/api/angr.rust.html
angr.rust.knowledge_plugins.clinic_factory	https://docs.angr.io/en/latest/api/angr.rust.knowledge_plugins.clinic_factory.html
angr.rust.knowledge_plugins	https://docs.angr.io/en/latest/api/angr.rust.knowledge_plugins.html
angr.rust.knowledge_plugins.known_structs	https://docs.angr.io/en/latest/api/angr.rust.knowledge_plugins.known_structs.html
angr.rust.knowledge_plugins.librust	https://docs.angr.io/en/latest/api/angr.rust.knowledge_plugins.librust.html
angr.rust.knowledge_plugins.rust_calling_conventions	https://docs.angr.io/en/latest/api/angr.rust.knowledge_plugins.rust_calling_conventions.html
angr.rust.knowledge_plugins.type_hints	https://docs.angr.io/en/latest/api/angr.rust.knowledge_plugins.type_hints.html
angr.rust.mixins.cfa_mixin	https://docs.angr.io/en/latest/api/angr.rust.mixins.cfa_mixin.html
angr.rust.mixins.cfg_transformation_mixin	https://docs.angr.io/en/latest/api/angr.rust.mixins.cfg_transformation_mixin.html
angr.rust.mixins.dfa_mixin	https://docs.angr.io/en/latest/api/angr.rust.mixins.dfa_mixin.html
angr.rust.mixins	https://docs.angr.io/en/latest/api/angr.rust.mixins.html
angr.rust.mixins.srda_mixin	https://docs.angr.io/en/latest/api/angr.rust.mixins.srda_mixin.html
angr.rust.mixins.ssa_variable_mixin	https://docs.angr.io/en/latest/api/angr.rust.mixins.ssa_variable_mixin.html
angr.rust.optimization_passes.cleanup_code_remover	https://docs.angr.io/en/latest/api/angr.rust.optimization_passes.cleanup_code_remover.html
angr.rust.optimization_passes.combo_register_rewriter	https://docs.angr.io/en/latest/api/angr.rust.optimization_passes.combo_register_rewriter.html
angr.rust.optimization_passes.deref_coercion_simplifier	https://docs.angr.io/en/latest/api/angr.rust.optimization_passes.deref_coercion_simplifier.html
angr.rust.optimization_passes.deref_coercion_simplifier_uninlined	https://docs.angr.io/en/latest/api/angr.rust.optimization_passes.deref_coercion_simplifier_uninlined.html
angr.rust.optimization_passes.error_propagation_simplifier	https://docs.angr.io/en/latest/api/angr.rust.optimization_passes.error_propagation_simplifier.html
angr.rust.optimization_passes.function_prototype_inference	https://docs.angr.io/en/latest/api/angr.rust.optimization_passes.function_prototype_inference.html
angr.rust.optimization_passes	https://docs.angr.io/en/latest/api/angr.rust.optimization_passes.html
angr.rust.optimization_passes.macro.format_macro_simplifier	https://docs.angr.io/en/latest/api/angr.rust.optimization_passes.macro.format_macro_simplifier.html
angr.rust.optimization_passes.macro	https://docs.angr.io/en/latest/api/angr.rust.optimization_passes.macro.html
angr.rust.optimization_passes.outliners	https://docs.angr.io/en/latest/api/angr.rust.optimization_passes.outliners.html
angr.rust.optimization_passes.outliners.string_cmp_outliner	https://docs.angr.io/en/latest/api/angr.rust.optimization_passes.outliners.string_cmp_outliner.html
angr.rust.optimization_passes.outliners.string_literal_outliner	https://docs.angr.io/en/latest/api/angr.rust.optimization_passes.outliners.string_literal_outliner.html
angr.rust.optimization_passes.outliners.string_outliner	https://docs.angr.io/en/latest/api/angr.rust.optimization_passes.outliners.string_outliner.html
angr.rust.optimization_passes.outliners.unwrap_outliner	https://docs.angr.io/en/latest/api/angr.rust.optimization_passes.outliners.unwrap_outliner.html
angr.rust.optimization_passes.outliners.vec_outliner	https://docs.angr.io/en/latest/api/angr.rust.optimization_passes.outliners.vec_outliner.html
angr.rust.optimization_passes.pattern_match_simplifier	https://docs.angr.io/en/latest/api/angr.rust.optimization_passes.pattern_match_simplifier.html
angr.rust.optimization_passes.pre_pattern_match_simplifier	https://docs.angr.io/en/latest/api/angr.rust.optimization_passes.pre_pattern_match_simplifier.html
angr.rust.optimization_passes.redundant_block_remover	https://docs.angr.io/en/latest/api/angr.rust.optimization_passes.redundant_block_remover.html
angr.rust.optimization_passes.ret_expr_rewriter	https://docs.angr.io/en/latest/api/angr.rust.optimization_passes.ret_expr_rewriter.html
angr.rust.optimization_passes.rust_calling_convention	https://docs.angr.io/en/latest/api/angr.rust.optimization_passes.rust_calling_convention.html
angr.rust.optimization_passes.security_check_remover	https://docs.angr.io/en/latest/api/angr.rust.optimization_passes.security_check_remover.html
angr.rust.optimization_passes.str_argument_simplifier	https://docs.angr.io/en/latest/api/angr.rust.optimization_passes.str_argument_simplifier.html
angr.rust.optimization_passes.struct_instantiation_simplifier	https://docs.angr.io/en/latest/api/angr.rust.optimization_passes.struct_instantiation_simplifier.html
angr.rust.optimization_passes.struct_return_simplifier	https://docs.angr.io/en/latest/api/angr.rust.optimization_passes.struct_return_simplifier.html
angr.rust.optimization_passes.utils	https://docs.angr.io/en/latest/api/angr.rust.optimization_passes.utils.html
angr.rust.sim_type	https://docs.angr.io/en/latest/api/angr.rust.sim_type.html
angr.rust.structuring	https://docs.angr.io/en/latest/api/angr.rust.structuring.html
angr.rust.structuring.structurer_nodes	https://docs.angr.io/en/latest/api/angr.rust.structuring.structurer_nodes.html
angr.rust.typehoon	https://docs.angr.io/en/latest/api/angr.rust.typehoon.html
angr.rust.typehoon.translator	https://docs.angr.io/en/latest/api/angr.rust.typehoon.translator.html
angr.rust.typehoon.typehoon	https://docs.angr.io/en/latest/api/angr.rust.typehoon.typehoon.html
angr.rust.utils.ail	https://docs.angr.io/en/latest/api/angr.rust.utils.ail.html
angr.rust.utils.demangler	https://docs.angr.io/en/latest/api/angr.rust.utils.demangler.html
angr.rust.utils	https://docs.angr.io/en/latest/api/angr.rust.utils.html
angr.rust.utils.rust_sigs	https://docs.angr.io/en/latest/api/angr.rust.utils.rust_sigs.html
angr.rustylib	https://docs.angr.io/en/latest/api/angr.rustylib.html
angr.serializable	https://docs.angr.io/en/latest/api/angr.serializable.html
angr.sim_manager	https://docs.angr.io/en/latest/api/angr.sim_manager.html
angr.sim_procedure	https://docs.angr.io/en/latest/api/angr.sim_procedure.html
angr.sim_state	https://docs.angr.io/en/latest/api/angr.sim_state.html
angr.sim_state_options	https://docs.angr.io/en/latest/api/angr.sim_state_options.html
angr.sim_type	https://docs.angr.io/en/latest/api/angr.sim_type.html
angr.sim_variable	https://docs.angr.io/en/latest/api/angr.sim_variable.html
angr.simos.cgc	https://docs.angr.io/en/latest/api/angr.simos.cgc.html
angr.simos	https://docs.angr.io/en/latest/api/angr.simos.html
angr.simos.javavm	https://docs.angr.io/en/latest/api/angr.simos.javavm.html
angr.simos.linux	https://docs.angr.io/en/latest/api/angr.simos.linux.html
angr.simos.simos	https://docs.angr.io/en/latest/api/angr.simos.simos.html
angr.simos.snimmuc_nxp	https://docs.angr.io/en/latest/api/angr.simos.snimmuc_nxp.html
angr.simos.uefi	https://docs.angr.io/en/latest/api/angr.simos.uefi.html
angr.simos.userland	https://docs.angr.io/en/latest/api/angr.simos.userland.html
angr.simos.windows	https://docs.angr.io/en/latest/api/angr.simos.windows.html
angr.simos.xbox	https://docs.angr.io/en/latest/api/angr.simos.xbox.html
angr.slicer	https://docs.angr.io/en/latest/api/angr.slicer.html
angr.state_hierarchy	https://docs.angr.io/en/latest/api/angr.state_hierarchy.html
angr.state_plugins.callstack	https://docs.angr.io/en/latest/api/angr.state_plugins.callstack.html
angr.state_plugins.cgc	https://docs.angr.io/en/latest/api/angr.state_plugins.cgc.html
angr.state_plugins.debug_variables	https://docs.angr.io/en/latest/api/angr.state_plugins.debug_variables.html
angr.state_plugins.edge_hitmap	https://docs.angr.io/en/latest/api/angr.state_plugins.edge_hitmap.html
angr.state_plugins.filesystem	https://docs.angr.io/en/latest/api/angr.state_plugins.filesystem.html
angr.state_plugins.gdb	https://docs.angr.io/en/latest/api/angr.state_plugins.gdb.html
angr.state_plugins.globals	https://docs.angr.io/en/latest/api/angr.state_plugins.globals.html
angr.state_plugins.heap.heap_base	https://docs.angr.io/en/latest/api/angr.state_plugins.heap.heap_base.html
angr.state_plugins.heap.heap_brk	https://docs.angr.io/en/latest/api/angr.state_plugins.heap.heap_brk.html
angr.state_plugins.heap.heap_freelist	https://docs.angr.io/en/latest/api/angr.state_plugins.heap.heap_freelist.html
angr.state_plugins.heap.heap_libc	https://docs.angr.io/en/latest/api/angr.state_plugins.heap.heap_libc.html
angr.state_plugins.heap.heap_ptmalloc	https://docs.angr.io/en/latest/api/angr.state_plugins.heap.heap_ptmalloc.html
angr.state_plugins.heap	https://docs.angr.io/en/latest/api/angr.state_plugins.heap.html
angr.state_plugins.heap.utils	https://docs.angr.io/en/latest/api/angr.state_plugins.heap.utils.html
angr.state_plugins.history	https://docs.angr.io/en/latest/api/angr.state_plugins.history.html
angr.state_plugins	https://docs.angr.io/en/latest/api/angr.state_plugins.html
angr.state_plugins.icicle	https://docs.angr.io/en/latest/api/angr.state_plugins.icicle.html
angr.state_plugins.inspect	https://docs.angr.io/en/latest/api/angr.state_plugins.inspect.html
angr.state_plugins.javavm_classloader	https://docs.angr.io/en/latest/api/angr.state_plugins.javavm_classloader.html
angr.state_plugins.jni_references	https://docs.angr.io/en/latest/api/angr.state_plugins.jni_references.html
angr.state_plugins.libc	https://docs.angr.io/en/latest/api/angr.state_plugins.libc.html
angr.state_plugins.light_registers	https://docs.angr.io/en/latest/api/angr.state_plugins.light_registers.html
angr.state_plugins.log	https://docs.angr.io/en/latest/api/angr.state_plugins.log.html
angr.state_plugins.loop_data	https://docs.angr.io/en/latest/api/angr.state_plugins.loop_data.html
angr.state_plugins.plugin	https://docs.angr.io/en/latest/api/angr.state_plugins.plugin.html
angr.state_plugins.posix	https://docs.angr.io/en/latest/api/angr.state_plugins.posix.html
angr.state_plugins.preconstrainer	https://docs.angr.io/en/latest/api/angr.state_plugins.preconstrainer.html
angr.state_plugins.scratch	https://docs.angr.io/en/latest/api/angr.state_plugins.scratch.html
angr.state_plugins.sim_action	https://docs.angr.io/en/latest/api/angr.state_plugins.sim_action.html
angr.state_plugins.sim_action_object	https://docs.angr.io/en/latest/api/angr.state_plugins.sim_action_object.html
angr.state_plugins.sim_event	https://docs.angr.io/en/latest/api/angr.state_plugins.sim_event.html
angr.state_plugins.solver	https://docs.angr.io/en/latest/api/angr.state_plugins.solver.html
angr.state_plugins.symbolizer	https://docs.angr.io/en/latest/api/angr.state_plugins.symbolizer.html
angr.state_plugins.trace_additions	https://docs.angr.io/en/latest/api/angr.state_plugins.trace_additions.html
angr.state_plugins.uc_manager	https://docs.angr.io/en/latest/api/angr.state_plugins.uc_manager.html
angr.state_plugins.unicorn_engine	https://docs.angr.io/en/latest/api/angr.state_plugins.unicorn_engine.html
angr.state_plugins.view	https://docs.angr.io/en/latest/api/angr.state_plugins.view.html
angr.storage.file	https://docs.angr.io/en/latest/api/angr.storage.file.html
angr.storage	https://docs.angr.io/en/latest/api/angr.storage.html
angr.storage.memory_mixins.actions_mixin	https://docs.angr.io/en/latest/api/angr.storage.memory_mixins.actions_mixin.html
angr.storage.memory_mixins.address_concretization_mixin	https://docs.angr.io/en/latest/api/angr.storage.memory_mixins.address_concretization_mixin.html
angr.storage.memory_mixins.bvv_conversion_mixin	https://docs.angr.io/en/latest/api/angr.storage.memory_mixins.bvv_conversion_mixin.html
angr.storage.memory_mixins.conditional_store_mixin	https://docs.angr.io/en/latest/api/angr.storage.memory_mixins.conditional_store_mixin.html
angr.storage.memory_mixins.convenient_mappings_mixin	https://docs.angr.io/en/latest/api/angr.storage.memory_mixins.convenient_mappings_mixin.html
angr.storage.memory_mixins.default_filler_mixin	https://docs.angr.io/en/latest/api/angr.storage.memory_mixins.default_filler_mixin.html
angr.storage.memory_mixins.dirty_addrs_mixin	https://docs.angr.io/en/latest/api/angr.storage.memory_mixins.dirty_addrs_mixin.html
angr.storage.memory_mixins.hex_dumper_mixin	https://docs.angr.io/en/latest/api/angr.storage.memory_mixins.hex_dumper_mixin.html
angr.storage.memory_mixins	https://docs.angr.io/en/latest/api/angr.storage.memory_mixins.html
angr.storage.memory_mixins.inspect_mixin	https://docs.angr.io/en/latest/api/angr.storage.memory_mixins.inspect_mixin.html
angr.storage.memory_mixins.javavm_memory_mixin	https://docs.angr.io/en/latest/api/angr.storage.memory_mixins.javavm_memory_mixin.html
angr.storage.memory_mixins.keyvalue_memory_mixin	https://docs.angr.io/en/latest/api/angr.storage.memory_mixins.keyvalue_memory_mixin.html
angr.storage.memory_mixins.label_merger_mixin	https://docs.angr.io/en/latest/api/angr.storage.memory_mixins.label_merger_mixin.html
angr.storage.memory_mixins.memory_mixin	https://docs.angr.io/en/latest/api/angr.storage.memory_mixins.memory_mixin.html
angr.storage.memory_mixins.multi_value_merger_mixin	https://docs.angr.io/en/latest/api/angr.storage.memory_mixins.multi_value_merger_mixin.html
angr.storage.memory_mixins.name_resolution_mixin	https://docs.angr.io/en/latest/api/angr.storage.memory_mixins.name_resolution_mixin.html
angr.storage.memory_mixins.paged_memory	https://docs.angr.io/en/latest/api/angr.storage.memory_mixins.paged_memory.html
angr.storage.memory_mixins.paged_memory.page_backer_mixins	https://docs.angr.io/en/latest/api/angr.storage.memory_mixins.paged_memory.page_backer_mixins.html
angr.storage.memory_mixins.paged_memory.paged_memory_mixin	https://docs.angr.io/en/latest/api/angr.storage.memory_mixins.paged_memory.paged_memory_mixin.html
angr.storage.memory_mixins.paged_memory.paged_memory_multivalue_mixin	https://docs.angr.io/en/latest/api/angr.storage.memory_mixins.paged_memory.paged_memory_multivalue_mixin.html
angr.storage.memory_mixins.paged_memory.pages.base	https://docs.angr.io/en/latest/api/angr.storage.memory_mixins.paged_memory.pages.base.html
angr.storage.memory_mixins.paged_memory.pages.cooperation	https://docs.angr.io/en/latest/api/angr.storage.memory_mixins.paged_memory.pages.cooperation.html
angr.storage.memory_mixins.paged_memory.pages.history_tracking_mixin	https://docs.angr.io/en/latest/api/angr.storage.memory_mixins.paged_memory.pages.history_tracking_mixin.html
angr.storage.memory_mixins.paged_memory.pages	https://docs.angr.io/en/latest/api/angr.storage.memory_mixins.paged_memory.pages.html
angr.storage.memory_mixins.paged_memory.pages.ispo_mixin	https://docs.angr.io/en/latest/api/angr.storage.memory_mixins.paged_memory.pages.ispo_mixin.html
angr.storage.memory_mixins.paged_memory.pages.list_page	https://docs.angr.io/en/latest/api/angr.storage.memory_mixins.paged_memory.pages.list_page.html
angr.storage.memory_mixins.paged_memory.pages.multi_values	https://docs.angr.io/en/latest/api/angr.storage.memory_mixins.paged_memory.pages.multi_values.html
angr.storage.memory_mixins.paged_memory.pages.mv_list_page	https://docs.angr.io/en/latest/api/angr.storage.memory_mixins.paged_memory.pages.mv_list_page.html
angr.storage.memory_mixins.paged_memory.pages.permissions_mixin	https://docs.angr.io/en/latest/api/angr.storage.memory_mixins.paged_memory.pages.permissions_mixin.html
angr.storage.memory_mixins.paged_memory.pages.refcount_mixin	https://docs.angr.io/en/latest/api/angr.storage.memory_mixins.paged_memory.pages.refcount_mixin.html
angr.storage.memory_mixins.paged_memory.pages.symbolic_bitmap	https://docs.angr.io/en/latest/api/angr.storage.memory_mixins.paged_memory.pages.symbolic_bitmap.html
angr.storage.memory_mixins.paged_memory.pages.ultra_page	https://docs.angr.io/en/latest/api/angr.storage.memory_mixins.paged_memory.pages.ultra_page.html
angr.storage.memory_mixins.paged_memory.privileged_mixin	https://docs.angr.io/en/latest/api/angr.storage.memory_mixins.paged_memory.privileged_mixin.html
angr.storage.memory_mixins.paged_memory.stack_allocation_mixin	https://docs.angr.io/en/latest/api/angr.storage.memory_mixins.paged_memory.stack_allocation_mixin.html
angr.storage.memory_mixins.regioned_memory.abstract_address_descriptor	https://docs.angr.io/en/latest/api/angr.storage.memory_mixins.regioned_memory.abstract_address_descriptor.html
angr.storage.memory_mixins.regioned_memory.abstract_merger_mixin	https://docs.angr.io/en/latest/api/angr.storage.memory_mixins.regioned_memory.abstract_merger_mixin.html
angr.storage.memory_mixins.regioned_memory	https://docs.angr.io/en/latest/api/angr.storage.memory_mixins.regioned_memory.html
angr.storage.memory_mixins.regioned_memory.region_category_mixin	https://docs.angr.io/en/latest/api/angr.storage.memory_mixins.regioned_memory.region_category_mixin.html
angr.storage.memory_mixins.regioned_memory.region_data	https://docs.angr.io/en/latest/api/angr.storage.memory_mixins.regioned_memory.region_data.html
angr.storage.memory_mixins.regioned_memory.region_meta_mixin	https://docs.angr.io/en/latest/api/angr.storage.memory_mixins.regioned_memory.region_meta_mixin.html
angr.storage.memory_mixins.regioned_memory.regioned_address_concretization_mixin	https://docs.angr.io/en/latest/api/angr.storage.memory_mixins.regioned_memory.regioned_address_concretization_mixin.html
angr.storage.memory_mixins.regioned_memory.regioned_memory_mixin	https://docs.angr.io/en/latest/api/angr.storage.memory_mixins.regioned_memory.regioned_memory_mixin.html
angr.storage.memory_mixins.regioned_memory.static_find_mixin	https://docs.angr.io/en/latest/api/angr.storage.memory_mixins.regioned_memory.static_find_mixin.html
angr.storage.memory_mixins.simple_interface_mixin	https://docs.angr.io/en/latest/api/angr.storage.memory_mixins.simple_interface_mixin.html
angr.storage.memory_mixins.simplification_mixin	https://docs.angr.io/en/latest/api/angr.storage.memory_mixins.simplification_mixin.html
angr.storage.memory_mixins.size_resolution_mixin	https://docs.angr.io/en/latest/api/angr.storage.memory_mixins.size_resolution_mixin.html
angr.storage.memory_mixins.slotted_memory	https://docs.angr.io/en/latest/api/angr.storage.memory_mixins.slotted_memory.html
angr.storage.memory_mixins.smart_find_mixin	https://docs.angr.io/en/latest/api/angr.storage.memory_mixins.smart_find_mixin.html
angr.storage.memory_mixins.symbolic_merger_mixin	https://docs.angr.io/en/latest/api/angr.storage.memory_mixins.symbolic_merger_mixin.html
angr.storage.memory_mixins.top_merger_mixin	https://docs.angr.io/en/latest/api/angr.storage.memory_mixins.top_merger_mixin.html
angr.storage.memory_mixins.underconstrained_mixin	https://docs.angr.io/en/latest/api/angr.storage.memory_mixins.underconstrained_mixin.html
angr.storage.memory_mixins.unwrapper_mixin	https://docs.angr.io/en/latest/api/angr.storage.memory_mixins.unwrapper_mixin.html
angr.storage.memory_object	https://docs.angr.io/en/latest/api/angr.storage.memory_object.html
angr.tablespecs	https://docs.angr.io/en/latest/api/angr.tablespecs.html
angr.utils.ail	https://docs.angr.io/en/latest/api/angr.utils.ail.html
angr.utils.ail_serialization	https://docs.angr.io/en/latest/api/angr.utils.ail_serialization.html
angr.utils.algo	https://docs.angr.io/en/latest/api/angr.utils.algo.html
angr.utils.balancer	https://docs.angr.io/en/latest/api/angr.utils.balancer.html
angr.utils.bits	https://docs.angr.io/en/latest/api/angr.utils.bits.html
angr.utils.constants	https://docs.angr.io/en/latest/api/angr.utils.constants.html
angr.utils.cowdict	https://docs.angr.io/en/latest/api/angr.utils.cowdict.html
angr.utils.cpp	https://docs.angr.io/en/latest/api/angr.utils.cpp.html
angr.utils.doms	https://docs.angr.io/en/latest/api/angr.utils.doms.html
angr.utils.dynamic_dictlist	https://docs.angr.io/en/latest/api/angr.utils.dynamic_dictlist.html
angr.utils.endness	https://docs.angr.io/en/latest/api/angr.utils.endness.html
angr.utils.enums_conv	https://docs.angr.io/en/latest/api/angr.utils.enums_conv.html
angr.utils.env	https://docs.angr.io/en/latest/api/angr.utils.env.html
angr.utils.formatting	https://docs.angr.io/en/latest/api/angr.utils.formatting.html
angr.utils.funcid	https://docs.angr.io/en/latest/api/angr.utils.funcid.html
angr.utils.go_runtime	https://docs.angr.io/en/latest/api/angr.utils.go_runtime.html
angr.utils.graph	https://docs.angr.io/en/latest/api/angr.utils.graph.html
angr.utils.hashing	https://docs.angr.io/en/latest/api/angr.utils.hashing.html
angr.utils	https://docs.angr.io/en/latest/api/angr.utils.html
angr.utils.ins_addr_list	https://docs.angr.io/en/latest/api/angr.utils.ins_addr_list.html
angr.utils.json_utils	https://docs.angr.io/en/latest/api/angr.utils.json_utils.html
angr.utils.lazy_import	https://docs.angr.io/en/latest/api/angr.utils.lazy_import.html
angr.utils.library	https://docs.angr.io/en/latest/api/angr.utils.library.html
angr.utils.loader	https://docs.angr.io/en/latest/api/angr.utils.loader.html
angr.utils.mp	https://docs.angr.io/en/latest/api/angr.utils.mp.html
angr.utils.orderedset	https://docs.angr.io/en/latest/api/angr.utils.orderedset.html
angr.utils.smart_cache	https://docs.angr.io/en/latest/api/angr.utils.smart_cache.html
angr.utils.ssa.combined_uses_collector	https://docs.angr.io/en/latest/api/angr.utils.ssa.combined_uses_collector.html
angr.utils.ssa	https://docs.angr.io/en/latest/api/angr.utils.ssa.html
angr.utils.ssa.tmp_uses_collector	https://docs.angr.io/en/latest/api/angr.utils.ssa.tmp_uses_collector.html
angr.utils.ssa.vvar_extra_defs_collector	https://docs.angr.io/en/latest/api/angr.utils.ssa.vvar_extra_defs_collector.html
angr.utils.ssa.vvar_uses_collector	https://docs.angr.io/en/latest/api/angr.utils.ssa.vvar_uses_collector.html
angr.utils.strings	https://docs.angr.io/en/latest/api/angr.utils.strings.html
angr.utils.tagged_interval_map	https://docs.angr.io/en/latest/api/angr.utils.tagged_interval_map.html
angr.utils.timing	https://docs.angr.io/en/latest/api/angr.utils.timing.html
angr.utils.types	https://docs.angr.io/en/latest/api/angr.utils.types.html
angr.utils.vex	https://docs.angr.io/en/latest/api/angr.utils.vex.html
angr.vaults	https://docs.angr.io/en/latest/api/angr.vaults.html
Changelog	https://docs.angr.io/en/latest/appendix/changelog.html
Cheatsheet	https://docs.angr.io/en/latest/appendix/cheatsheet.html
Appendix	https://docs.angr.io/en/latest/appendix/index.html
Migrating to angr 7	https://docs.angr.io/en/latest/appendix/migration-7.html
Migrating to angr 8	https://docs.angr.io/en/latest/appendix/migration-8.html
Migrating to angr 9.1	https://docs.angr.io/en/latest/appendix/migration-9.1.html
CTF Challenge Examples	https://docs.angr.io/en/latest/appendix/more-examples.html
List of Claripy Operations	https://docs.angr.io/en/latest/appendix/ops.html
List of State Options	https://docs.angr.io/en/latest/appendix/options.html
Analyses	https://docs.angr.io/en/latest/core-concepts/analyses.html
A final word of advice	https://docs.angr.io/en/latest/core-concepts/be_creative.html
Core Concepts	https://docs.angr.io/en/latest/core-concepts/index.html
Loading a Binary	https://docs.angr.io/en/latest/core-concepts/loading.html
Simulation Managers	https://docs.angr.io/en/latest/core-concepts/pathgroups.html
Simulation and Instrumentation	https://docs.angr.io/en/latest/core-concepts/simulation.html
Symbolic Expressions and Constraint Solving	https://docs.angr.io/en/latest/core-concepts/solver.html
Machine State - memory, registers, and so on	https://docs.angr.io/en/latest/core-concepts/states.html
Symbolic Execution	https://docs.angr.io/en/latest/core-concepts/symbolic.html
Core Concepts	https://docs.angr.io/en/latest/core-concepts/toplevel.html
angr examples	https://docs.angr.io/en/latest/examples.html
Writing Analyses	https://docs.angr.io/en/latest/extending-angr/analysis_writing.html
Extending the Environment Model	https://docs.angr.io/en/latest/extending-angr/environment.html
Extending angr	https://docs.angr.io/en/latest/extending-angr/index.html
Hooks and SimProcedures	https://docs.angr.io/en/latest/extending-angr/simprocedures.html
State Plugins	https://docs.angr.io/en/latest/extending-angr/state_plugins.html
Frequently Asked Questions	https://docs.angr.io/en/latest/faq.html
Index	https://docs.angr.io/en/latest/genindex.html
Reporting Bugs	https://docs.angr.io/en/latest/getting-started/developing.html
Help Wanted	https://docs.angr.io/en/latest/getting-started/helpwanted.html
Getting Started	https://docs.angr.io/en/latest/getting-started/index.html
Installing angr	https://docs.angr.io/en/latest/getting-started/installing.html
Welcome to angr’s documentation!	https://docs.angr.io/en/latest/index.html
Python Module Index	https://docs.angr.io/en/latest/py-modindex.html
Introduction	https://docs.angr.io/en/latest/quickstart.html
search	https://docs.angr.io/en/latest/search.html
